0;3;5
1;3;5
2;3;5
3;3;5
4;3;5
5;3;5
6;3;5
7;3;5
8;3;5
9;3;5
10;3;5
11;3;5
12;3;5
13;3;5
14;3;5
15;3;5
16;3;5
17;3;5
18;3;5
19;3;5
20;3;5
21;3;5
22;3;5
23;3;5
24;3;5
25;3;5
26;3;5
27;3;5
28;3;5
29;3;5
30;3;5
31;3;5
32;3;5
33;3;5
34;3;5
35;3;5
36;3;5
37;3;5
38;3;5
39;3;5
40;3;5
41;3;5
42;3;5
43;3;5
44;3;5
45;3;5
46;3;5
47;3;5
48;3;5
49;3;5
50;3;5
51;3;5
52;3;5
53;3;5
54;3;5
55;3;5
56;3;5
57;3;5
58;3;5
59;3;5
60;3;5
61;3;5
62;3;5
63;3;5
64;3;5
65;3;5
66;3;5
67;3;5
68;3;5
69;3;5
70;3;5
71;3;5
72;3;5
73;3;5
74;3;5
75;3;5
76;3;5
77;3;5
78;3;5
79;3;5
80;3;5
81;3;5
82;3;5
83;3;5
84;3;5
85;3;5
86;3;5
87;3;5
88;3;5
89;3;5
90;3;5
91;3;5
92;3;5
93;3;5
94;3;5
95;3;5
96;3;5
97;3;5
98;3;5
99;3;5
100;3;5
101;3;5
102;3;5
103;3;5
104;3;5
105;3;5
106;3;5
107;3;5
108;3;5
109;3;5
110;3;5
111;3;5
112;3;5
113;3;5
114;3;5
115;3;5
116;3;5
117;3;5
118;3;5
119;3;5
120;3;5
121;3;5
122;3;5
123;3;5
124;3;5
125;3;5
126;3;5
127;3;5
128;3;5
129;3;5
130;3;5
131;3;5
132;3;5
133;3;5
134;3;5
135;3;5
136;3;5
137;3;5
138;3;5
139;3;5
140;3;5
141;3;5
142;3;5
143;3;5
144;3;5
145;3;5
146;3;5
147;3;5
148;3;5
149;3;5
150;3;5
151;3;5
152;3;5
153;3;5
154;3;5
155;3;5
156;3;5
157;3;5
158;3;5
159;3;5
160;3;5
161;3;5
162;3;5
163;3;5
164;3;5
165;3;5
166;3;5
167;3;5
168;3;5
169;3;5
170;3;5
171;3;5
172;3;5
173;3;5
174;3;5
175;3;5
176;3;5
177;3;5
178;3;5
179;3;5
180;3;5
181;3;5
182;3;5
183;3;5
184;3;5
185;3;5
186;3;5
187;3;5
188;3;5
189;3;5
190;3;5
191;3;5
192;3;5
193;3;5
194;3;5
195;3;5
196;3;5
197;3;5
198;3;5
199;3;5
200;3;5
201;3;5
202;3;5
203;3;5
204;3;5
205;3;5
206;3;5
207;3;5
208;3;5
209;3;5
210;3;5
211;3;5
212;3;5
213;3;5
214;3;5
215;3;5
216;3;5
217;3;5
218;3;5
219;3;5
220;3;5
221;3;5
222;3;5
223;3;5
224;3;5
225;3;5
226;3;5
227;3;5
228;3;5
229;3;5
230;3;5
231;3;5
232;3;5
233;3;5
234;3;5
235;3;5
236;3;5
237;3;5
238;3;5
239;3;5
240;3;5
241;3;5
242;3;5
243;3;5
244;3;5
245;3;5
246;3;5
247;3;5
248;3;5
249;3;5
250;3;5
251;3;5
252;3;5
253;3;5
254;3;5
255;3;5
256;3;5
257;3;5
258;3;5
259;3;5
260;3;5
261;3;5
262;3;5
263;3;5
264;3;5
265;3;5
266;3;5
267;3;5
268;3;5
269;3;5
270;3;5
271;3;5
272;3;5
273;3;5
274;3;5
275;3;5
276;3;5
277;3;5
278;3;5
279;3;5
280;3;5
281;3;5
282;3;5
283;3;5
284;3;5
285;3;5
286;3;5
287;3;5
288;3;5
289;3;5
290;3;5
291;3;5
292;3;5
293;3;5
294;3;5
295;3;5
296;3;5
297;3;5
298;3;5
299;3;5
300;3;5
301;3;5
302;3;5
303;3;5
304;3;5
305;3;5
306;3;5
307;3;5
308;3;5
309;3;5
310;3;5
311;3;5
312;3;5
313;3;5
314;3;5
315;3;5
316;3;5
317;3;5
318;3;5
319;3;5
320;3;5
321;3;5
322;3;5
323;3;5
324;3;5
325;3;5
326;3;5
327;3;5
328;3;5
329;3;5
330;3;5
331;3;5
332;3;5
333;3;5
334;3;5
335;3;5
336;3;5
337;3;5
338;3;5
339;3;5
340;3;5
341;3;5
342;3;5
343;3;5
344;3;5
345;3;5
346;3;5
347;3;5
348;3;5
349;3;5
350;3;5
351;3;5
352;3;5
353;3;5
354;3;5
355;3;5
356;3;5
357;3;5
358;3;5
359;3;5
360;3;5
361;3;5
362;3;5
363;3;5
364;3;5
365;3;5
366;3;5
367;3;5
368;3;5
369;3;5
370;3;5
371;3;5
372;3;5
373;3;5
374;3;5
375;3;5
376;3;5
377;3;5
378;3;5
379;3;5
380;3;5
381;3;5
382;3;5
383;3;5
384;3;5
385;3;5
386;3;5
387;3;5
388;3;5
389;3;5
390;3;5
391;3;5
392;3;5
393;3;5
394;3;5
395;3;5
396;3;5
397;3;5
398;3;5
399;3;5
400;3;5
401;3;5
402;3;5
403;3;5
404;3;5
405;3;5
406;3;5
407;3;5
408;3;5
409;3;5
410;3;5
411;3;5
412;3;5
413;3;5
414;3;5
415;3;5
416;3;5
417;3;5
418;3;5
419;3;5
420;3;5
421;3;5
422;3;5
423;3;5
424;3;5
425;3;5
426;3;5
427;3;5
428;3;5
429;3;5
430;3;5
431;3;5
432;3;5
433;3;5
434;3;5
435;3;5
436;3;5
437;3;5
438;3;5
439;3;5
440;3;5
441;3;5
442;3;5
443;3;5
444;3;5
445;3;5
446;3;5
447;3;5
448;3;5
449;3;5
450;3;5
451;3;5
452;3;5
453;3;5
454;3;5
455;3;5
456;3;5
457;3;5
458;3;5
459;3;5
460;3;5
461;3;5
462;3;5
463;3;5
464;3;5
465;3;5
466;3;5
467;3;5
468;3;5
469;3;5
470;3;5
471;3;5
472;3;5
473;3;5
474;3;5
475;3;5
476;3;5
477;3;5
478;3;5
479;3;5
480;3;5
481;3;5
482;3;5
483;3;5
484;3;5
485;3;5
486;3;5
487;3;5
488;3;5
489;3;5
490;3;5
491;3;5
492;3;5
493;3;5
494;3;5
495;3;5
496;3;5
497;3;5
498;3;5
499;3;5
500;3;5
501;3;5
502;3;5
503;3;5
504;3;5
505;3;5
506;3;5
507;3;5
508;3;5
509;3;5
510;3;5
511;3;5
512;3;5
513;3;5
514;3;5
515;3;5
516;3;5
517;3;5
518;3;5
519;3;5
520;3;5
521;3;5
522;3;5
523;3;5
524;3;5
525;3;5
526;3;5
527;3;5
528;3;5
529;3;5
530;3;5
531;3;5
532;3;5
533;3;5
534;3;5
535;3;5
536;3;5
537;3;5
538;3;5
539;3;5
540;3;5
541;3;5
542;3;5
543;3;5
544;3;5
545;3;5
546;3;5
547;3;5
548;3;5
549;3;5
550;3;5
551;3;5
552;3;5
553;3;5
554;3;5
555;3;5
556;3;5
557;3;5
558;3;5
559;3;5
560;3;5
561;3;5
562;3;5
563;3;5
564;3;5
565;3;5
566;3;5
567;3;5
568;3;5
569;3;5
570;3;5
571;3;5
572;3;5
573;3;5
574;3;5
575;3;5
576;3;5
577;3;5
578;3;5
579;3;5
580;3;5
581;3;5
582;3;5
583;3;5
584;3;5
585;3;5
586;3;5
587;3;5
588;3;5
589;3;5
590;3;5
591;3;5
592;3;5
593;3;5
594;3;5
595;3;5
596;3;5
597;3;5
598;3;5
599;3;5
600;3;5
601;3;5
602;3;5
603;3;5
604;3;5
605;3;5
606;3;5
607;3;5
608;3;5
609;3;5
610;3;5
611;3;5
612;3;5
613;3;5
614;3;5
615;3;5
616;3;5
617;3;5
618;3;5
619;3;5
620;3;5
621;3;5
622;3;5
623;3;5
624;3;5
625;3;5
626;3;5
627;3;5
628;3;5
629;3;5
630;3;5
631;3;5
632;3;5
633;3;5
634;3;5
635;3;5
636;3;5
637;3;5
638;3;5
639;3;5
640;3;5
641;3;5
642;3;5
643;3;5
644;3;5
645;3;5
646;3;5
647;3;5
648;3;5
649;3;5
650;3;5
651;3;5
652;3;5
653;3;5
654;3;5
655;3;5
656;3;5
657;3;5
658;3;5
659;3;5
660;3;5
661;3;5
662;3;5
663;3;5
664;3;5
665;3;5
666;3;5
667;3;5
668;3;5
669;3;5
670;3;5
671;3;5
672;3;5
673;3;5
674;3;5
675;3;5
676;3;5
677;3;5
678;3;5
679;3;5
680;3;5
681;3;5
682;3;5
683;3;5
684;3;5
685;3;5
686;3;5
687;3;5
688;3;5
689;3;5
690;3;5
691;3;5
692;3;5
693;3;5
694;3;5
695;3;5
696;3;5
697;3;5
698;3;5
699;3;5
700;3;5
701;3;5
702;3;5
703;3;5
704;3;5
705;3;5
706;3;5
707;3;5
708;3;5
709;3;5
710;3;5
711;3;5
712;3;5
713;3;5
714;3;5
715;3;5
716;3;5
717;3;5
718;3;5
719;3;5
720;3;5
721;3;5
722;3;5
723;3;5
724;3;5
725;3;5
726;3;5
727;3;5
728;3;5
729;3;5
730;3;5
731;3;5
732;3;5
733;3;5
734;3;5
735;3;5
736;3;5
737;3;5
738;3;5
739;3;5
740;3;5
741;3;5
742;3;5
743;3;5
744;3;5
745;3;5
746;3;5
747;3;5
748;3;5
749;3;5
750;3;5
751;3;5
752;3;5
753;3;5
754;3;5
755;3;5
756;3;5
757;3;5
758;3;5
759;3;5
760;3;5
761;3;5
762;3;5
763;3;5
764;3;5
765;3;5
766;3;5
767;3;5
768;3;5
769;3;5
770;3;5
771;3;5
772;3;5
773;3;5
774;3;5
775;3;5
776;3;5
777;3;5
778;3;5
779;3;5
780;3;5
781;3;5
782;3;5
783;3;5
784;3;5
785;3;5
786;3;5
787;3;5
788;3;5
789;3;5
790;3;5
791;3;5
792;3;5
793;3;5
794;3;5
795;3;5
796;3;5
797;3;5
798;3;5
799;3;5
800;3;5
801;3;5
802;3;5
803;3;5
804;3;5
805;3;5
806;3;5
807;3;5
808;3;5
809;3;5
810;3;5
811;3;5
812;3;5
813;3;5
814;3;5
815;3;5
816;3;5
817;3;5
818;3;5
819;3;5
820;3;5
821;3;5
822;3;5
823;3;5
824;3;5
825;3;5
826;3;5
827;3;5
828;3;5
829;3;5
830;3;5
831;3;5
832;3;5
833;3;5
834;3;5
835;3;5
836;3;5
837;3;5
838;3;5
839;3;5
840;3;5
841;3;5
842;3;5
843;3;5
844;3;5
845;3;5
846;3;5
847;3;5
848;3;5
849;3;5
850;3;5
851;3;5
852;3;5
853;3;5
854;3;5
855;3;5
856;3;5
857;3;5
858;3;5
859;3;5
860;3;5
861;3;5
862;3;5
863;3;5
864;3;5
865;3;5
866;3;5
867;3;5
868;3;5
869;3;5
870;3;5
871;3;5
872;3;5
873;3;5
874;3;5
875;3;5
876;3;5
877;3;5
878;3;5
879;3;5
880;3;5
881;3;5
882;3;5
883;3;5
884;3;5
885;3;5
886;3;5
887;3;5
888;3;5
889;3;5
890;3;5
891;3;5
892;3;5
893;3;5
894;3;5
895;3;5
896;3;5
897;3;5
898;3;5
899;3;5
900;3;5
901;3;5
902;3;5
903;3;5
904;3;5
905;3;5
906;3;5
907;3;5
908;3;5
909;3;5
910;3;5
911;3;5
912;3;5
913;3;5
914;3;5
915;3;5
916;3;5
917;3;5
918;3;5
919;3;5
920;3;5
921;3;5
922;3;5
923;3;5
924;3;5
925;3;5
926;3;5
927;3;5
928;3;5
929;3;5
930;3;5
931;3;5
932;3;5
933;3;5
934;3;5
935;3;5
936;3;5
937;3;5
938;3;5
939;3;5
940;3;5
941;3;5
942;3;5
943;3;5
944;3;5
945;3;5
946;3;5
947;3;5
948;3;5
949;3;5
950;3;5
951;3;5
952;3;5
953;3;5
954;3;5
955;3;5
956;3;5
957;3;5
958;3;5
959;3;5
960;3;5
961;3;5
962;3;5
963;3;5
964;3;5
965;3;5
966;3;5
967;3;5
968;3;5
969;3;5
970;3;5
971;3;5
972;3;5
973;3;5
974;3;5
975;3;5
976;3;5
977;3;5
978;3;5
979;3;5
980;3;5
981;3;5
982;3;5
983;3;5
984;3;5
985;3;5
986;3;5
987;3;5
988;3;5
989;3;5
990;3;5
991;3;5
992;3;5
993;3;5
994;3;5
995;3;5
996;3;5
997;3;5
998;3;5
999;3;5
1000;3;5
1001;3;5
1002;3;5
1003;3;5
1004;3;5
1005;3;5
1006;3;5
1007;3;5
1008;3;5
1009;3;5
1010;3;5
1011;3;5
1012;3;5
1013;3;5
1014;3;5
1015;3;5
1016;3;5
1017;3;5
1018;3;5
1019;3;5
1020;3;5
1021;3;5
1022;3;5
1023;3;5
1024;3;5
1025;3;5
1026;3;5
1027;3;5
1028;3;5
1029;3;5
1030;3;5
1031;3;5
1032;3;5
1033;3;5
1034;3;5
1035;3;5
1036;3;5
1037;3;5
1038;3;5
1039;3;5
1040;3;5
1041;3;5
1042;3;5
1043;3;5
1044;3;5
1045;3;5
1046;3;5
1047;3;5
1048;3;5
1049;3;5
1050;3;5
1051;3;5
1052;3;5
1053;3;5
1054;3;5
1055;3;5
1056;3;5
1057;3;5
1058;3;5
1059;3;5
1060;3;5
1061;3;5
1062;3;5
1063;3;5
1064;3;5
1065;3;5
1066;3;5
1067;3;5
1068;3;5
1069;3;5
1070;3;5
1071;3;5
1072;3;5
1073;3;5
1074;3;5
1075;3;5
1076;3;5
1077;3;5
1078;3;5
1079;3;5
1080;3;5
1081;3;5
1082;3;5
1083;3;5
1084;3;5
1085;3;5
1086;3;5
1087;3;5
1088;3;5
1089;3;5
1090;3;5
1091;3;5
1092;3;5
1093;3;5
1094;3;5
1095;3;5
1096;3;5
1097;3;5
1098;3;5
1099;3;5
1100;3;5
1101;3;5
1102;3;5
1103;3;5
1104;3;5
1105;3;5
1106;3;5
1107;3;5
1108;3;5
1109;3;5
1110;3;5
1111;3;5
1112;3;5
1113;3;5
1114;3;5
1115;3;5
1116;3;5
1117;3;5
1118;3;5
1119;3;5
1120;3;5
1121;3;5
1122;3;5
1123;3;5
1124;3;5
1125;3;5
1126;3;5
1127;3;5
1128;3;5
1129;3;5
1130;3;5
1131;3;5
1132;3;5
1133;3;5
1134;3;5
1135;3;5
1136;3;5
1137;3;5
1138;3;5
1139;3;5
1140;3;5
1141;3;5
1142;3;5
1143;3;5
1144;3;5
1145;3;5
1146;3;5
1147;3;5
1148;3;5
1149;3;5
1150;3;5
1151;3;5
1152;3;5
1153;3;5
1154;3;5
1155;3;5
1156;3;5
1157;3;5
1158;3;5
1159;3;5
1160;3;5
1161;3;5
1162;3;5
1163;3;5
1164;3;5
1165;3;5
1166;3;5
1167;3;5
1168;3;5
1169;3;5
1170;3;5
1171;3;5
1172;3;5
1173;3;5
1174;3;5
1175;3;5
1176;3;5
1177;3;5
1178;3;5
1179;3;5
1180;3;5
1181;3;5
1182;3;5
1183;3;5
1184;3;5
1185;3;5
1186;3;5
1187;3;5
1188;3;5
1189;3;5
1190;3;5
1191;3;5
1192;3;5
1193;3;5
1194;3;5
1195;3;5
1196;3;5
1197;3;5
1198;3;5
1199;3;5
1200;3;5
1201;3;5
1202;3;5
1203;3;5
1204;3;5
1205;3;5
1206;3;5
1207;3;5
1208;3;5
1209;3;5
1210;3;5
1211;3;5
1212;3;5
1213;3;5
1214;3;5
1215;3;5
1216;3;5
1217;3;5
1218;3;5
1219;3;5
1220;3;5
1221;3;5
1222;3;5
1223;3;5
1224;3;5
1225;3;5
1226;3;5
1227;3;5
1228;3;5
1229;3;5
1230;3;5
1231;3;5
1232;3;5
1233;3;5
1234;3;5
1235;3;5
1236;3;5
1237;3;5
1238;3;5
1239;3;5
1240;3;5
1241;3;5
1242;3;5
1243;3;5
1244;3;5
1245;3;5
1246;3;5
1247;3;5
1248;3;5
1249;3;5
1250;3;5
1251;3;5
1252;3;5
1253;3;5
1254;3;5
1255;3;5
1256;3;5
1257;3;5
1258;3;5
1259;3;5
1260;3;5
1261;3;5
1262;3;5
1263;3;5
1264;3;5
1265;3;5
1266;3;5
1267;3;5
1268;3;5
1269;3;5
1270;3;5
1271;3;5
1272;3;5
1273;3;5
1274;3;5
1275;3;5
1276;3;5
1277;3;5
1278;3;5
1279;3;5
1280;3;5
1281;3;5
1282;3;5
1283;3;5
1284;3;5
1285;3;5
1286;3;5
1287;3;5
1288;3;5
1289;3;5
1290;3;5
1291;3;5
1292;3;5
1293;3;5
1294;3;5
1295;3;5
1296;3;5
1297;3;5
1298;3;5
1299;3;5
1300;3;5
1301;3;5
1302;3;5
1303;3;5
1304;3;5
1305;3;5
1306;3;5
1307;3;5
1308;3;5
1309;3;5
1310;3;5
1311;3;5
1312;3;5
1313;3;5
1314;3;5
1315;3;5
1316;3;5
1317;3;5
1318;3;5
1319;3;5
1320;3;5
1321;3;5
1322;3;5
1323;3;5
1324;3;5
1325;3;5
1326;3;5
1327;3;5
1328;3;5
1329;3;5
1330;3;5
1331;3;5
1332;3;5
1333;3;5
1334;3;5
1335;3;5
1336;3;5
1337;3;5
1338;3;5
1339;3;5
1340;3;5
1341;3;5
1342;3;5
1343;3;5
1344;3;5
1345;3;5
1346;3;5
1347;3;5
1348;3;5
1349;3;5
1350;3;5
1351;3;5
1352;3;5
1353;3;5
1354;3;5
1355;3;5
1356;3;5
1357;3;5
1358;3;5
1359;3;5
1360;3;5
1361;3;5
1362;3;5
1363;3;5
1364;3;5
1365;3;5
1366;3;5
1367;3;5
1368;3;5
1369;3;5
1370;3;5
1371;3;5
1372;3;5
1373;3;5
1374;3;5
1375;3;5
1376;3;5
1377;3;5
1378;3;5
1379;3;5
1380;3;5
1381;3;5
1382;3;5
1383;3;5
1384;3;5
1385;3;5
1386;3;5
1387;3;5
1388;3;5
1389;3;5
1390;3;5
1391;3;5
1392;3;5
1393;3;5
1394;3;5
1395;3;5
1396;3;5
1397;3;5
1398;3;5
1399;3;5
1400;3;5
1401;3;5
1402;3;5
1403;3;5
1404;3;5
1405;3;5
1406;3;5
1407;3;5
1408;3;5
1409;3;5
1410;3;5
1411;3;5
1412;3;5
1413;3;5
1414;3;5
1415;3;5
1416;3;5
1417;3;5
1418;3;5
1419;3;5
1420;3;5
1421;3;5
1422;3;5
1423;3;5
1424;3;5
1425;3;5
1426;3;5
1427;3;5
1428;3;5
1429;3;5
1430;3;5
1431;3;5
1432;3;5
1433;3;5
1434;3;5
1435;3;5
1436;3;5
1437;3;5
1438;3;5
1439;3;5
1440;3;5
1441;3;5
1442;3;5
1443;3;5
1444;3;5
1445;3;5
1446;3;5
1447;3;5
1448;3;5
1449;3;5
1450;3;5
1451;3;5
1452;3;5
1453;3;5
1454;3;5
1455;3;5
1456;3;5
1457;3;5
1458;3;5
1459;3;5
1460;3;5
1461;3;5
1462;3;5
1463;3;5
1464;3;5
1465;3;5
1466;3;5
1467;3;5
1468;3;5
1469;3;5
1470;3;5
1471;3;5
1472;3;5
1473;3;5
1474;3;5
1475;3;5
1476;3;5
1477;3;5
1478;3;5
1479;3;5
1480;3;5
1481;3;5
1482;3;5
1483;3;5
1484;3;5
1485;3;5
1486;3;5
1487;3;5
1488;3;5
1489;3;5
1490;3;5
1491;3;5
1492;3;5
1493;3;5
1494;3;5
1495;3;5
1496;3;5
1497;3;5
1498;3;5
1499;3;5
1500;3;5
1501;3;5
1502;3;5
1503;3;5
1504;3;5
1505;3;5
1506;3;5
1507;3;5
1508;3;5
1509;3;5
1510;3;5
1511;3;5
1512;3;5
1513;3;5
1514;3;5
1515;3;5
1516;3;5
1517;3;5
1518;3;5
1519;3;5
1520;3;5
1521;3;5
1522;3;5
1523;3;5
1524;3;5
1525;3;5
1526;3;5
1527;3;5
1528;3;5
1529;3;5
1530;3;5
1531;3;5
1532;3;5
1533;3;5
1534;3;5
1535;3;5
1536;3;5
1537;3;5
1538;3;5
1539;3;5
1540;3;5
1541;3;5
1542;3;5
1543;3;5
1544;3;5
1545;3;5
1546;3;5
1547;3;5
1548;3;5
1549;3;5
1550;3;5
1551;3;5
1552;3;5
1553;3;5
1554;3;5
1555;3;5
1556;3;5
1557;3;5
1558;3;5
1559;3;5
1560;3;5
1561;3;5
1562;3;5
1563;3;5
1564;3;5
1565;3;5
1566;3;5
1567;3;5
1568;3;5
1569;3;5
1570;3;5
1571;3;5
1572;3;5
1573;3;5
1574;3;5
1575;3;5
1576;3;5
1577;3;5
1578;3;5
1579;3;5
1580;3;5
1581;3;5
1582;3;5
1583;3;5
1584;3;5
1585;3;5
1586;3;5
1587;3;5
1588;3;5
1589;3;5
1590;3;5
1591;3;5
1592;3;5
1593;3;5
1594;3;5
1595;3;5
1596;3;5
1597;3;5
1598;3;5
1599;3;5
1600;3;5
1601;3;5
1602;3;5
1603;3;5
1604;3;5
1605;3;5
1606;3;5
1607;3;5
1608;3;5
1609;3;5
1610;3;5
1611;3;5
1612;3;5
1613;3;5
1614;3;5
1615;3;5
1616;3;5
1617;3;5
1618;3;5
1619;3;5
1620;3;5
1621;3;5
1622;3;5
1623;3;5
1624;3;5
1625;3;5
1626;3;5
1627;3;5
1628;3;5
1629;3;5
1630;3;5
1631;3;5
1632;3;5
1633;3;5
1634;3;5
1635;3;5
1636;3;5
1637;3;5
1638;3;5
1639;3;5
1640;3;5
1641;3;5
1642;3;5
1643;3;5
1644;3;5
1645;3;5
1646;3;5
1647;3;5
1648;3;5
1649;3;5
1650;3;5
1651;3;5
1652;3;5
1653;3;5
1654;3;5
1655;3;5
1656;3;5
1657;3;5
1658;3;5
1659;3;5
1660;3;5
1661;3;5
1662;3;5
1663;3;5
1664;3;5
1665;3;5
1666;3;5
1667;3;5
1668;3;5
1669;3;5
1670;3;5
1671;3;5
1672;3;5
1673;3;5
1674;3;5
1675;3;5
1676;3;5
1677;3;5
1678;3;5
1679;3;5
1680;3;5
1681;3;5
1682;3;5
1683;3;5
1684;3;5
1685;3;5
1686;3;5
1687;3;5
1688;3;5
1689;3;5
1690;3;5
1691;3;5
1692;3;5
1693;3;5
1694;3;5
1695;3;5
1696;3;5
1697;3;5
1698;3;5
1699;3;5
1700;3;5
1701;3;5
1702;3;5
1703;3;5
1704;3;5
1705;3;5
1706;3;5
1707;3;5
1708;3;5
1709;3;5
1710;3;5
1711;3;5
1712;3;5
1713;3;5
1714;3;5
1715;3;5
1716;3;5
1717;3;5
1718;3;5
1719;3;5
1720;3;5
1721;3;5
1722;3;5
1723;3;5
1724;3;5
1725;3;5
1726;3;5
1727;3;5
1728;3;5
1729;3;5
1730;3;5
1731;3;5
1732;3;5
1733;3;5
1734;3;5
1735;3;5
1736;3;5
1737;3;5
1738;3;5
1739;3;5
1740;3;5
1741;3;5
1742;3;5
1743;3;5
1744;3;5
1745;3;5
1746;3;5
1747;3;5
1748;3;5
1749;3;5
1750;3;5
1751;3;5
1752;3;5
1753;3;5
1754;3;5
1755;3;5
1756;3;5
1757;3;5
1758;3;5
1759;3;5
1760;3;5
1761;3;5
1762;3;5
1763;3;5
1764;3;5
1765;3;5
1766;3;5
1767;3;5
1768;3;5
1769;3;5
1770;3;5
1771;3;5
1772;3;5
1773;3;5
1774;3;5
1775;3;5
1776;3;5
1777;3;5
1778;3;5
1779;3;5
1780;3;5
1781;3;5
1782;3;5
1783;3;5
1784;3;5
1785;3;5
1786;3;5
1787;3;5
1788;3;5
1789;3;5
1790;3;5
1791;3;5
1792;3;5
1793;3;5
1794;3;5
1795;3;5
1796;3;5
1797;3;5
1798;3;5
1799;3;5
1800;3;5
1801;3;5
1802;3;5
1803;3;5
1804;3;5
1805;3;5
1806;3;5
1807;3;5
1808;3;5
1809;3;5
1810;3;5
1811;3;5
1812;3;5
1813;3;5
1814;3;5
1815;3;5
1816;3;5
1817;3;5
1818;3;5
1819;3;5
1820;3;5
1821;3;5
1822;3;5
1823;3;5
1824;3;5
1825;3;5
1826;3;5
1827;3;5
1828;3;5
1829;3;5
1830;3;5
1831;3;5
1832;3;5
1833;3;5
1834;3;5
1835;3;5
1836;3;5
1837;3;5
1838;3;5
1839;3;5
1840;3;5
1841;3;5
1842;3;5
1843;3;5
1844;3;5
1845;3;5
1846;3;5
1847;3;5
1848;3;5
1849;3;5
1850;3;5
1851;3;5
1852;3;5
1853;3;5
1854;3;5
1855;3;5
1856;3;5
1857;3;5
1858;3;5
1859;3;5
1860;3;5
1861;3;5
1862;3;5
1863;3;5
1864;3;5
1865;3;5
1866;3;5
1867;3;5
1868;3;5
1869;3;5
1870;3;5
1871;3;5
1872;3;5
1873;3;5
1874;3;5
1875;3;5
1876;3;5
1877;3;5
1878;3;5
1879;3;5
1880;3;5
1881;3;5
1882;3;5
1883;3;5
1884;3;5
1885;3;5
1886;3;5
1887;3;5
1888;3;5
1889;3;5
1890;3;5
1891;3;5
1892;3;5
1893;3;5
1894;3;5
1895;3;5
1896;3;5
1897;3;5
1898;3;5
1899;2;3
1900;2;3
1901;2;3
1902;2;1
1903;2;1
1904;2;3
1905;2;2
1906;2;4
1907;2;4
1908;2;3
1909;2;3
1910;2;4
1911;2;1
1912;2;4
1913;2;4
1914;2;1
1915;2;3
1916;2;3
1917;2;3
1918;2;1
1919;2;1
1920;2;2
1921;2;1
1922;2;1
1923;2;1
1924;2;1
1925;2;2
1926;2;3
1927;2;2
1928;2;3
1929;2;1
1930;2;1
1931;2;2
1932;2;4
1933;2;1
1934;2;3
1935;2;3
1936;2;1
1937;2;1
1938;2;1
1939;2;1
1940;2;3
1941;2;1
1942;2;3
1943;2;2
1944;2;3
1945;2;3
1946;2;2
1947;2;1
1948;2;3
1949;2;3
1950;2;3
1951;2;1
1952;2;1
1953;2;3
1954;2;2
1955;2;1
1956;2;1
1957;2;1
1958;2;3
1959;2;1
1960;2;4
1961;2;1
1962;2;3
1963;2;1
1964;2;3
1965;2;4
1966;2;1
1967;2;3
1968;2;2
1969;2;1
1970;2;1
1971;2;1
1972;2;3
1973;2;2
1974;2;1
1975;2;1
1976;2;1
1977;2;1
1978;2;1
1979;2;1
1980;2;1
1981;2;1
1982;2;1
1983;2;1
1984;2;3
1985;2;3
1986;2;3
1987;2;2
1988;2;3
1989;2;1
1990;2;3
1991;2;1
1992;2;1
1993;2;1
1994;2;1
1995;2;2
1996;2;3
1997;2;1
1998;2;2
1999;2;2
2000;2;4
2001;2;1
2002;2;2
2003;2;3
2004;2;3
2005;2;1
2006;2;3
2007;2;3
2008;2;2
2009;2;3
2010;2;3
2011;2;1
2012;2;1
2013;2;2
2014;2;1
2015;2;3
2016;2;1
2017;2;1
2018;2;1
2019;2;2
2020;2;3
2021;2;1
2022;2;2
2023;2;3
2024;2;2
2025;2;3
2026;2;4
2027;2;2
2028;2;2
2029;2;1
2030;2;4
2031;2;2
2032;2;3
2033;2;3
2034;2;3
2035;2;2
2036;2;1
2037;2;1
2038;2;1
2039;2;3
2040;2;3
2041;2;2
2042;2;3
2043;2;3
2044;2;1
2045;2;3
2046;2;3
2047;2;1
2048;2;3
2049;2;1
2050;2;2
2051;2;1
2052;2;4
2053;2;4
2054;2;1
2055;2;3
2056;2;4
2057;2;2
2058;2;1
2059;2;3
2060;2;1
2061;2;1
2062;2;3
2063;2;1
2064;2;1
2065;2;3
2066;2;3
2067;2;3
2068;2;1
2069;2;3
2070;2;1
2071;2;1
2072;2;4
2073;2;3
2074;2;3
2075;2;1
2076;2;4
2077;2;1
2078;2;3
2079;2;2
2080;2;3
2081;2;2
2082;2;1
2083;2;1
2084;2;4
2085;2;1
2086;2;4
2087;2;1
2088;2;1
2089;2;2
2090;2;4
2091;2;3
2092;2;3
2093;2;3
2094;2;2
2095;2;3
2096;2;3
2097;2;1
2098;2;2
2099;2;3
2100;2;3
2101;2;1
2102;2;1
2103;2;1
2104;2;2
2105;2;1
2106;2;2
2107;2;4
2108;2;2
2109;2;1
2110;2;2
2111;2;1
2112;2;4
2113;2;3
2114;2;3
2115;2;3
2116;2;1
2117;2;2
2118;2;3
2119;2;1
2120;2;1
2121;2;4
2122;2;3
2123;2;1
2124;2;3
2125;2;3
2126;2;2
2127;2;4
2128;2;3
2129;2;3
2130;2;3
2131;2;1
2132;2;1
2133;2;3
2134;2;1
2135;2;3
2136;2;4
2137;2;1
2138;2;1
2139;2;1
2140;2;4
2141;2;1
2142;2;1
2143;2;1
2144;2;3
2145;2;2
2146;2;1
2147;2;3
2148;2;1
2149;2;3
2150;2;4
2151;2;3
2152;2;1
2153;2;1
2154;2;3
2155;2;3
2156;2;1
2157;2;1
2158;2;3
2159;2;1
2160;2;2
2161;2;1
2162;2;3
2163;2;3
2164;2;4
2165;2;1
2166;2;1
2167;2;4
2168;2;3
2169;2;4
2170;2;2
2171;2;3
2172;2;3
2173;2;4
2174;2;3
2175;2;1
2176;2;2
2177;2;2
2178;2;1
2179;2;1
2180;2;4
2181;2;1
2182;2;3
2183;2;2
2184;2;2
2185;2;3
2186;2;1
2187;2;1
2188;2;2
2189;2;4
2190;2;4
2191;2;4
2192;2;3
2193;2;1
2194;2;1
2195;2;1
2196;2;3
2197;2;1
2198;2;1
2199;2;1
2200;2;3
2201;2;1
2202;2;4
2203;2;4
2204;2;1
2205;2;3
2206;2;3
2207;2;1
2208;2;3
2209;2;1
2210;2;3
2211;2;4
2212;2;1
2213;2;1
2214;2;2
2215;2;1
2216;2;1
2217;2;4
2218;2;3
2219;2;3
2220;2;1
2221;2;4
2222;2;3
2223;2;3
2224;2;1
2225;2;2
2226;2;4
2227;2;4
2228;2;4
2229;2;2
2230;2;4
2231;2;1
2232;2;1
2233;2;4
2234;2;3
2235;2;3
2236;2;3
2237;2;1
2238;2;1
2239;2;1
2240;2;4
2241;2;3
2242;2;1
2243;2;1
2244;2;1
2245;2;2
2246;2;1
2247;2;3
2248;2;3
2249;2;1
2250;2;1
2251;2;3
2252;2;3
2253;2;3
2254;2;3
2255;2;2
2256;2;2
2257;2;1
2258;2;3
2259;2;1
2260;2;1
2261;2;1
2262;2;1
2263;2;1
2264;2;4
2265;2;3
2266;2;1
2267;2;1
2268;2;3
2269;2;1
2270;2;2
2271;2;4
2272;2;1
2273;2;3
2274;2;3
2275;2;1
2276;2;3
2277;2;1
2278;2;1
2279;2;3
2280;2;1
2281;2;3
2282;2;1
2283;2;3
2284;2;4
2285;2;1
2286;2;1
2287;2;1
2288;2;4
2289;2;1
2290;2;3
2291;2;1
2292;2;1
2293;2;3
2294;2;3
2295;2;3
2296;2;3
2297;2;1
2298;2;4
2299;2;1
2300;2;1
2301;2;3
2302;2;1
2303;2;1
2304;2;3
2305;2;3
2306;2;2
2307;2;2
2308;2;1
2309;2;1
2310;2;1
2311;2;1
2312;2;1
2313;2;4
2314;2;3
2315;2;3
2316;2;1
2317;2;3
2318;2;1
2319;2;1
2320;2;1
2321;2;1
2322;2;3
2323;2;3
2324;2;3
2325;2;3
2326;2;1
2327;2;3
2328;2;1
2329;2;1
2330;2;3
2331;2;3
2332;2;3
2333;2;1
2334;2;4
2335;2;2
2336;2;2
2337;2;1
2338;2;1
2339;2;1
2340;2;1
2341;2;1
2342;2;2
2343;2;1
2344;2;1
2345;2;2
2346;2;1
2347;2;3
2348;2;1
2349;2;4
2350;2;2
2351;2;4
2352;2;1
2353;2;3
2354;2;1
2355;2;3
2356;2;4
2357;2;1
2358;2;3
2359;2;1
2360;2;2
2361;2;4
2362;2;3
2363;2;1
2364;2;3
2365;2;2
2366;2;1
2367;2;3
2368;2;2
2369;2;1
2370;2;4
2371;2;4
2372;2;1
2373;2;1
2374;2;1
2375;2;2
2376;2;1
2377;2;1
2378;2;1
2379;2;2
2380;2;4
2381;2;1
2382;2;1
2383;2;2
2384;2;4
2385;2;1
2386;2;4
2387;2;3
2388;2;1
2389;2;3
2390;2;1
2391;2;1
2392;2;1
2393;2;1
2394;2;1
2395;2;2
2396;2;1
2397;2;1
2398;2;3
2399;2;1
2400;2;1
2401;2;2
2402;2;1
2403;5;1
2404;5;4
2405;5;3
2406;5;1
2407;5;4
2408;5;1
2409;5;3
2410;5;3
2411;5;3
2412;5;1
2413;5;4
2414;5;3
2415;5;3
2416;5;3
2417;5;3
2418;5;4
2419;5;4
2420;5;3
2421;5;3
2422;5;4
2423;5;4
2424;5;4
2425;5;3
2426;5;3
2427;5;3
2428;5;4
2429;5;1
2430;5;4
2431;5;4
2432;5;4
2433;5;3
2434;5;4
2435;5;4
2436;5;3
2437;5;4
2438;5;4
2439;5;4
2440;5;3
2441;5;4
2442;5;3
2443;5;1
2444;5;4
2445;5;1
2446;5;4
2447;5;4
2448;5;4
2449;5;4
2450;5;4
2451;5;4
2452;5;4
2453;5;4
2454;5;4
2455;5;4
2456;5;4
2457;5;4
2458;5;4
2459;5;4
2460;5;4
2461;5;3
2462;5;4
2463;5;1
2464;5;1
2465;5;4
2466;5;4
2467;5;4
2468;5;4
2469;5;4
2470;5;4
2471;5;4
2472;5;4
2473;5;3
2474;5;4
2475;5;4
2476;5;3
2477;5;4
2478;5;4
2479;5;4
2480;5;3
2481;5;1
2482;5;1
2483;5;1
2484;5;4
2485;5;4
2486;5;4
2487;5;3
2488;5;4
2489;5;1
2490;5;3
2491;5;1
2492;5;4
2493;5;4
2494;5;3
2495;5;4
2496;5;4
2497;5;4
2498;5;4
2499;5;1
2500;5;4
2501;5;1
2502;5;4
2503;5;4
2504;5;4
2505;5;4
2506;5;1
2507;5;1
2508;5;1
2509;5;4
2510;5;1
2511;5;3
2512;5;4
2513;5;4
2514;5;3
2515;5;1
2516;5;1
2517;5;3
2518;5;1
2519;5;3
2520;5;4
2521;5;4
2522;5;1
2523;5;3
2524;5;4
2525;5;1
2526;5;4
2527;5;3
2528;5;4
2529;5;4
2530;5;3
2531;5;4
2532;5;1
2533;5;3
2534;5;1
2535;5;3
2536;5;1
2537;5;1
2538;5;3
2539;5;3
2540;5;3
2541;5;1
2542;5;3
2543;5;1
2544;5;4
2545;5;1
2546;5;4
2547;5;1
2548;5;4
2549;5;4
2550;5;1
2551;5;4
2552;5;1
2553;5;4
2554;5;1
2555;5;3
2556;5;4
2557;5;4
2558;5;4
2559;5;1
2560;5;3
2561;5;4
2562;5;3
2563;5;4
2564;5;3
2565;5;3
2566;5;4
2567;5;4
2568;5;3
2569;5;4
2570;5;3
2571;5;3
2572;5;4
2573;5;1
2574;5;4
2575;5;3
2576;5;3
2577;5;3
2578;5;3
2579;5;3
2580;5;3
2581;5;4
2582;5;3
2583;5;4
2584;5;4
2585;5;4
2586;5;1
2587;5;4
2588;5;1
2589;5;3
2590;5;4
2591;5;3
2592;5;1
2593;5;4
2594;5;3
2595;5;3
2596;5;3
2597;5;3
2598;5;4
2599;5;3
2600;5;3
2601;5;3
2602;5;3
2603;5;2
2604;5;4
2605;5;3
2606;5;1
2607;5;1
2608;5;3
2609;5;4
2610;5;4
2611;5;4
2612;5;1
2613;5;4
2614;5;3
2615;5;3
2616;5;3
2617;5;4
2618;5;1
2619;5;4
2620;5;1
2621;5;1
2622;5;4
2623;5;4
2624;5;4
2625;5;3
2626;5;4
2627;5;4
2628;5;4
2629;5;3
2630;5;1
2631;5;1
2632;5;3
2633;5;3
2634;5;4
2635;5;2
2636;5;3
2637;5;3
2638;5;1
2639;5;4
2640;5;1
2641;5;1
2642;5;1
2643;5;1
2644;5;4
2645;5;1
2646;5;3
2647;5;1
2648;5;4
2649;5;4
2650;5;4
2651;5;1
2652;5;4
2653;5;3
2654;5;1
2655;5;4
2656;5;1
2657;5;1
2658;5;4
2659;5;1
2660;5;4
2661;5;4
2662;5;4
2663;5;4
2664;5;1
2665;5;1
2666;5;2
2667;5;1
2668;5;4
2669;5;4
2670;5;1
2671;5;1
2672;5;4
2673;5;3
2674;5;4
2675;5;3
2676;5;4
2677;5;3
2678;5;4
2679;5;1
2680;5;3
2681;5;4
2682;5;4
2683;5;4
2684;5;3
2685;5;4
2686;5;1
2687;5;3
2688;5;3
2689;5;3
2690;5;4
2691;5;3
2692;5;3
2693;5;4
2694;5;3
2695;5;4
2696;5;3
2697;5;3
2698;5;4
2699;5;4
2700;5;1
2701;5;2
2702;5;4
2703;5;4
2704;5;1
2705;5;4
2706;5;4
2707;5;3
2708;5;4
2709;5;1
2710;5;3
2711;5;4
2712;5;3
2713;5;4
2714;5;4
2715;5;1
2716;5;4
2717;5;3
2718;5;1
2719;5;4
2720;5;3
2721;5;3
2722;5;1
2723;5;3
2724;5;3
2725;5;3
2726;5;1
2727;5;4
2728;5;3
2729;5;1
2730;5;3
2731;5;3
2732;5;3
2733;5;4
2734;5;3
2735;5;3
2736;5;3
2737;5;1
2738;5;4
2739;5;1
2740;5;2
2741;5;1
2742;5;3
2743;5;1
2744;5;3
2745;5;4
2746;5;1
2747;5;3
2748;5;1
2749;5;1
2750;5;4
2751;5;3
2752;5;3
2753;5;4
2754;5;4
2755;5;3
2756;5;3
2757;5;3
2758;5;4
2759;5;4
2760;5;3
2761;5;4
2762;5;3
2763;5;3
2764;5;4
2765;5;3
2766;5;4
2767;5;4
2768;5;3
2769;5;4
2770;5;4
2771;5;1
2772;5;4
2773;5;4
2774;5;4
2775;5;4
2776;5;4
2777;5;3
2778;5;1
2779;5;3
2780;5;3
2781;5;4
2782;5;1
2783;5;4
2784;5;3
2785;5;3
2786;5;4
2787;5;3
2788;5;4
2789;5;3
2790;5;4
2791;5;3
2792;5;4
2793;5;4
2794;5;4
2795;5;3
2796;5;4
2797;5;4
2798;5;3
2799;5;3
2800;5;4
2801;5;3
2802;5;4
2803;5;4
2804;5;1
2805;5;1
2806;5;1
2807;5;3
2808;5;3
2809;5;4
2810;5;4
2811;5;3
2812;5;3
2813;5;3
2814;5;1
2815;5;3
2816;5;4
2817;5;4
2818;5;4
2819;5;3
2820;5;1
2821;5;3
2822;5;4
2823;5;3
2824;5;3
2825;5;1
2826;5;4
2827;5;3
2828;5;4
2829;5;3
2830;5;3
2831;5;3
2832;5;4
2833;5;4
2834;5;4
2835;5;1
2836;5;4
2837;5;3
2838;5;3
2839;5;1
2840;5;3
2841;5;3
2842;5;3
2843;5;4
2844;5;3
2845;5;1
2846;5;3
2847;5;4
2848;5;3
2849;5;3
2850;5;3
2851;5;3
2852;5;4
2853;5;3
2854;5;3
2855;5;4
2856;5;3
2857;5;3
2858;5;3
2859;5;3
2860;5;2
2861;5;3
2862;5;2
2863;5;1
2864;5;3
2865;5;4
2866;5;4
2867;5;3
2868;5;3
2869;5;3
2870;5;4
2871;5;3
2872;5;3
2873;5;3
2874;5;1
2875;5;3
2876;5;4
2877;5;4
2878;5;4
2879;5;3
2880;5;3
2881;5;1
2882;5;3
2883;5;3
2884;5;3
2885;5;3
2886;5;3
2887;5;3
2888;5;1
2889;5;3
2890;5;3
2891;5;4
2892;5;4
2893;5;3
2894;5;3
2895;5;4
2896;5;4
2897;5;4
2898;5;3
2899;5;3
2900;5;1
2901;5;4
2902;5;3
2903;5;3
2904;5;4
2905;5;4
2906;5;3
2907;5;3
2908;5;3
2909;5;3
2910;5;1
2911;5;4
2912;5;4
2913;5;3
2914;5;3
2915;5;1
2916;5;4
2917;5;3
2918;5;3
2919;5;3
2920;5;1
2921;5;3
2922;5;4
2923;5;4
2924;5;4
2925;5;3
2926;5;4
2927;5;4
2928;5;4
2929;5;4
2930;5;4
2931;5;1
2932;5;3
2933;5;4
2934;5;4
2935;5;4
2936;5;4
2937;5;4
2938;5;3
2939;5;3
2940;5;3
2941;5;1
2942;5;3
2943;5;3
2944;5;3
2945;5;4
2946;5;3
2947;5;3
2948;5;4
2949;5;3
2950;5;4
2951;5;4
2952;5;3
2953;5;1
2954;5;1
2955;5;3
2956;5;4
2957;5;3
2958;5;4
2959;5;4
2960;5;3
2961;5;4
2962;5;4
2963;5;4
2964;5;3
2965;5;1
2966;5;4
2967;5;3
2968;5;4
2969;5;1
2970;5;4
2971;5;3
2972;5;3
2973;5;4
2974;5;4
2975;5;4
2976;5;4
2977;5;3
2978;5;3
2979;5;4
2980;5;3
2981;5;4
2982;5;1
2983;5;3
2984;5;3
2985;5;4
2986;5;3
2987;5;3
2988;5;3
2989;5;1
2990;5;3
2991;5;4
2992;5;1
2993;5;3
2994;5;1
2995;5;1
2996;5;4
2997;5;3
2998;5;3
2999;5;4
3000;5;3
3001;5;1
3002;5;1
3003;5;2
3004;5;4
3005;5;4
3006;5;1
3007;5;3
3008;5;1
3009;5;3
3010;5;3
3011;5;4
3012;5;2
3013;5;1
3014;5;3
3015;5;3
3016;5;4
3017;5;4
3018;5;4
3019;5;4
3020;5;1
3021;5;1
3022;5;4
3023;5;4
3024;5;1
3025;5;2
3026;5;3
3027;5;4
3028;5;4
3029;5;4
3030;5;3
3031;5;1
3032;5;3
3033;5;3
3034;5;3
3035;5;3
3036;5;4
3037;5;3
3038;5;4
3039;5;4
3040;5;3
3041;5;4
3042;5;4
3043;5;2
3044;5;1
3045;5;3
3046;5;3
3047;5;3
3048;5;3
3049;5;3
3050;5;4
3051;5;4
3052;5;3
3053;5;3
3054;5;4
3055;5;4
3056;5;1
3057;5;4
3058;5;4
3059;5;1
3060;5;4
3061;5;1
3062;5;4
3063;5;4
3064;5;3
3065;5;1
3066;5;2
3067;5;3
3068;5;2
3069;5;4
3070;5;1
3071;5;3
3072;5;4
3073;5;4
3074;5;4
3075;5;4
3076;5;1
3077;5;4
3078;5;3
3079;5;1
3080;5;3
3081;5;4
3082;5;1
3083;5;1
3084;5;4
3085;5;3
3086;5;3
3087;5;3
3088;5;4
3089;5;3
3090;5;4
3091;5;3
3092;5;4
3093;5;4
3094;5;4
3095;5;4
3096;5;4
3097;5;3
3098;5;3
3099;5;4
3100;5;1
3101;5;1
3102;5;1
3103;5;3
3104;5;1
3105;5;1
3106;5;4
3107;5;4
3108;5;1
3109;5;4
3110;5;3
3111;5;1
3112;5;1
3113;5;3
3114;5;2
3115;5;2
3116;5;3
3117;5;4
3118;5;4
3119;5;1
3120;5;4
3121;5;4
3122;5;3
3123;5;4
3124;5;3
3125;5;4
3126;5;3
3127;5;4
3128;5;1
3129;5;1
3130;5;4
3131;5;3
3132;5;4
3133;5;3
3134;5;4
3135;5;3
3136;5;4
3137;5;3
3138;5;4
3139;5;3
3140;5;4
3141;5;1
3142;5;1
3143;5;3
3144;5;4
3145;5;3
3146;5;4
3147;5;3
3148;5;4
3149;5;4
3150;5;4
3151;5;3
3152;5;4
3153;5;4
3154;5;3
3155;5;3
3156;5;4
3157;5;3
3158;5;3
3159;5;3
3160;5;3
3161;5;3
3162;5;4
3163;5;3
3164;5;3
3165;5;4
3166;5;1
3167;5;3
3168;5;3
3169;5;3
3170;5;3
3171;5;3
3172;5;3
3173;5;3
3174;5;4
3175;5;3
3176;5;3
3177;5;3
3178;5;3
3179;5;4
3180;5;4
3181;5;4
3182;5;3
3183;5;4
3184;5;4
3185;5;4
3186;5;4
3187;5;3
3188;5;3
3189;5;3
3190;5;4
3191;5;4
3192;5;3
3193;5;3
3194;5;4
3195;5;1
3196;5;4
3197;5;3
3198;5;4
3199;5;4
3200;5;3
3201;5;4
3202;5;3
3203;5;4
3204;5;3
3205;5;1
3206;5;3
3207;5;4
3208;5;3
3209;5;3
3210;5;4
3211;5;1
3212;5;4
3213;5;4
3214;5;1
3215;5;3
3216;5;4
3217;5;3
3218;5;3
3219;5;3
3220;5;3
3221;5;1
3222;5;3
3223;5;4
3224;5;4
3225;5;3
3226;5;3
3227;5;1
3228;5;4
3229;5;3
3230;5;4
3231;5;3
3232;5;4
3233;5;4
3234;5;4
3235;5;4
3236;5;3
3237;5;3
3238;5;3
3239;5;3
3240;5;3
3241;5;1
3242;5;4
3243;5;1
3244;5;3
3245;5;1
3246;5;3
3247;5;2
3248;5;4
3249;5;3
3250;5;4
3251;5;1
3252;5;3
3253;5;3
3254;5;3
3255;5;4
3256;5;4
3257;5;3
3258;5;4
3259;5;3
3260;5;3
3261;5;3
3262;5;3
3263;5;4
3264;5;3
3265;5;3
3266;5;3
3267;5;3
3268;5;1
3269;5;3
3270;5;3
3271;5;3
3272;5;1
3273;5;4
3274;5;3
3275;5;3
3276;5;1
3277;5;1
3278;5;1
3279;5;1
3280;5;4
3281;5;3
3282;5;3
3283;5;4
3284;5;4
3285;5;4
3286;5;3
3287;5;1
3288;5;1
3289;5;3
3290;5;4
3291;5;1
3292;5;1
3293;5;4
3294;5;1
3295;5;1
3296;5;4
3297;5;4
3298;5;3
3299;5;1
3300;5;4
3301;5;3
3302;5;3
3303;5;3
3304;5;1
3305;5;4
3306;5;3
3307;5;1
3308;5;4
3309;5;4
3310;5;4
3311;5;3
3312;5;3
3313;5;4
3314;5;4
3315;5;4
3316;5;1
3317;5;4
3318;5;1
3319;5;4
3320;5;3
3321;5;1
3322;5;4
3323;5;4
3324;5;4
3325;5;1
3326;5;1
3327;5;4
3328;5;1
3329;5;1
3330;5;1
3331;5;4
3332;5;3
3333;5;1
3334;5;4
3335;5;4
3336;5;4
3337;5;3
3338;5;1
3339;5;3
3340;5;3
3341;5;4
3342;5;3
3343;5;3
3344;5;4
3345;5;4
3346;5;3
3347;5;4
3348;5;3
3349;5;4
3350;5;1
3351;5;1
3352;5;3
3353;5;1
3354;5;3
3355;5;3
3356;5;1
3357;5;4
3358;5;3
3359;5;3
3360;5;3
3361;5;3
3362;5;3
3363;5;1
3364;5;4
3365;5;3
3366;5;4
3367;5;1
3368;5;4
3369;5;3
3370;5;1
3371;5;3
3372;5;3
3373;5;4
3374;5;4
3375;5;4
3376;5;4
3377;5;1
3378;5;3
3379;5;3
3380;5;3
3381;5;3
3382;5;3
3383;5;4
3384;5;4
3385;5;1
3386;5;3
3387;5;3
3388;5;1
3389;5;4
3390;5;4
3391;5;4
3392;5;4
3393;5;1
3394;5;3
3395;5;4
3396;5;3
3397;5;4
3398;5;4
3399;5;3
3400;5;1
3401;5;4
3402;5;4
3403;5;4
3404;5;3
3405;5;1
3406;5;3
3407;5;4
3408;5;3
3409;5;3
3410;5;4
3411;5;3
3412;5;1
3413;5;4
3414;5;3
3415;5;3
3416;5;1
3417;5;4
3418;5;3
3419;5;3
3420;5;3
3421;5;4
3422;5;3
3423;5;3
3424;5;4
3425;5;2
3426;5;4
3427;5;4
3428;5;3
3429;5;4
3430;5;3
3431;5;3
3432;5;1
3433;5;2
3434;5;3
3435;5;3
3436;5;3
3437;5;1
3438;5;4
3439;5;4
3440;5;4
3441;5;3
3442;5;4
3443;5;3
3444;5;4
3445;5;3
3446;5;1
3447;5;4
3448;5;3
3449;5;3
3450;5;3
3451;5;3
3452;5;3
3453;5;4
3454;5;3
3455;5;3
3456;5;1
3457;5;4
3458;5;3
3459;5;3
3460;5;3
3461;5;3
3462;5;3
3463;5;1
3464;5;3
3465;5;4
3466;5;1
3467;5;4
3468;5;4
3469;5;3
3470;5;1
3471;5;1
3472;5;4
3473;5;3
3474;5;4
3475;5;1
3476;5;3
3477;5;3
3478;5;3
3479;5;4
3480;5;3
3481;5;3
3482;5;3
3483;5;4
3484;5;4
3485;5;1
3486;5;3
3487;5;3
3488;5;4
3489;5;4
3490;5;3
3491;5;3
3492;5;3
3493;5;4
3494;5;3
3495;5;3
3496;5;3
3497;5;3
3498;5;3
3499;5;3
3500;5;3
3501;5;1
3502;5;3
3503;5;3
3504;5;4
3505;5;4
3506;5;3
3507;5;4
3508;5;3
3509;5;3
3510;5;4
3511;5;3
3512;5;4
3513;5;1
3514;5;3
3515;5;3
3516;5;3
3517;5;3
3518;5;3
3519;5;3
3520;5;1
3521;5;4
3522;5;4
3523;5;4
3524;5;3
3525;5;3
3526;5;3
3527;5;3
3528;5;3
3529;5;3
3530;5;3
3531;5;1
3532;5;3
3533;5;4
3534;5;1
3535;5;4
3536;5;1
3537;5;4
3538;5;3
3539;5;1
3540;5;3
3541;5;3
3542;5;3
3543;5;4
3544;5;1
3545;5;3
3546;5;3
3547;5;1
3548;5;3
3549;5;3
3550;5;3
3551;5;1
3552;5;1
3553;5;1
3554;5;4
3555;5;3
3556;5;4
3557;5;1
3558;5;1
3559;5;3
3560;5;4
3561;5;4
3562;5;4
3563;5;3
3564;5;4
3565;5;1
3566;5;4
3567;5;4
3568;5;4
3569;5;3
3570;5;1
3571;5;3
3572;5;4
3573;5;3
3574;5;3
3575;5;4
3576;5;4
3577;5;4
3578;5;1
3579;5;3
3580;5;4
3581;5;4
3582;5;3
3583;5;4
3584;5;3
3585;5;3
3586;5;3
3587;5;1
3588;5;4
3589;5;3
3590;5;4
3591;5;3
3592;5;4
3593;5;1
3594;5;4
3595;5;3
3596;5;4
3597;5;3
3598;5;4
3599;5;3
3600;5;3
3601;5;3
3602;5;1
3603;5;3
3604;5;4
3605;5;4
3606;5;1
3607;5;3
3608;5;1
3609;5;3
3610;5;4
3611;5;4
3612;5;1
3613;5;3
3614;5;4
3615;5;3
3616;5;1
3617;5;4
3618;5;4
3619;5;4
3620;5;4
3621;5;3
3622;5;1
3623;5;4
3624;5;3
3625;5;4
3626;5;3
3627;5;3
3628;5;3
3629;5;3
3630;5;3
3631;5;3
3632;5;1
3633;5;4
3634;5;4
3635;5;4
3636;5;4
3637;5;1
3638;5;3
3639;5;4
3640;5;3
3641;5;3
3642;5;3
3643;5;1
3644;5;1
3645;5;1
3646;5;3
3647;5;4
3648;5;1
3649;5;3
3650;5;3
3651;5;1
3652;5;4
3653;5;3
3654;5;3
3655;5;3
3656;5;3
3657;5;4
3658;5;4
3659;5;1
3660;5;4
3661;5;4
3662;5;3
3663;5;4
3664;5;4
3665;5;1
3666;5;1
3667;5;4
3668;5;4
3669;5;3
3670;5;2
3671;5;3
3672;5;1
3673;5;1
3674;5;4
3675;5;3
3676;5;3
3677;5;3
3678;5;1
3679;5;4
3680;5;3
3681;5;3
3682;5;4
3683;5;3
3684;5;3
3685;5;3
3686;5;4
3687;5;3
3688;5;3
3689;5;4
3690;5;3
3691;5;3
3692;5;4
3693;5;1
3694;5;3
3695;5;4
3696;5;1
3697;5;4
3698;5;3
3699;5;3
3700;5;4
3701;5;3
3702;5;4
3703;5;3
3704;5;4
3705;5;3
3706;5;4
3707;5;4
3708;5;4
3709;5;3
3710;5;4
3711;5;1
3712;5;2
3713;5;1
3714;5;4
3715;5;3
3716;5;1
3717;5;3
3718;5;3
3719;5;4
3720;5;1
3721;5;4
3722;5;3
3723;5;4
3724;5;1
3725;5;4
3726;5;1
3727;5;1
3728;5;3
3729;5;3
3730;5;3
3731;5;3
3732;5;2
3733;5;3
3734;5;3
3735;5;4
3736;5;4
3737;5;1
3738;5;3
3739;5;4
3740;5;4
3741;5;4
3742;5;4
3743;5;3
3744;5;4
3745;5;4
3746;5;1
3747;5;4
3748;5;3
3749;5;4
3750;5;4
3751;5;4
3752;5;3
3753;5;1
3754;5;3
3755;5;4
3756;5;3
3757;5;3
3758;5;3
3759;5;4
3760;5;3
3761;5;4
3762;5;4
3763;5;1
3764;5;3
3765;5;3
3766;5;3
3767;5;4
3768;5;3
3769;5;3
3770;5;4
3771;5;3
3772;5;3
3773;5;4
3774;5;4
3775;5;4
3776;5;3
3777;5;1
3778;5;3
3779;5;4
3780;5;4
3781;5;4
3782;5;3
3783;5;2
3784;5;4
3785;5;3
3786;5;3
3787;5;3
3788;5;3
3789;5;4
3790;5;3
3791;5;3
3792;5;2
3793;5;4
3794;5;4
3795;5;4
3796;5;3
3797;5;3
3798;5;3
3799;5;3
3800;5;3
3801;5;4
3802;5;4
3803;5;4
3804;5;3
3805;5;3
3806;5;3
3807;5;4
3808;5;1
3809;5;3
3810;5;3
3811;5;1
3812;5;3
3813;5;1
3814;5;3
3815;5;3
3816;5;4
3817;5;4
3818;5;3
3819;5;4
3820;5;4
3821;5;4
3822;5;4
3823;5;3
3824;5;1
3825;5;4
3826;5;1
3827;5;1
3828;5;4
3829;5;1
3830;5;4
3831;5;4
3832;5;1
3833;5;4
3834;5;1
3835;5;3
3836;5;4
3837;5;1
3838;5;1
3839;5;1
3840;5;1
3841;5;1
3842;5;3
3843;5;3
3844;5;1
3845;5;4
3846;5;3
3847;5;4
3848;5;3
3849;5;1
3850;5;4
3851;5;3
3852;5;1
3853;5;3
3854;5;3
3855;5;3
3856;5;1
3857;5;4
3858;5;1
3859;5;3
3860;5;1
3861;5;4
3862;5;4
3863;5;1
3864;5;4
3865;5;3
3866;5;4
3867;5;1
3868;5;1
3869;5;1
3870;5;1
3871;5;3
3872;5;1
3873;5;1
3874;5;3
3875;5;3
3876;5;3
3877;5;3
3878;5;2
3879;5;4
3880;5;3
3881;5;4
3882;5;1
3883;5;4
3884;5;3
3885;5;4
3886;5;4
3887;5;4
3888;5;4
3889;5;4
3890;5;1
3891;5;4
3892;5;3
3893;5;4
3894;5;4
3895;5;4
3896;5;1
3897;5;4
3898;5;4
3899;5;4
3900;5;1
3901;5;3
3902;5;1
3903;5;4
3904;5;1
3905;5;3
3906;5;3
3907;5;1
3908;5;1
3909;5;4
3910;5;4
3911;5;4
3912;5;4
3913;5;3
3914;5;4
3915;5;3
3916;5;1
3917;5;4
3918;5;4
3919;5;1
3920;5;4
3921;5;4
3922;5;3
3923;5;4
3924;5;1
3925;5;4
3926;5;1
3927;5;4
3928;5;1
3929;5;1
3930;5;4
3931;5;1
3932;5;1
3933;5;4
3934;5;3
3935;5;4
3936;5;4
3937;5;1
3938;5;3
3939;5;1
3940;5;3
3941;5;1
3942;5;4
3943;5;3
3944;5;1
3945;5;3
3946;5;4
3947;5;4
3948;5;1
3949;5;3
3950;5;3
3951;5;3
3952;5;3
3953;5;1
3954;5;3
3955;5;1
3956;5;4
3957;5;3
3958;5;3
3959;5;4
3960;5;3
3961;5;3
3962;5;4
3963;5;1
3964;5;3
3965;5;3
3966;5;4
3967;5;3
3968;5;3
3969;5;1
3970;5;1
3971;5;2
3972;5;3
3973;5;4
3974;5;3
3975;5;4
3976;5;4
3977;5;3
3978;5;1
3979;5;4
3980;5;4
3981;5;4
3982;5;1
3983;5;1
3984;5;1
3985;5;4
3986;5;4
3987;5;1
3988;5;1
3989;5;4
3990;5;4
3991;5;3
3992;5;4
3993;5;4
3994;5;1
3995;5;3
3996;5;1
3997;5;4
3998;5;1
3999;5;1
4000;5;1
4001;5;4
4002;5;4
4003;5;3
4004;5;3
4005;5;1
4006;5;1
4007;5;3
4008;5;1
4009;5;3
4010;5;1
4011;5;3
4012;5;1
4013;5;3
4014;5;3
4015;5;2
4016;5;3
4017;5;4
4018;5;3
4019;5;4
4020;5;4
4021;5;1
4022;5;1
4023;5;1
4024;5;4
4025;5;4
4026;5;4
4027;5;3
4028;5;4
4029;5;3
4030;5;4
4031;5;3
4032;5;3
4033;5;1
4034;5;1
4035;5;4
4036;5;1
4037;5;1
4038;5;3
4039;5;3
4040;5;4
4041;5;2
4042;5;1
4043;5;4
4044;5;1
4045;5;3
4046;5;4
4047;5;3
4048;5;4
4049;5;3
4050;5;3
4051;5;4
4052;5;4
4053;5;3
4054;5;3
4055;5;1
4056;5;4
4057;5;3
4058;5;3
4059;5;1
4060;5;3
4061;5;3
4062;5;3
4063;5;3
4064;5;3
4065;5;1
4066;5;3
4067;5;3
4068;5;3
4069;5;1
4070;5;3
4071;5;4
4072;5;3
4073;5;3
4074;5;3
4075;5;4
4076;5;3
4077;5;3
4078;5;3
4079;5;3
4080;5;3
4081;5;4
4082;5;3
4083;5;3
4084;5;3
4085;5;4
4086;5;3
4087;5;3
4088;5;4
4089;5;3
4090;5;3
4091;5;3
4092;5;4
4093;5;4
4094;5;3
4095;5;1
4096;5;3
4097;5;4
4098;5;4
4099;5;3
4100;5;3
4101;5;4
4102;5;1
4103;5;3
4104;5;1
4105;5;3
4106;5;3
4107;5;3
4108;5;4
4109;5;1
4110;5;3
4111;5;4
4112;5;3
4113;5;3
4114;5;1
4115;5;4
4116;5;3
4117;5;4
4118;5;4
4119;5;1
4120;5;3
4121;5;4
4122;5;1
4123;5;3
4124;5;3
4125;5;4
4126;5;4
4127;5;4
4128;5;1
4129;5;4
4130;5;4
4131;5;1
4132;5;3
4133;5;4
4134;5;3
4135;5;1
4136;5;4
4137;5;4
4138;5;4
4139;5;3
4140;5;3
4141;5;3
4142;5;4
4143;5;3
4144;5;4
4145;5;3
4146;5;1
4147;5;4
4148;5;1
4149;5;1
4150;5;1
4151;5;3
4152;5;3
4153;5;3
4154;5;4
4155;5;1
4156;5;1
4157;5;3
4158;5;1
4159;5;1
4160;5;3
4161;5;1
4162;5;1
4163;5;3
4164;5;4
4165;5;3
4166;5;4
4167;5;3
4168;5;3
4169;5;3
4170;5;4
4171;5;3
4172;5;3
4173;5;4
4174;5;4
4175;5;1
4176;5;3
4177;5;1
4178;5;3
4179;5;3
4180;5;4
4181;5;1
4182;5;1
4183;5;4
4184;5;1
4185;5;3
4186;5;3
4187;5;1
4188;5;3
4189;5;3
4190;5;3
4191;5;1
4192;5;1
4193;5;3
4194;5;4
4195;5;3
4196;5;3
4197;5;3
4198;5;1
4199;5;2
4200;5;4
4201;5;4
4202;5;1
4203;5;4
4204;5;1
4205;5;1
4206;5;3
4207;5;3
4208;5;4
4209;5;4
4210;5;3
4211;5;3
4212;5;3
4213;5;3
4214;5;3
4215;5;3
4216;5;3
4217;5;3
4218;5;3
4219;5;3
4220;5;3
4221;5;1
4222;5;3
4223;5;3
4224;5;4
4225;5;3
4226;5;3
4227;5;1
4228;5;1
4229;5;1
4230;5;3
4231;5;4
4232;5;2
4233;5;3
4234;5;3
4235;5;4
4236;5;3
4237;5;4
4238;5;3
4239;5;3
4240;5;3
4241;5;3
4242;5;3
4243;5;3
4244;5;4
4245;5;3
4246;5;3
4247;5;4
4248;5;4
4249;5;4
4250;5;1
4251;5;4
4252;5;1
4253;5;1
4254;5;4
4255;5;4
4256;5;1
4257;5;3
4258;5;3
4259;5;3
4260;5;1
4261;5;3
4262;5;3
4263;5;4
4264;5;1
4265;5;4
4266;5;4
4267;5;4
4268;5;4
4269;5;3
4270;5;3
4271;5;3
4272;5;1
4273;5;1
4274;5;4
4275;5;2
4276;5;3
4277;5;1
4278;5;3
4279;5;2
4280;5;1
4281;5;3
4282;5;4
4283;5;3
4284;5;3
4285;5;3
4286;5;4
4287;5;1
4288;5;4
4289;5;4
4290;5;3
4291;5;2
4292;5;1
4293;5;4
4294;5;4
4295;5;4
4296;5;3
4297;5;1
4298;5;4
4299;5;1
4300;5;4
4301;5;3
4302;5;4
4303;5;3
4304;5;3
4305;5;4
4306;5;3
4307;5;4
4308;5;4
4309;5;3
4310;5;1
4311;5;4
4312;5;4
4313;5;3
4314;5;4
4315;5;1
4316;5;3
4317;5;4
4318;5;4
4319;5;4
4320;5;3
4321;5;1
4322;5;3
4323;5;1
4324;5;3
4325;5;3
4326;5;3
4327;5;2
4328;5;1
4329;5;1
4330;5;3
4331;5;3
4332;5;1
4333;5;4
4334;5;4
4335;5;3
4336;5;3
4337;5;4
4338;5;4
4339;5;3
4340;5;1
4341;5;1
4342;5;4
4343;5;4
4344;5;1
4345;5;4
4346;5;1
4347;5;4
4348;5;4
4349;5;4
4350;5;1
4351;5;3
4352;5;3
4353;5;4
4354;5;3
4355;5;4
4356;5;4
4357;5;4
4358;5;3
4359;5;3
4360;5;1
4361;5;4
4362;5;3
4363;5;4
4364;5;4
4365;5;3
4366;5;4
4367;5;4
4368;5;3
4369;5;3
4370;5;4
4371;5;4
4372;5;2
4373;5;3
4374;5;3
4375;5;4
4376;5;1
4377;5;1
4378;5;1
4379;5;3
4380;5;3
4381;5;1
4382;5;3
4383;5;4
4384;5;4
4385;5;3
4386;5;1
4387;5;1
4388;5;3
4389;5;4
4390;5;4
4391;5;1
4392;5;3
4393;5;1
4394;5;4
4395;5;3
4396;5;4
4397;5;3
4398;5;4
4399;5;3
4400;5;3
4401;5;2
4402;5;1
4403;5;3
4404;5;1
4405;5;1
4406;5;1
4407;5;1
4408;5;4
4409;5;3
4410;5;3
4411;5;4
4412;5;3
4413;5;3
4414;5;3
4415;5;1
4416;5;4
4417;5;4
4418;5;3
4419;5;4
4420;5;1
4421;5;3
4422;5;3
4423;5;3
4424;5;4
4425;5;4
4426;5;1
4427;5;3
4428;5;1
4429;5;4
4430;5;3
4431;5;3
4432;5;3
4433;5;4
4434;5;4
4435;5;3
4436;5;1
4437;5;4
4438;5;4
4439;5;3
4440;5;4
4441;5;3
4442;5;4
4443;5;3
4444;5;3
4445;5;3
4446;5;3
4447;5;3
4448;5;3
4449;5;2
4450;5;3
4451;5;3
4452;5;3
4453;5;3
4454;5;3
4455;5;3
4456;5;3
4457;5;3
4458;5;4
4459;5;1
4460;5;3
4461;5;3
4462;5;3
4463;5;3
4464;5;1
4465;5;4
4466;5;3
4467;5;4
4468;5;4
4469;5;3
4470;5;1
4471;5;4
4472;5;4
4473;5;1
4474;5;4
4475;5;4
4476;5;4
4477;5;3
4478;5;3
4479;5;4
4480;5;1
4481;5;4
4482;5;3
4483;5;4
4484;5;4
4485;5;3
4486;5;4
4487;5;3
4488;5;4
4489;5;4
4490;5;3
4491;5;3
4492;5;3
4493;5;4
4494;5;3
4495;5;4
4496;5;3
4497;5;3
4498;5;4
4499;5;3
4500;5;3
4501;5;4
4502;5;4
4503;5;4
4504;5;4
4505;5;3
4506;5;3
4507;5;3
4508;5;3
4509;5;3
4510;5;4
4511;5;4
4512;5;1
4513;5;1
4514;5;3
4515;5;4
4516;5;4
4517;5;4
4518;5;1
4519;5;4
4520;5;1
4521;5;3
4522;5;4
4523;5;3
4524;5;3
4525;5;1
4526;5;3
4527;5;2
4528;5;3
4529;5;4
4530;5;3
4531;5;1
4532;5;3
4533;5;1
4534;5;1
4535;5;3
4536;5;1
4537;5;3
4538;5;3
4539;5;4
4540;5;3
4541;5;3
4542;5;4
4543;5;4
4544;5;4
4545;5;3
4546;5;3
4547;5;4
4548;5;3
4549;5;3
4550;5;1
4551;5;4
4552;5;1
4553;5;3
4554;5;4
4555;5;3
4556;5;4
4557;5;3
4558;5;4
4559;5;3
4560;5;3
4561;5;4
4562;5;1
4563;5;4
4564;5;4
4565;5;4
4566;5;4
4567;5;3
4568;5;3
4569;5;3
4570;5;3
4571;5;4
4572;5;4
4573;5;4
4574;5;2
4575;5;4
4576;5;3
4577;5;1
4578;5;3
4579;5;1
4580;5;4
4581;5;1
4582;5;3
4583;5;4
4584;5;1
4585;5;4
4586;5;1
4587;5;4
4588;5;3
4589;5;3
4590;5;3
4591;5;3
4592;5;4
4593;5;2
4594;5;3
4595;5;3
4596;5;4
4597;5;3
4598;5;4
4599;5;4
4600;5;1
4601;5;3
4602;5;3
4603;5;1
4604;5;1
4605;5;3
4606;5;3
4607;5;4
4608;5;4
4609;5;4
4610;5;3
4611;5;3
4612;5;3
4613;5;1
4614;5;3
4615;5;4
4616;5;4
4617;5;4
4618;5;3
4619;5;4
4620;5;3
4621;5;3
4622;5;3
4623;5;4
4624;5;4
4625;5;1
4626;5;4
4627;5;3
4628;5;1
4629;5;3
4630;5;4
4631;5;4
4632;5;3
4633;5;1
4634;5;1
4635;5;2
4636;5;1
4637;5;1
4638;5;3
4639;5;3
4640;5;3
4641;5;1
4642;5;4
4643;5;3
4644;5;3
4645;5;3
4646;5;4
4647;5;3
4648;5;3
4649;5;4
4650;5;3
4651;5;3
4652;5;3
4653;5;3
4654;5;1
4655;5;3
4656;5;3
4657;5;3
4658;5;4
4659;5;4
4660;5;3
4661;5;1
4662;5;1
4663;5;3
4664;5;4
4665;5;3
4666;5;3
4667;5;4
4668;5;1
4669;5;4
4670;5;3
4671;5;4
4672;5;4
4673;5;3
4674;5;4
4675;5;3
4676;5;3
4677;5;4
4678;5;4
4679;5;3
4680;5;1
4681;5;4
4682;5;1
4683;5;3
4684;5;4
4685;5;3
4686;5;3
4687;5;3
4688;5;1
4689;5;1
4690;5;3
4691;5;3
4692;5;3
4693;5;4
4694;5;3
4695;5;4
4696;5;1
4697;5;3
4698;5;1
4699;5;4
4700;5;1
4701;5;4
4702;5;4
4703;5;1
4704;5;3
4705;5;4
4706;5;4
4707;5;1
4708;5;4
4709;5;4
4710;5;1
4711;5;4
4712;5;4
4713;5;1
4714;5;1
4715;5;4
4716;5;3
4717;5;1
4718;5;1
4719;5;4
4720;5;1
4721;5;4
4722;5;4
4723;5;1
4724;5;4
4725;5;3
4726;5;3
4727;5;4
4728;5;4
4729;5;3
4730;5;4
4731;5;3
4732;5;4
4733;5;1
4734;5;3
4735;5;4
4736;5;4
4737;5;1
4738;5;4
4739;5;4
4740;5;3
4741;5;3
4742;5;3
4743;5;4
4744;5;1
4745;5;4
4746;5;4
4747;5;4
4748;5;3
4749;5;3
4750;5;4
4751;5;4
4752;5;4
4753;5;1
4754;5;4
4755;5;4
4756;5;1
4757;5;4
4758;5;3
4759;5;3
4760;5;3
4761;5;3
4762;5;1
4763;5;3
4764;5;1
4765;5;3
4766;5;4
4767;5;3
4768;5;4
4769;5;4
4770;5;3
4771;5;1
4772;5;4
4773;5;3
4774;5;4
4775;5;1
4776;5;3
4777;5;4
4778;5;1
4779;5;1
4780;5;1
4781;5;1
4782;5;4
4783;5;1
4784;5;3
4785;5;1
4786;5;4
4787;5;3
4788;5;4
4789;5;2
4790;5;3
4791;5;3
4792;5;1
4793;5;4
4794;5;1
4795;5;4
4796;5;4
4797;5;4
4798;5;2
4799;5;3
4800;5;1
4801;5;4
4802;5;4
4803;5;4
4804;5;1
4805;5;4
4806;5;3
4807;5;4
4808;5;3
4809;5;1
4810;5;3
4811;5;1
4812;5;1
4813;5;2
4814;5;4
4815;5;1
4816;5;4
4817;5;1
4818;5;3
4819;5;1
4820;5;4
4821;5;4
4822;5;1
4823;5;4
4824;5;3
4825;5;4
4826;5;4
4827;5;3
4828;5;4
4829;5;1
4830;5;1
4831;5;4
4832;5;1
4833;5;1
4834;5;1
4835;5;1
4836;5;3
4837;5;3
4838;5;1
4839;5;1
4840;5;4
4841;5;4
4842;5;1
4843;5;3
4844;5;3
4845;5;1
4846;5;3
4847;5;4
4848;5;3
4849;5;3
4850;5;4
4851;5;4
4852;5;4
4853;5;1
4854;5;3
4855;5;4
4856;5;4
4857;5;4
4858;5;1
4859;5;3
4860;5;3
4861;5;3
4862;5;1
4863;5;1
4864;5;4
4865;5;3
4866;5;4
4867;5;1
4868;5;3
4869;5;3
4870;5;4
4871;5;3
4872;5;4
4873;5;4
4874;5;3
4875;5;1
4876;5;3
4877;5;2
4878;5;3
4879;5;1
4880;5;4
4881;5;3
4882;5;3
4883;5;4
4884;5;3
4885;5;3
4886;5;4
4887;5;4
4888;5;3
4889;5;1
4890;5;1
4891;5;4
4892;5;1
4893;5;1
4894;5;1
4895;5;1
4896;5;1
4897;5;3
4898;5;4
4899;5;4
4900;5;3
4901;5;1
4902;5;2
4903;5;4
4904;5;3
4905;5;4
4906;5;3
4907;5;4
4908;5;4
4909;5;1
4910;5;3
4911;5;4
4912;5;3
4913;5;4
4914;5;1
4915;5;1
4916;5;1
4917;5;3
4918;5;1
4919;5;3
4920;5;3
4921;5;3
4922;5;3
4923;5;3
4924;5;3
4925;5;3
4926;5;3
4927;5;3
4928;5;1
4929;5;4
4930;5;3
4931;5;3
4932;5;4
4933;5;4
4934;5;4
4935;5;4
4936;5;3
4937;5;3
4938;5;3
4939;5;3
4940;5;1
4941;5;4
4942;5;4
4943;5;3
4944;5;3
4945;5;4
4946;5;4
4947;5;4
4948;5;3
4949;5;1
4950;5;4
4951;5;3
4952;5;1
4953;5;3
4954;5;4
4955;5;3
4956;5;4
4957;5;3
4958;5;3
4959;5;3
4960;5;4
4961;5;3
4962;5;3
4963;5;4
4964;5;3
4965;5;4
4966;5;4
4967;5;3
4968;5;2
4969;5;4
4970;5;3
4971;5;1
4972;5;3
4973;5;4
4974;5;3
4975;5;3
4976;5;3
4977;5;3
4978;5;4
4979;5;1
4980;5;3
4981;5;4
4982;5;4
4983;5;4
4984;5;4
4985;5;1
4986;5;1
4987;5;1
4988;5;3
4989;5;3
4990;5;4
4991;5;4
4992;5;3
4993;5;4
4994;5;4
4995;5;3
4996;5;3
4997;5;3
4998;5;1
4999;5;1
5000;5;1
5001;5;3
5002;5;4
5003;5;4
5004;5;4
5005;5;4
5006;5;4
5007;5;3
5008;5;3
5009;5;4
5010;5;4
5011;5;1
5012;5;1
5013;5;3
5014;5;4
5015;5;1
5016;5;3
5017;5;4
5018;5;3
5019;5;1
5020;5;3
5021;5;2
5022;5;4
5023;5;4
5024;5;1
5025;5;4
5026;5;4
5027;5;1
5028;5;3
5029;5;4
5030;5;1
5031;5;4
5032;5;2
5033;5;3
5034;5;4
5035;5;1
5036;5;3
5037;5;1
5038;5;3
5039;5;4
5040;5;4
5041;5;4
5042;5;1
5043;5;4
5044;5;1
5045;5;3
5046;5;4
5047;5;1
5048;5;3
5049;5;4
5050;5;3
5051;5;3
5052;5;4
5053;5;3
5054;5;4
5055;5;3
5056;5;3
5057;5;4
5058;5;4
5059;5;1
5060;5;4
5061;5;1
5062;5;1
5063;5;3
5064;5;1
5065;5;3
5066;5;1
5067;5;4
5068;5;3
5069;5;4
5070;5;4
5071;5;4
5072;5;1
5073;5;4
5074;5;4
5075;5;3
5076;5;4
5077;5;3
5078;5;1
5079;5;3
5080;5;4
5081;5;4
5082;5;3
5083;5;3
5084;5;4
5085;5;3
5086;5;4
5087;5;3
5088;5;4
5089;5;3
5090;5;3
5091;5;1
5092;5;4
5093;5;3
5094;5;4
5095;5;3
5096;5;1
5097;5;4
5098;5;3
5099;5;4
5100;5;3
5101;5;1
5102;5;3
5103;5;3
5104;5;3
5105;5;1
5106;5;4
5107;5;3
5108;5;3
5109;5;4
5110;5;4
5111;5;4
5112;5;4
5113;5;4
5114;5;3
5115;5;1
5116;5;3
5117;5;4
5118;5;4
5119;5;3
5120;5;4
5121;5;1
5122;5;3
5123;5;4
5124;5;1
5125;5;4
5126;5;1
5127;5;4
5128;5;4
5129;5;3
5130;5;3
5131;5;1
5132;5;3
5133;5;3
5134;5;3
5135;5;4
5136;5;4
5137;5;4
5138;5;3
5139;5;3
5140;5;1
5141;5;1
5142;5;3
5143;5;1
5144;5;4
5145;5;4
5146;5;3
5147;5;3
5148;5;4
5149;5;4
5150;5;3
5151;5;4
5152;5;1
5153;5;3
5154;5;4
5155;5;3
5156;5;3
5157;5;4
5158;5;4
5159;5;3
5160;5;1
5161;5;3
5162;5;4
5163;5;4
5164;5;1
5165;5;4
5166;5;4
5167;5;3
5168;5;3
5169;5;3
5170;5;3
5171;5;4
5172;5;4
5173;5;4
5174;5;1
5175;5;4
5176;5;4
5177;5;4
5178;5;1
5179;5;3
5180;5;1
5181;5;4
5182;5;3
5183;5;4
5184;5;4
5185;5;4
5186;5;4
5187;5;4
5188;5;4
5189;5;3
5190;5;1
5191;5;3
5192;5;4
5193;5;4
5194;5;3
5195;5;1
5196;5;1
5197;5;4
5198;5;1
5199;5;3
5200;5;3
5201;5;4
5202;5;1
5203;5;4
5204;5;1
5205;5;4
5206;5;3
5207;5;3
5208;5;3
5209;5;3
5210;5;4
5211;5;4
5212;5;3
5213;5;3
5214;5;4
5215;5;1
5216;5;1
5217;5;4
5218;5;3
5219;5;4
5220;5;3
5221;5;3
5222;5;4
5223;5;1
5224;5;4
5225;5;4
5226;5;1
5227;5;1
5228;5;4
5229;5;4
5230;5;1
5231;5;4
5232;5;4
5233;5;3
5234;5;4
5235;5;3
5236;5;3
5237;5;2
5238;5;4
5239;5;4
5240;5;3
5241;5;4
5242;5;4
5243;5;1
5244;5;1
5245;5;3
5246;5;3
5247;5;3
5248;5;3
5249;5;3
5250;5;3
5251;5;3
5252;5;1
5253;5;1
5254;5;1
5255;5;3
5256;5;3
5257;5;3
5258;5;3
5259;5;3
5260;5;4
5261;5;1
5262;5;4
5263;5;1
5264;5;3
5265;5;4
5266;5;4
5267;5;2
5268;5;3
5269;5;4
5270;5;4
5271;5;4
5272;5;3
5273;5;1
5274;5;4
5275;5;3
5276;5;1
5277;5;1
5278;5;1
5279;5;3
5280;5;3
5281;5;3
5282;5;3
5283;5;3
5284;5;1
5285;5;4
5286;5;1
5287;5;4
5288;5;1
5289;5;4
5290;5;4
5291;5;3
5292;5;3
5293;5;3
5294;5;1
5295;5;4
5296;5;3
5297;5;3
5298;5;3
5299;5;2
5300;5;1
5301;5;4
5302;5;3
5303;5;4
5304;5;4
5305;5;4
5306;5;4
5307;5;4
5308;5;4
5309;5;4
5310;5;4
5311;5;4
5312;5;1
5313;5;3
5314;5;4
5315;5;2
5316;5;1
5317;5;1
5318;5;1
5319;5;3
5320;5;3
5321;5;4
5322;5;3
5323;5;1
5324;5;1
5325;5;4
5326;5;1
5327;5;3
5328;5;3
5329;5;1
5330;5;3
5331;5;3
5332;5;3
5333;5;1
5334;5;4
5335;5;4
5336;5;3
5337;5;3
5338;5;3
5339;5;4
5340;5;4
5341;5;1
5342;5;1
5343;5;1
5344;5;1
5345;5;1
5346;5;3
5347;5;1
5348;5;1
5349;5;4
5350;5;4
5351;5;3
5352;5;1
5353;5;3
5354;5;3
5355;5;2
5356;5;3
5357;5;4
5358;5;1
5359;5;1
5360;5;4
5361;5;4
5362;5;4
5363;5;1
5364;5;3
5365;5;3
5366;5;4
5367;5;4
5368;5;1
5369;5;3
5370;5;3
5371;5;4
5372;5;1
5373;5;4
5374;5;1
5375;5;4
5376;5;1
5377;5;1
5378;5;4
5379;5;1
5380;5;1
5381;5;3
5382;5;3
5383;5;4
5384;5;1
5385;5;3
5386;5;3
5387;5;1
5388;5;3
5389;5;3
5390;5;3
5391;5;1
5392;5;4
5393;5;3
5394;5;4
5395;5;1
5396;5;1
5397;5;4
5398;5;3
5399;5;3
5400;5;3
5401;5;1
5402;5;3
5403;5;4
5404;5;3
5405;5;4
5406;5;3
5407;5;4
5408;5;4
5409;5;1
5410;5;3
5411;5;4
5412;5;3
5413;5;4
5414;5;1
5415;5;3
5416;5;3
5417;5;3
5418;5;2
5419;5;1
5420;5;4
5421;5;3
5422;5;3
5423;5;3
5424;5;3
5425;5;3
5426;5;1
5427;5;3
5428;5;4
5429;5;1
5430;5;3
5431;5;1
5432;5;4
5433;5;3
5434;5;4
5435;5;3
5436;5;3
5437;5;3
5438;5;1
5439;5;3
5440;5;3
5441;5;3
5442;5;4
5443;5;3
5444;5;1
5445;5;3
5446;5;3
5447;5;3
5448;5;3
5449;5;4
5450;5;1
5451;5;1
5452;5;3
5453;5;4
5454;5;4
5455;5;3
5456;5;3
5457;5;3
5458;5;1
5459;5;3
5460;5;3
5461;5;3
5462;5;3
5463;5;4
5464;5;1
5465;5;3
5466;5;3
5467;5;4
5468;5;3
5469;5;3
5470;5;4
5471;5;4
5472;5;4
5473;5;3
5474;5;3
5475;5;3
5476;5;3
5477;5;3
5478;5;3
5479;5;4
5480;5;4
5481;5;4
5482;5;3
5483;5;4
5484;5;4
5485;5;3
5486;5;3
5487;5;4
5488;5;4
5489;5;3
5490;5;4
5491;5;4
5492;5;3
5493;5;3
5494;5;3
5495;5;1
5496;5;3
5497;5;1
5498;5;3
5499;5;3
5500;5;4
5501;5;3
5502;5;4
5503;5;2
5504;5;4
5505;5;1
5506;5;3
5507;5;4
5508;5;4
5509;5;3
5510;5;4
5511;5;1
5512;5;4
5513;5;4
5514;5;4
5515;5;4
5516;5;4
5517;5;4
5518;5;3
5519;5;3
5520;5;2
5521;5;3
5522;5;4
5523;5;3
5524;5;4
5525;5;4
5526;5;3
5527;5;3
5528;5;4
5529;5;3
5530;5;3
5531;5;1
5532;5;1
5533;5;3
5534;5;4
5535;5;4
5536;5;3
5537;5;3
5538;5;1
5539;5;4
5540;5;3
5541;5;4
5542;5;1
5543;5;3
5544;5;4
5545;5;3
5546;5;3
5547;5;4
5548;5;4
5549;5;3
5550;5;4
5551;5;1
5552;5;1
5553;5;4
5554;5;4
5555;5;1
5556;5;3
5557;5;3
5558;5;1
5559;5;1
5560;5;3
5561;5;3
5562;5;3
5563;5;4
5564;5;3
5565;5;1
5566;5;3
5567;5;1
5568;5;4
5569;5;3
5570;5;3
5571;5;4
5572;5;1
5573;5;4
5574;5;3
5575;5;3
5576;5;3
5577;5;1
5578;5;3
5579;5;4
5580;5;1
5581;5;4
5582;5;3
5583;5;4
5584;5;3
5585;5;4
5586;5;3
5587;5;3
5588;5;4
5589;5;1
5590;5;1
5591;5;3
5592;5;3
5593;5;1
5594;5;3
5595;5;4
5596;5;4
5597;5;4
5598;5;3
5599;5;4
5600;5;3
5601;5;3
5602;5;3
5603;5;4
5604;5;3
5605;5;1
5606;5;3
5607;5;4
5608;5;4
5609;5;4
5610;5;4
5611;5;3
5612;5;1
5613;5;3
5614;5;4
5615;5;4
5616;5;4
5617;5;4
5618;5;4
5619;5;4
5620;5;1
5621;5;4
5622;5;3
5623;5;3
5624;5;4
5625;5;4
5626;5;4
5627;5;4
5628;5;1
5629;5;4
5630;5;1
5631;5;4
5632;5;3
5633;5;4
5634;5;4
5635;5;4
5636;5;3
5637;5;4
5638;5;4
5639;5;3
5640;5;1
5641;5;4
5642;5;2
5643;5;4
5644;5;3
5645;5;4
5646;5;4
5647;5;1
5648;5;3
5649;5;1
5650;5;4
5651;5;1
5652;5;4
5653;5;1
5654;5;4
5655;5;4
5656;5;4
5657;5;3
5658;5;4
5659;5;4
5660;5;1
5661;5;4
5662;5;3
5663;5;3
5664;5;4
5665;5;3
5666;5;3
5667;5;4
5668;5;1
5669;5;4
5670;5;4
5671;5;4
5672;5;3
5673;5;3
5674;5;3
5675;5;1
5676;5;3
5677;5;3
5678;5;4
5679;5;4
5680;5;4
5681;5;4
5682;5;3
5683;5;3
5684;5;1
5685;5;1
5686;5;3
5687;5;4
5688;5;3
5689;5;1
5690;5;4
5691;5;4
5692;5;4
5693;5;1
5694;5;3
5695;5;3
5696;5;4
5697;5;4
5698;5;3
5699;5;4
5700;5;3
5701;5;3
5702;5;4
5703;5;1
5704;5;4
5705;5;4
5706;5;4
5707;5;3
5708;5;1
5709;5;1
5710;5;4
5711;5;3
5712;5;3
5713;5;3
5714;5;3
5715;5;1
5716;5;3
5717;5;1
5718;5;1
5719;5;3
5720;5;1
5721;5;3
5722;5;4
5723;5;3
5724;5;3
5725;5;4
5726;5;3
5727;5;4
5728;5;4
5729;5;4
5730;5;3
5731;5;4
5732;5;3
5733;5;1
5734;5;4
5735;5;4
5736;5;3
5737;5;3
5738;5;3
5739;5;1
5740;5;1
5741;5;4
5742;5;3
5743;5;1
5744;5;4
5745;5;4
5746;5;3
5747;5;1
5748;5;3
5749;5;4
5750;5;3
5751;5;4
5752;5;2
5753;5;3
5754;5;4
5755;5;3
5756;5;3
5757;5;1
5758;5;4
5759;5;4
5760;5;3
5761;5;4
5762;5;4
5763;5;1
5764;5;1
5765;5;1
5766;5;4
5767;5;3
5768;5;3
5769;5;3
5770;5;4
5771;5;1
5772;5;3
5773;5;3
5774;5;3
5775;5;1
5776;5;1
5777;5;4
5778;5;4
5779;5;4
5780;5;3
5781;5;3
5782;5;2
5783;5;4
5784;5;1
5785;5;1
5786;5;4
5787;5;1
5788;5;4
5789;5;3
5790;5;3
5791;5;1
5792;5;1
5793;5;3
5794;5;3
5795;5;3
5796;5;4
5797;5;3
5798;5;4
5799;5;4
5800;5;4
5801;5;4
5802;5;4
5803;5;1
5804;5;1
5805;5;3
5806;5;4
5807;5;1
5808;5;3
5809;5;3
5810;5;3
5811;5;3
5812;5;3
5813;5;4
5814;5;4
5815;5;4
5816;5;4
5817;5;4
5818;5;3
5819;5;4
5820;5;4
5821;5;3
5822;5;3
5823;5;4
5824;5;3
5825;5;3
5826;5;4
5827;5;3
5828;5;4
5829;5;3
5830;5;4
5831;5;1
5832;5;3
5833;5;4
5834;5;4
5835;5;1
5836;5;1
5837;5;1
5838;5;1
5839;5;1
5840;5;1
5841;5;1
5842;5;3
5843;5;1
5844;5;4
5845;5;3
5846;5;4
5847;5;4
5848;5;3
5849;5;3
5850;5;3
5851;5;3
5852;5;1
5853;5;4
5854;5;1
5855;5;3
5856;5;3
5857;5;4
5858;5;1
5859;5;1
5860;5;1
5861;5;1
5862;5;4
5863;5;1
5864;5;4
5865;5;4
5866;5;4
5867;5;4
5868;5;3
5869;5;4
5870;5;3
5871;5;3
5872;5;4
5873;5;4
5874;5;3
5875;5;4
5876;5;4
5877;5;4
5878;5;4
5879;5;3
5880;5;1
5881;5;3
5882;5;3
5883;5;4
5884;5;4
5885;5;4
5886;5;4
5887;5;3
5888;5;3
5889;5;1
5890;5;3
5891;5;4
5892;5;3
5893;5;1
5894;5;3
5895;5;2
5896;5;1
5897;5;3
5898;5;4
5899;5;4
5900;5;4
5901;5;1
5902;5;3
5903;5;4
5904;5;4
5905;5;4
5906;5;4
5907;5;4
5908;5;3
5909;5;1
5910;5;4
5911;5;1
5912;5;3
5913;5;4
5914;5;3
5915;5;3
5916;5;3
5917;5;4
5918;5;4
5919;5;3
5920;5;4
5921;5;3
5922;5;4
5923;5;3
5924;5;4
5925;5;4
5926;5;3
5927;5;3
5928;5;3
5929;5;4
5930;5;3
5931;5;4
5932;5;3
5933;5;4
5934;5;3
5935;5;1
5936;5;3
5937;5;2
5938;5;3
5939;5;4
5940;5;1
5941;5;3
5942;5;1
5943;5;3
5944;5;3
5945;5;3
5946;5;4
5947;5;3
5948;5;4
5949;5;1
5950;5;3
5951;5;3
5952;5;1
5953;5;1
5954;5;1
5955;5;3
5956;5;3
5957;5;1
5958;5;4
5959;5;3
5960;5;3
5961;5;4
5962;5;3
5963;5;3
5964;5;1
5965;5;3
5966;5;1
5967;5;4
5968;5;3
5969;5;3
5970;5;4
5971;5;3
5972;5;3
5973;5;4
5974;5;3
5975;5;4
5976;5;1
5977;5;3
5978;5;3
5979;5;3
5980;5;4
5981;5;3
5982;5;3
5983;5;3
5984;5;3
5985;5;3
5986;5;1
5987;5;3
5988;5;1
5989;5;3
5990;5;3
5991;5;3
5992;5;1
5993;5;4
5994;5;3
5995;5;3
5996;5;1
5997;5;3
5998;5;3
5999;5;3
6000;5;1
6001;5;3
6002;5;3
6003;5;3
6004;5;1
6005;5;1
6006;5;4
6007;5;4
6008;5;4
6009;5;3
6010;5;4
6011;5;3
6012;5;3
6013;5;1
6014;5;1
6015;5;1
6016;5;3
6017;5;3
6018;5;4
6019;5;1
6020;5;3
6021;5;3
6022;5;4
6023;5;2
6024;5;2
6025;5;3
6026;5;3
6027;5;3
6028;5;2
6029;5;4
6030;5;3
6031;5;3
6032;5;4
6033;5;3
6034;5;3
6035;5;3
6036;5;3
6037;5;3
6038;5;4
6039;5;3
6040;5;4
6041;5;4
6042;5;3
6043;5;1
6044;5;3
6045;5;3
6046;5;4
6047;5;4
6048;5;3
6049;5;4
6050;5;4
6051;5;1
6052;5;4
6053;5;4
6054;5;4
6055;5;3
6056;5;4
6057;5;1
6058;5;3
6059;5;3
6060;5;3
6061;5;4
6062;5;3
6063;5;1
6064;5;3
6065;5;4
6066;5;3
6067;5;4
6068;5;3
6069;5;4
6070;5;4
6071;5;3
6072;5;3
6073;5;3
6074;5;4
6075;5;4
6076;5;3
6077;5;1
6078;5;3
6079;5;1
6080;5;4
6081;5;4
6082;5;3
6083;5;1
6084;5;3
6085;5;1
6086;5;3
6087;5;4
6088;5;3
6089;5;1
6090;5;4
6091;5;1
6092;5;3
6093;5;4
6094;5;4
6095;5;4
6096;5;4
6097;5;3
6098;5;4
6099;5;4
6100;5;4
6101;5;4
6102;5;4
6103;5;1
6104;5;3
6105;5;1
6106;5;3
6107;5;3
6108;5;1
6109;5;4
6110;5;4
6111;5;2
6112;5;1
6113;5;4
6114;5;4
6115;5;4
6116;5;4
6117;5;3
6118;5;1
6119;5;4
6120;5;1
6121;5;4
6122;5;3
6123;5;1
6124;5;2
6125;5;3
6126;5;4
6127;5;3
6128;5;1
6129;5;4
6130;5;4
6131;5;3
6132;5;3
6133;5;4
6134;5;3
6135;5;3
6136;5;4
6137;5;4
6138;5;3
6139;5;3
6140;5;3
6141;5;4
6142;5;4
6143;5;4
6144;5;4
6145;5;1
6146;5;4
6147;5;4
6148;5;3
6149;5;4
6150;5;1
6151;5;4
6152;5;1
6153;5;3
6154;5;3
6155;5;1
6156;5;4
6157;5;4
6158;5;3
6159;5;3
6160;5;1
6161;5;3
6162;5;4
6163;5;3
6164;5;1
6165;5;1
6166;5;3
6167;5;4
6168;5;4
6169;5;3
6170;5;4
6171;5;1
6172;5;3
6173;5;4
6174;5;1
6175;5;4
6176;5;4
6177;5;4
6178;5;4
6179;5;4
6180;5;3
6181;5;4
6182;5;3
6183;5;4
6184;5;4
6185;5;1
6186;5;4
6187;5;4
6188;5;4
6189;5;3
6190;5;3
6191;5;3
6192;5;3
6193;5;1
6194;5;1
6195;5;3
6196;5;3
6197;5;4
6198;5;3
6199;5;1
6200;5;4
6201;5;4
6202;5;4
6203;5;1
6204;5;4
6205;5;3
6206;5;4
6207;5;4
6208;5;3
6209;5;4
6210;5;4
6211;5;4
6212;5;4
6213;5;4
6214;5;4
6215;5;3
6216;5;3
6217;5;4
6218;5;3
6219;5;1
6220;5;4
6221;5;1
6222;5;4
6223;5;4
6224;5;4
6225;5;4
6226;5;3
6227;5;1
6228;5;1
6229;5;3
6230;5;1
6231;5;3
6232;5;3
6233;5;3
6234;5;4
6235;5;1
6236;5;3
6237;5;1
6238;5;4
6239;5;4
6240;5;4
6241;5;1
6242;5;4
6243;5;3
6244;5;1
6245;5;4
6246;5;1
6247;5;4
6248;5;3
6249;5;1
6250;5;3
6251;5;3
6252;5;3
6253;5;1
6254;5;3
6255;5;1
6256;5;3
6257;5;4
6258;5;1
6259;5;4
6260;5;4
6261;5;4
6262;5;1
6263;5;1
6264;5;4
6265;5;4
6266;5;4
6267;5;3
6268;5;4
6269;5;3
6270;5;4
6271;5;4
6272;5;4
6273;5;4
6274;5;1
6275;5;1
6276;5;1
6277;5;4
6278;5;3
6279;5;4
6280;5;1
6281;5;1
6282;5;3
6283;5;4
6284;5;3
6285;5;4
6286;5;4
6287;5;3
6288;5;4
6289;5;3
6290;5;4
6291;5;3
6292;5;4
6293;5;4
6294;5;4
6295;5;1
6296;5;3
6297;5;3
6298;5;1
6299;5;4
6300;5;3
6301;5;1
6302;5;4
6303;5;4
6304;5;4
6305;5;3
6306;5;4
6307;5;4
6308;5;4
6309;5;4
6310;5;4
6311;5;4
6312;5;3
6313;5;3
6314;5;1
6315;5;4
6316;5;4
6317;5;4
6318;5;1
6319;5;4
6320;5;4
6321;5;4
6322;5;3
6323;5;1
6324;5;3
6325;5;1
6326;5;3
6327;5;1
6328;5;1
6329;5;1
6330;5;1
6331;5;4
6332;5;4
6333;5;3
6334;5;1
6335;5;4
6336;5;4
6337;5;1
6338;5;1
6339;5;1
6340;5;4
6341;5;3
6342;5;4
6343;5;1
6344;5;3
6345;5;3
6346;5;1
6347;5;1
6348;5;1
6349;5;4
6350;5;1
6351;5;1
6352;5;1
6353;5;1
6354;5;1
6355;5;1
6356;5;4
6357;5;4
6358;5;4
6359;5;4
6360;5;3
6361;5;4
6362;5;4
6363;5;4
6364;5;3
6365;5;4
6366;5;4
6367;5;4
6368;5;1
6369;5;4
6370;5;4
6371;5;4
6372;5;4
6373;5;4
6374;5;4
6375;5;4
6376;5;4
6377;5;3
6378;5;4
6379;5;4
6380;5;1
6381;5;4
6382;5;4
6383;5;1
6384;5;4
6385;5;4
6386;5;4
6387;5;4
6388;5;4
6389;5;3
6390;5;1
6391;5;3
6392;5;3
6393;5;4
6394;5;3
6395;5;3
6396;5;3
6397;5;2
6398;5;3
6399;5;4
6400;5;3
6401;5;1
6402;5;3
6403;5;3
6404;5;1
6405;5;3
6406;5;4
6407;5;3
6408;5;3
6409;5;3
6410;5;4
6411;5;1
6412;5;1
6413;5;3
6414;5;4
6415;5;4
6416;5;1
6417;5;4
6418;5;3
6419;5;3
6420;5;4
6421;5;3
6422;5;1
6423;5;3
6424;5;3
6425;5;1
6426;5;3
6427;5;3
6428;5;4
6429;5;1
6430;5;3
6431;5;4
6432;5;3
6433;5;4
6434;5;4
6435;5;4
6436;5;1
6437;5;4
6438;5;4
6439;5;4
6440;5;4
6441;5;4
6442;5;3
6443;5;1
6444;5;1
6445;5;4
6446;5;3
6447;5;1
6448;5;4
6449;5;2
6450;5;3
6451;5;1
6452;5;4
6453;5;4
6454;5;4
6455;5;4
6456;5;3
6457;5;3
6458;5;1
6459;5;4
6460;5;3
6461;5;4
6462;5;4
6463;5;4
6464;5;3
6465;5;3
6466;5;4
6467;5;4
6468;5;4
6469;5;1
6470;5;1
6471;5;4
6472;5;3
6473;5;4
6474;5;4
6475;5;4
6476;5;4
6477;5;1
6478;5;3
6479;5;3
6480;5;3
6481;5;3
6482;5;4
6483;5;4
6484;5;4
6485;5;1
6486;5;1
6487;5;4
6488;5;3
6489;5;1
6490;5;3
6491;5;4
6492;5;3
6493;5;3
6494;5;4
6495;5;4
6496;5;1
6497;5;4
6498;5;1
6499;5;4
6500;5;3
6501;5;1
6502;5;4
6503;5;3
6504;5;3
6505;5;4
6506;5;4
6507;5;3
6508;5;4
6509;5;1
6510;5;1
6511;5;4
6512;5;3
6513;5;3
6514;5;3
6515;5;4
6516;5;4
6517;5;1
6518;5;3
6519;5;3
6520;5;1
6521;5;1
6522;5;1
6523;5;4
6524;5;4
6525;5;4
6526;5;3
6527;5;4
6528;5;4
6529;5;4
6530;5;3
6531;5;4
6532;5;3
6533;5;4
6534;5;3
6535;5;3
6536;5;3
6537;5;4
6538;5;4
6539;5;3
6540;5;3
6541;5;4
6542;5;4
6543;5;3
6544;5;1
6545;5;4
6546;5;3
6547;5;1
6548;5;4
6549;5;1
6550;5;4
6551;5;1
6552;5;1
6553;5;4
6554;5;2
6555;5;4
6556;5;1
6557;5;4
6558;5;1
6559;5;4
6560;5;1
6561;5;4
6562;5;4
6563;5;4
6564;5;1
6565;5;1
6566;5;3
6567;5;4
6568;5;1
6569;5;1
6570;5;1
6571;5;1
6572;5;3
6573;5;1
6574;5;3
6575;5;4
6576;5;3
6577;5;3
6578;5;4
6579;5;1
6580;5;4
6581;5;3
6582;5;3
6583;5;4
6584;5;4
6585;5;4
6586;5;4
6587;5;3
6588;5;4
6589;5;1
6590;5;3
6591;5;3
6592;5;3
6593;5;3
6594;5;3
6595;5;4
6596;5;4
6597;5;3
6598;5;3
6599;5;4
6600;5;3
6601;5;4
6602;5;4
6603;5;4
6604;5;3
6605;5;1
6606;5;1
6607;5;3
6608;5;3
6609;5;1
6610;5;3
6611;5;3
6612;5;4
6613;5;4
6614;5;3
6615;5;4
6616;5;3
6617;5;3
6618;5;4
6619;5;4
6620;5;3
6621;5;3
6622;5;4
6623;5;4
6624;5;3
6625;5;1
6626;5;1
6627;5;1
6628;5;3
6629;5;1
6630;5;1
6631;5;1
6632;5;3
6633;5;4
6634;5;3
6635;5;4
6636;5;3
6637;5;4
6638;5;3
6639;5;4
6640;5;1
6641;5;1
6642;5;3
6643;5;4
6644;5;4
6645;5;1
6646;5;3
6647;5;3
6648;5;3
6649;5;4
6650;5;4
6651;5;3
6652;5;2
6653;5;1
6654;5;3
6655;5;4
6656;5;3
6657;5;4
6658;5;4
6659;5;3
6660;5;3
6661;5;3
6662;5;3
6663;5;3
6664;5;4
6665;5;3
6666;5;4
6667;5;3
6668;5;4
6669;5;3
6670;5;4
6671;5;3
6672;5;3
6673;5;3
6674;5;3
6675;5;3
6676;5;4
6677;5;3
6678;5;3
6679;5;1
6680;5;4
6681;5;3
6682;5;3
6683;5;3
6684;5;3
6685;5;4
6686;5;3
6687;5;3
6688;5;3
6689;5;3
6690;5;3
6691;5;1
6692;5;3
6693;5;4
6694;5;3
6695;5;1
6696;5;4
6697;5;4
6698;5;4
6699;5;4
6700;5;4
6701;5;4
6702;5;4
6703;5;4
6704;5;4
6705;5;3
6706;5;3
6707;5;3
6708;5;4
6709;5;4
6710;5;3
6711;5;4
6712;5;4
6713;5;3
6714;5;4
6715;5;4
6716;5;3
6717;5;4
6718;5;1
6719;5;4
6720;5;4
6721;5;3
6722;5;2
6723;5;4
6724;5;4
6725;5;4
6726;5;1
6727;5;3
6728;5;4
6729;5;3
6730;5;4
6731;5;4
6732;5;4
6733;5;1
6734;5;4
6735;5;4
6736;5;3
6737;5;4
6738;5;3
6739;5;4
6740;5;3
6741;5;4
6742;5;3
6743;5;1
6744;5;4
6745;5;4
6746;5;4
6747;5;1
6748;5;4
6749;5;3
6750;5;4
6751;5;4
6752;5;4
6753;5;4
6754;5;4
6755;5;3
6756;5;4
6757;5;3
6758;5;4
6759;5;4
6760;5;4
6761;5;1
6762;5;3
6763;5;4
6764;5;4
6765;5;4
6766;5;1
6767;5;1
6768;5;4
6769;5;1
6770;5;4
6771;5;3
6772;5;4
6773;5;4
6774;5;4
6775;5;1
6776;5;3
6777;5;3
6778;5;4
6779;5;1
6780;5;4
6781;5;4
6782;5;4
6783;5;4
6784;5;4
6785;5;4
6786;5;1
6787;5;1
6788;5;1
6789;5;4
6790;5;3
6791;5;1
6792;5;3
6793;5;1
6794;5;1
6795;5;3
6796;5;4
6797;5;4
6798;5;4
6799;5;4
6800;5;4
6801;5;4
6802;5;4
6803;5;4
6804;5;3
6805;5;4
6806;5;4
6807;5;4
6808;5;3
6809;5;3
6810;5;4
6811;5;4
6812;5;3
6813;5;4
6814;5;4
6815;5;1
6816;5;4
6817;5;4
6818;5;4
6819;5;1
6820;5;4
6821;5;4
6822;5;4
6823;5;3
6824;5;3
6825;5;4
6826;5;4
6827;5;3
6828;5;4
6829;5;1
6830;5;1
6831;5;4
6832;5;4
6833;5;4
6834;5;4
6835;5;4
6836;5;3
6837;5;3
6838;5;4
6839;5;3
6840;5;3
6841;5;1
6842;5;2
6843;5;3
6844;5;4
6845;5;3
6846;5;3
6847;5;3
6848;5;3
6849;5;2
6850;5;4
6851;5;3
6852;5;2
6853;5;4
6854;5;4
6855;5;1
6856;5;1
6857;5;4
6858;5;4
6859;5;4
6860;5;4
6861;5;4
6862;5;3
6863;5;4
6864;5;3
6865;5;4
6866;5;4
6867;5;3
6868;5;4
6869;5;4
6870;5;4
6871;5;1
6872;5;3
6873;5;4
6874;5;1
6875;5;3
6876;5;3
6877;5;1
6878;5;4
6879;5;4
6880;5;3
6881;5;1
6882;5;4
6883;5;3
6884;5;4
6885;5;1
6886;5;4
6887;5;4
6888;5;1
6889;5;4
6890;5;2
6891;5;4
6892;5;1
6893;5;4
6894;5;3
6895;5;1
6896;5;4
6897;5;3
6898;5;1
6899;5;4
6900;5;3
6901;5;4
6902;5;1
6903;5;4
6904;5;4
6905;5;1
6906;5;1
6907;5;3
6908;5;3
6909;5;4
6910;5;3
6911;5;4
6912;5;3
6913;5;3
6914;5;3
6915;5;3
6916;5;4
6917;5;4
6918;5;1
6919;5;3
6920;5;4
6921;5;3
6922;5;1
6923;5;3
6924;5;4
6925;5;1
6926;5;4
6927;5;3
6928;5;4
6929;5;3
6930;5;4
6931;5;1
6932;5;3
6933;5;4
6934;5;1
6935;5;4
6936;5;4
6937;5;3
6938;5;3
6939;5;1
6940;5;3
6941;5;3
6942;5;4
6943;5;3
6944;5;3
6945;5;3
6946;5;3
6947;5;3
6948;5;1
6949;5;4
6950;5;4
6951;5;4
6952;5;4
6953;5;3
6954;5;4
6955;5;4
6956;5;3
6957;5;3
6958;5;1
6959;5;3
6960;5;4
6961;5;4
6962;5;3
6963;5;3
6964;5;4
6965;5;3
6966;5;3
6967;5;3
6968;5;1
6969;5;1
6970;5;1
6971;5;1
6972;5;3
6973;5;3
6974;5;4
6975;5;4
6976;5;1
6977;5;3
6978;5;4
6979;5;4
6980;5;4
6981;5;3
6982;5;4
6983;5;3
6984;5;4
6985;5;4
6986;5;4
6987;5;4
6988;5;3
6989;5;3
6990;5;3
6991;5;3
6992;5;3
6993;5;4
6994;5;1
6995;5;3
6996;5;3
6997;5;4
6998;5;4
6999;5;1
7000;5;4
7001;5;4
7002;5;3
7003;5;1
7004;5;1
7005;5;4
7006;5;1
7007;5;3
7008;5;3
7009;5;4
7010;5;1
7011;5;4
7012;5;4
7013;5;3
7014;5;4
7015;5;4
7016;5;4
7017;5;3
7018;5;4
7019;5;4
7020;5;3
7021;5;3
7022;5;4
7023;5;4
7024;5;1
7025;5;3
7026;5;4
7027;5;3
7028;5;3
7029;5;3
7030;5;2
7031;5;4
7032;5;3
7033;5;1
7034;5;1
7035;5;3
7036;5;3
7037;5;3
7038;5;4
7039;5;3
7040;5;4
7041;5;3
7042;5;4
7043;5;4
7044;5;3
7045;5;3
7046;5;3
7047;5;3
7048;5;3
7049;5;3
7050;5;4
7051;5;3
7052;5;3
7053;5;3
7054;5;3
7055;5;1
7056;5;4
7057;5;3
7058;5;4
7059;5;4
7060;5;3
7061;5;3
7062;5;3
7063;5;3
7064;5;4
7065;5;3
7066;5;3
7067;5;4
7068;5;4
7069;5;1
7070;5;1
7071;5;3
7072;5;3
7073;5;4
7074;5;4
7075;5;4
7076;5;3
7077;5;1
7078;5;1
7079;5;3
7080;5;4
7081;5;4
7082;5;4
7083;5;3
7084;5;1
7085;5;3
7086;5;3
7087;5;4
7088;5;4
7089;5;4
7090;5;4
7091;5;4
7092;5;3
7093;5;3
7094;5;4
7095;5;3
7096;5;1
7097;5;4
7098;5;1
7099;5;3
7100;5;4
7101;5;3
7102;5;4
7103;5;3
7104;5;4
7105;5;4
7106;5;4
7107;5;4
7108;5;4
7109;5;3
7110;5;3
7111;5;4
7112;5;3
7113;5;3
7114;5;4
7115;5;1
7116;5;1
7117;5;1
7118;5;1
7119;5;1
7120;5;1
7121;5;4
7122;5;4
7123;5;3
7124;5;4
7125;5;4
7126;5;4
7127;5;4
7128;5;4
7129;5;4
7130;5;4
7131;5;4
7132;5;3
7133;5;3
7134;5;3
7135;5;4
7136;5;3
7137;5;4
7138;5;3
7139;5;4
7140;5;4
7141;5;3
7142;5;4
7143;5;4
7144;5;3
7145;5;3
7146;5;1
7147;5;1
7148;5;4
7149;5;4
7150;5;4
7151;5;1
7152;5;3
7153;5;1
7154;5;3
7155;5;3
7156;5;3
7157;5;4
7158;5;4
7159;5;1
7160;5;3
7161;5;3
7162;5;3
7163;5;3
7164;5;4
7165;5;4
7166;5;1
7167;5;3
7168;5;3
7169;5;4
7170;5;3
7171;5;4
7172;5;4
7173;5;3
7174;5;4
7175;5;4
7176;5;3
7177;5;4
7178;5;4
7179;5;4
7180;5;3
7181;5;1
7182;5;4
7183;5;3
7184;5;4
7185;5;4
7186;5;4
7187;5;4
7188;5;3
7189;5;1
7190;5;1
7191;5;4
7192;5;3
7193;5;4
7194;5;4
7195;5;4
7196;5;1
7197;5;3
7198;5;4
7199;5;4
7200;5;3
7201;5;3
7202;5;1
7203;5;4
7204;5;1
7205;5;3
7206;5;1
7207;5;3
7208;5;1
7209;5;1
7210;5;4
7211;5;4
7212;5;3
7213;5;4
7214;5;3
7215;5;4
7216;5;1
7217;5;3
7218;5;4
7219;5;1
7220;5;1
7221;5;3
7222;5;3
7223;5;4
7224;5;4
7225;5;4
7226;5;4
7227;5;1
7228;5;1
7229;5;4
7230;5;3
7231;5;4
7232;5;4
7233;5;4
7234;5;4
7235;5;3
7236;5;3
7237;5;3
7238;5;1
7239;5;3
7240;5;3
7241;5;4
7242;5;2
7243;5;3
7244;5;3
7245;5;1
7246;5;1
7247;5;4
7248;5;4
7249;5;3
7250;5;3
7251;5;3
7252;5;3
7253;5;2
7254;5;4
7255;5;4
7256;5;3
7257;5;3
7258;5;3
7259;5;3
7260;5;4
7261;5;4
7262;5;4
7263;5;3
7264;5;3
7265;5;3
7266;5;3
7267;5;3
7268;5;3
7269;5;3
7270;5;4
7271;5;3
7272;5;3
7273;5;3
7274;5;3
7275;5;4
7276;5;4
7277;5;4
7278;5;3
7279;5;4
7280;5;1
7281;5;3
7282;5;4
7283;5;3
7284;5;4
7285;5;3
7286;5;4
7287;5;4
7288;5;4
7289;5;3
7290;5;4
7291;5;4
7292;5;4
7293;5;2
7294;5;3
7295;5;4
7296;5;4
7297;5;4
7298;5;3
7299;5;3
7300;5;4
7301;5;1
7302;5;3
7303;5;4
7304;5;4
7305;5;4
7306;5;3
7307;5;4
7308;5;3
7309;5;3
7310;5;3
7311;5;4
7312;5;3
7313;5;4
7314;5;4
7315;5;3
7316;5;4
7317;5;1
7318;5;4
7319;5;4
7320;5;3
7321;5;3
7322;5;1
7323;5;3
7324;5;4
7325;5;4
7326;5;1
7327;5;3
7328;5;1
7329;5;4
7330;5;4
7331;5;4
7332;5;4
7333;5;1
7334;5;4
7335;5;3
7336;5;4
7337;5;4
7338;5;4
7339;5;3
7340;5;4
7341;5;3
7342;5;4
7343;5;4
7344;5;4
7345;5;4
7346;5;4
7347;5;3
7348;5;3
7349;5;4
7350;5;2
7351;5;3
7352;5;3
7353;5;1
7354;5;4
7355;5;1
7356;5;4
7357;5;4
7358;5;4
7359;5;3
7360;5;4
7361;5;4
7362;5;1
7363;5;3
7364;5;4
7365;5;3
7366;5;3
7367;5;4
7368;5;4
7369;5;4
7370;5;4
7371;5;4
7372;5;1
7373;5;3
7374;5;3
7375;5;4
7376;5;3
7377;5;1
7378;5;1
7379;5;3
7380;5;1
7381;5;1
7382;5;3
7383;5;4
7384;5;3
7385;5;4
7386;5;2
7387;5;4
7388;5;3
7389;5;4
7390;5;4
7391;5;3
7392;5;4
7393;5;1
7394;5;3
7395;5;4
7396;5;4
7397;5;1
7398;5;3
7399;5;4
7400;5;1
7401;5;3
7402;5;4
7403;5;1
7404;5;4
7405;5;1
7406;5;1
7407;5;4
7408;5;4
7409;5;3
7410;5;2
7411;5;4
7412;5;3
7413;5;4
7414;5;1
7415;5;4
7416;5;4
7417;5;3
7418;5;3
7419;5;4
7420;5;3
7421;5;4
7422;5;3
7423;5;1
7424;5;3
7425;5;1
7426;5;3
7427;5;3
7428;5;1
7429;5;3
7430;5;4
7431;5;1
7432;5;3
7433;5;1
7434;5;4
7435;5;4
7436;5;4
7437;5;4
7438;5;4
7439;5;4
7440;5;2
7441;5;1
7442;5;3
7443;5;3
7444;5;4
7445;5;3
7446;5;3
7447;5;4
7448;5;4
7449;5;3
7450;5;1
7451;5;3
7452;5;3
7453;5;3
7454;5;2
7455;5;1
7456;5;4
7457;5;4
7458;5;3
7459;5;1
7460;5;3
7461;5;3
7462;5;4
7463;5;3
7464;5;4
7465;5;4
7466;5;3
7467;5;3
7468;5;3
7469;5;3
7470;5;3
7471;5;4
7472;5;4
7473;5;1
7474;5;4
7475;5;1
7476;5;4
7477;5;1
7478;5;4
7479;5;3
7480;5;3
7481;5;4
7482;5;4
7483;5;3
7484;5;4
7485;5;4
7486;5;3
7487;5;3
7488;5;1
7489;5;4
7490;5;3
7491;5;3
7492;5;3
7493;5;1
7494;5;4
7495;5;3
7496;5;1
7497;5;4
7498;5;4
7499;5;3
7500;5;3
7501;5;1
7502;5;3
7503;5;3
7504;5;1
7505;5;3
7506;5;3
7507;5;4
7508;5;4
7509;5;4
7510;5;3
7511;5;3
7512;5;1
7513;5;3
7514;5;1
7515;5;3
7516;5;4
7517;5;4
7518;5;4
7519;5;4
7520;5;1
7521;5;3
7522;5;3
7523;5;4
7524;5;1
7525;5;1
7526;5;3
7527;5;3
7528;5;1
7529;5;4
7530;5;4
7531;5;1
7532;5;1
7533;5;1
7534;5;3
7535;5;4
7536;5;4
7537;5;4
7538;5;1
7539;5;3
7540;5;4
7541;5;4
7542;5;4
7543;5;4
7544;5;4
7545;5;4
7546;5;4
7547;5;3
7548;5;4
7549;5;3
7550;5;1
7551;5;1
7552;5;3
7553;5;4
7554;5;3
7555;5;4
7556;5;4
7557;5;4
7558;5;3
7559;5;4
7560;5;3
7561;5;3
7562;5;3
7563;5;3
7564;5;4
7565;5;3
7566;5;3
7567;5;3
7568;5;3
7569;5;1
7570;5;3
7571;5;4
7572;5;3
7573;5;4
7574;5;3
7575;5;4
7576;5;4
7577;5;4
7578;5;3
7579;5;3
7580;5;4
7581;5;3
7582;5;4
7583;5;4
7584;5;4
7585;5;4
7586;5;3
7587;5;3
7588;5;4
7589;5;4
7590;5;1
7591;5;1
7592;5;3
7593;5;4
7594;5;4
7595;5;3
7596;5;1
7597;5;3
7598;5;1
7599;5;3
7600;5;3
7601;5;4
7602;5;1
7603;5;4
7604;5;4
7605;5;3
7606;5;3
7607;5;4
7608;5;4
7609;5;1
7610;5;1
7611;5;3
7612;5;3
7613;5;4
7614;5;3
7615;5;3
7616;5;4
7617;5;1
7618;5;1
7619;5;4
7620;5;1
7621;5;3
7622;5;3
7623;5;4
7624;5;4
7625;5;3
7626;5;4
7627;5;3
7628;5;3
7629;5;4
7630;5;3
7631;5;1
7632;5;2
7633;5;3
7634;5;1
7635;5;1
7636;5;1
7637;5;4
7638;5;4
7639;5;3
7640;5;3
7641;5;4
7642;5;1
7643;5;3
7644;5;3
7645;5;3
7646;5;1
7647;5;3
7648;5;1
7649;5;3
7650;5;1
7651;5;1
7652;5;3
7653;5;3
7654;5;3
7655;5;4
7656;5;3
7657;5;1
7658;5;1
7659;5;4
7660;5;4
7661;5;1
7662;5;4
7663;5;4
7664;5;4
7665;5;4
7666;5;4
7667;5;4
7668;5;3
7669;5;3
7670;5;3
7671;5;3
7672;5;4
7673;5;4
7674;5;3
7675;5;3
7676;5;4
7677;5;3
7678;5;4
7679;5;3
7680;5;4
7681;5;3
7682;5;3
7683;5;1
7684;5;4
7685;5;1
7686;5;1
7687;5;1
7688;5;1
7689;5;2
7690;5;4
7691;5;1
7692;5;4
7693;5;4
7694;5;3
7695;5;3
7696;5;3
7697;5;1
7698;5;3
7699;5;4
7700;5;3
7701;5;3
7702;5;3
7703;5;4
7704;5;3
7705;5;4
7706;5;1
7707;5;3
7708;5;4
7709;5;1
7710;5;4
7711;5;3
7712;5;3
7713;5;1
7714;5;1
7715;5;3
7716;5;1
7717;5;4
7718;5;3
7719;5;1
7720;5;3
7721;5;4
7722;5;3
7723;5;1
7724;5;4
7725;5;4
7726;5;3
7727;5;3
7728;5;4
7729;5;3
7730;5;3
7731;5;1
7732;5;4
7733;5;3
7734;5;3
7735;5;4
7736;5;1
7737;5;4
7738;5;2
7739;5;4
7740;5;3
7741;5;4
7742;5;1
7743;5;4
7744;5;3
7745;5;4
7746;5;3
7747;5;1
7748;5;3
7749;5;4
7750;5;3
7751;5;3
7752;5;4
7753;5;3
7754;5;4
7755;5;4
7756;5;3
7757;5;4
7758;5;4
7759;5;3
7760;5;4
7761;5;4
7762;5;4
7763;5;3
7764;5;1
7765;5;1
7766;5;3
7767;5;4
7768;5;1
7769;5;1
7770;5;4
7771;5;1
7772;5;1
7773;5;4
7774;5;4
7775;5;4
7776;5;4
7777;5;4
7778;5;4
7779;5;4
7780;5;4
7781;5;4
7782;5;1
7783;5;4
7784;5;3
7785;5;3
7786;5;3
7787;5;1
7788;5;4
7789;5;1
7790;5;3
7791;5;1
7792;5;3
7793;5;1
7794;5;3
7795;5;3
7796;5;1
7797;5;4
7798;5;1
7799;5;4
7800;5;3
7801;5;3
7802;5;4
7803;5;1
7804;5;1
7805;5;1
7806;5;1
7807;5;1
7808;5;4
7809;5;4
7810;5;4
7811;5;4
7812;5;3
7813;5;4
7814;5;1
7815;5;4
7816;5;4
7817;5;3
7818;5;4
7819;5;1
7820;5;3
7821;5;1
7822;5;3
7823;5;4
7824;5;3
7825;5;3
7826;5;3
7827;5;1
7828;5;1
7829;5;1
7830;5;3
7831;5;3
7832;5;1
7833;5;4
7834;5;2
7835;5;3
7836;5;3
7837;5;3
7838;5;3
7839;5;2
7840;5;1
7841;5;4
7842;5;4
7843;5;1
7844;5;4
7845;5;4
7846;5;3
7847;5;4
7848;5;2
7849;5;4
7850;5;4
7851;5;3
7852;5;1
7853;5;4
7854;5;4
7855;5;4
7856;5;4
7857;5;4
7858;5;4
7859;5;3
7860;5;3
7861;5;4
7862;5;4
7863;5;1
7864;5;4
7865;5;3
7866;5;4
7867;5;1
7868;5;3
7869;5;4
7870;5;1
7871;5;4
7872;5;1
7873;5;2
7874;5;3
7875;5;2
7876;5;1
7877;5;4
7878;5;3
7879;5;3
7880;5;3
7881;5;3
7882;5;4
7883;5;4
7884;5;3
7885;5;4
7886;5;3
7887;5;3
7888;5;4
7889;5;4
7890;5;1
7891;5;1
7892;5;4
7893;5;4
7894;5;1
7895;5;3
7896;5;1
7897;5;4
7898;5;2
7899;5;3
7900;5;3
7901;5;4
7902;5;4
7903;5;3
7904;5;1
7905;5;4
7906;5;2
7907;5;3
7908;5;1
7909;5;3
7910;5;1
7911;5;3
7912;5;4
7913;5;4
7914;5;3
7915;5;1
7916;5;1
7917;5;1
7918;5;4
7919;5;2
7920;5;4
7921;5;4
7922;5;4
7923;5;1
7924;5;4
7925;5;1
7926;5;3
7927;5;1
7928;5;1
7929;5;3
7930;5;1
7931;5;1
7932;5;3
7933;5;3
7934;5;3
7935;5;3
7936;5;3
7937;5;4
7938;5;1
7939;5;4
7940;5;4
7941;5;1
7942;5;4
7943;5;4
7944;5;1
7945;5;4
7946;5;4
7947;5;4
7948;5;4
7949;5;4
7950;5;3
7951;5;2
7952;5;3
7953;5;3
7954;5;1
7955;5;1
7956;5;1
7957;5;3
7958;5;4
7959;5;4
7960;5;4
7961;5;4
7962;5;4
7963;5;4
7964;5;4
7965;5;3
7966;5;4
7967;5;4
7968;5;3
7969;5;3
7970;5;1
7971;5;3
7972;5;3
7973;5;1
7974;5;4
7975;5;1
7976;5;1
7977;5;1
7978;5;3
7979;5;1
7980;5;1
7981;5;3
7982;5;4
7983;5;1
7984;5;3
7985;5;1
7986;5;1
7987;5;4
7988;5;3
7989;5;1
7990;5;4
7991;5;3
7992;5;4
7993;5;1
7994;5;3
7995;5;4
7996;5;3
7997;5;4
7998;5;3
7999;5;4
8000;5;1
8001;5;3
8002;5;3
8003;5;3
8004;5;3
8005;5;3
8006;5;3
8007;5;3
8008;5;1
8009;5;1
8010;5;1
8011;5;4
8012;5;4
8013;5;1
8014;5;3
8015;5;3
8016;5;1
8017;5;4
8018;5;3
8019;5;3
8020;5;3
8021;5;4
8022;5;4
8023;5;4
8024;5;3
8025;5;3
8026;5;4
8027;5;3
8028;5;4
8029;5;4
8030;5;4
8031;5;1
8032;5;3
8033;5;1
8034;5;4
8035;5;3
8036;5;4
8037;5;4
8038;5;4
8039;5;1
8040;5;3
8041;5;4
8042;5;4
8043;5;4
8044;5;4
8045;5;1
8046;5;3
8047;5;1
8048;5;4
8049;5;4
8050;5;3
8051;5;4
8052;5;4
8053;5;4
8054;5;1
8055;5;4
8056;5;1
8057;5;4
8058;5;4
8059;5;1
8060;5;1
8061;5;4
8062;5;4
8063;5;1
8064;5;4
8065;5;3
8066;5;4
8067;5;3
8068;5;3
8069;5;1
8070;5;3
8071;5;3
8072;5;3
8073;5;3
8074;5;4
8075;5;3
8076;5;3
8077;5;3
8078;5;4
8079;5;4
8080;5;4
8081;5;3
8082;5;3
8083;5;4
8084;5;1
8085;5;1
8086;5;1
8087;5;4
8088;5;4
8089;5;4
8090;5;4
8091;5;4
8092;5;1
8093;5;1
8094;5;3
8095;5;1
8096;5;3
8097;5;1
8098;5;4
8099;5;3
8100;5;1
8101;5;4
8102;5;4
8103;5;1
8104;5;3
8105;5;1
8106;5;1
8107;5;3
8108;5;4
8109;5;1
8110;5;3
8111;5;4
8112;5;1
8113;5;4
8114;5;3
8115;5;3
8116;5;4
8117;5;4
8118;5;1
8119;5;1
8120;5;3
8121;5;1
8122;5;3
8123;5;3
8124;5;3
8125;5;3
8126;5;3
8127;5;1
8128;5;4
8129;5;1
8130;5;3
8131;5;3
8132;5;3
8133;5;1
8134;5;3
8135;5;4
8136;5;4
8137;5;1
8138;5;1
8139;5;3
8140;5;4
8141;5;3
8142;5;4
8143;5;4
8144;5;1
8145;5;3
8146;5;4
8147;5;4
8148;5;3
8149;5;4
8150;5;4
8151;5;3
8152;5;4
8153;5;3
8154;5;3
8155;5;3
8156;5;1
8157;5;1
8158;5;4
8159;5;4
8160;5;1
8161;5;1
8162;5;4
8163;5;1
8164;5;1
8165;5;1
8166;5;3
8167;5;4
8168;5;3
8169;5;4
8170;5;3
8171;5;3
8172;5;1
8173;5;3
8174;5;1
8175;5;1
8176;5;4
8177;5;1
8178;5;3
8179;5;3
8180;5;4
8181;5;4
8182;5;3
8183;5;3
8184;5;3
8185;5;1
8186;5;4
8187;5;4
8188;5;1
8189;5;4
8190;5;1
8191;5;3
8192;5;1
8193;5;4
8194;5;4
8195;5;1
8196;5;1
8197;5;1
8198;5;4
8199;5;3
8200;5;1
8201;5;4
8202;5;1
8203;5;4
8204;5;1
8205;5;4
8206;5;3
8207;5;1
8208;5;3
8209;5;1
8210;5;4
8211;5;4
8212;5;4
8213;5;3
8214;5;3
8215;5;4
8216;5;3
8217;5;4
8218;5;4
8219;5;1
8220;5;3
8221;5;1
8222;5;4
8223;5;4
8224;5;4
8225;5;3
8226;5;3
8227;5;4
8228;5;1
8229;5;4
8230;5;1
8231;5;4
8232;5;4
8233;5;4
8234;5;1
8235;5;1
8236;5;3
8237;5;3
8238;5;3
8239;5;1
8240;5;4
8241;5;1
8242;5;4
8243;5;1
8244;5;4
8245;5;1
8246;5;4
8247;5;1
8248;5;4
8249;5;3
8250;5;1
8251;5;1
8252;5;4
8253;5;1
8254;5;1
8255;5;1
8256;5;1
8257;5;1
8258;5;4
8259;5;1
8260;5;1
8261;5;3
8262;5;4
8263;5;4
8264;5;4
8265;5;3
8266;5;3
8267;5;4
8268;5;4
8269;5;4
8270;5;4
8271;5;4
8272;5;3
8273;5;4
8274;5;3
8275;5;4
8276;5;3
8277;5;4
8278;5;3
8279;5;3
8280;5;4
8281;5;1
8282;5;2
8283;5;4
8284;5;3
8285;5;4
8286;5;1
8287;5;1
8288;5;3
8289;5;1
8290;5;4
8291;5;3
8292;5;4
8293;5;3
8294;5;3
8295;5;1
8296;5;1
8297;5;4
8298;5;3
8299;5;1
8300;5;1
8301;5;4
8302;5;3
8303;5;1
8304;5;3
8305;5;3
8306;5;3
8307;5;3
8308;5;3
8309;5;4
8310;5;3
8311;5;3
8312;5;4
8313;5;4
8314;5;3
8315;5;3
8316;5;4
8317;5;3
8318;5;3
8319;5;3
8320;5;3
8321;5;4
8322;5;1
8323;5;3
8324;5;3
8325;5;4
8326;5;4
8327;5;4
8328;5;1
8329;5;1
8330;5;3
8331;5;3
8332;5;3
8333;5;3
8334;5;3
8335;5;4
8336;5;3
8337;5;4
8338;5;4
8339;5;4
8340;5;3
8341;5;3
8342;5;4
8343;5;4
8344;5;1
8345;5;3
8346;5;3
8347;5;1
8348;5;1
8349;5;3
8350;5;3
8351;5;3
8352;5;3
8353;5;3
8354;5;1
8355;5;3
8356;5;1
8357;5;3
8358;5;3
8359;5;4
8360;5;4
8361;5;4
8362;5;4
8363;5;3
8364;5;2
8365;5;4
8366;5;4
8367;5;4
8368;5;4
8369;5;4
8370;5;3
8371;5;3
8372;5;3
8373;5;3
8374;5;3
8375;5;3
8376;5;3
8377;5;1
8378;5;1
8379;5;3
8380;5;4
8381;5;1
8382;5;4
8383;5;4
8384;5;4
8385;5;4
8386;5;1
8387;5;1
8388;5;4
8389;5;1
8390;5;3
8391;5;4
8392;5;1
8393;5;3
8394;5;3
8395;5;4
8396;5;4
8397;5;3
8398;5;4
8399;5;3
8400;5;4
8401;5;3
8402;5;3
8403;5;4
8404;5;4
8405;5;4
8406;5;4
8407;5;3
8408;5;4
8409;5;3
8410;5;3
8411;5;3
8412;5;3
8413;5;4
8414;5;4
8415;5;4
8416;5;1
8417;5;4
8418;5;3
8419;5;4
8420;5;4
8421;5;3
8422;5;3
8423;5;3
8424;5;4
8425;5;3
8426;5;4
8427;5;3
8428;5;4
8429;5;3
8430;5;3
8431;5;3
8432;5;3
8433;5;1
8434;5;3
8435;5;4
8436;5;4
8437;5;3
8438;5;1
8439;5;4
8440;5;4
8441;5;3
8442;5;3
8443;5;4
8444;5;4
8445;5;3
8446;5;4
8447;5;1
8448;5;1
8449;5;1
8450;5;4
8451;5;4
8452;5;1
8453;5;1
8454;5;3
8455;5;1
8456;5;1
8457;5;3
8458;5;1
8459;5;3
8460;5;4
8461;5;4
8462;5;4
8463;5;3
8464;5;3
8465;5;3
8466;5;3
8467;5;3
8468;5;3
8469;5;3
8470;5;3
8471;5;3
8472;5;3
8473;5;3
8474;5;1
8475;5;3
8476;5;3
8477;5;1
8478;5;4
8479;5;3
8480;5;3
8481;5;3
8482;5;3
8483;5;3
8484;5;4
8485;5;3
8486;5;1
8487;5;3
8488;5;4
8489;5;4
8490;5;3
8491;5;3
8492;5;3
8493;5;3
8494;5;1
8495;5;3
8496;5;3
8497;5;4
8498;5;2
8499;5;1
8500;5;4
8501;5;4
8502;5;3
8503;5;4
8504;5;1
8505;5;4
8506;5;1
8507;5;3
8508;5;4
8509;5;4
8510;5;4
8511;5;3
8512;5;1
8513;5;1
8514;5;1
8515;5;1
8516;5;1
8517;5;3
8518;5;1
8519;5;3
8520;5;1
8521;5;1
8522;5;4
8523;5;3
8524;5;1
8525;5;1
8526;5;3
8527;5;1
8528;5;4
8529;5;1
8530;5;3
8531;5;3
8532;5;4
8533;5;3
8534;5;1
8535;5;3
8536;5;3
8537;5;3
8538;5;3
8539;5;3
8540;5;3
8541;5;3
8542;5;4
8543;5;4
8544;5;3
8545;5;3
8546;5;3
8547;5;3
8548;5;1
8549;5;3
8550;5;3
8551;5;3
8552;5;1
8553;5;1
8554;5;3
8555;5;3
8556;5;1
8557;5;3
8558;5;1
8559;5;3
8560;5;4
8561;5;1
8562;5;1
8563;5;1
8564;5;1
8565;5;3
8566;5;3
8567;5;1
8568;5;3
8569;5;4
8570;5;4
8571;5;1
8572;5;3
8573;5;3
8574;5;2
8575;5;1
8576;5;4
8577;5;4
8578;5;1
8579;5;3
8580;5;3
8581;5;4
8582;5;3
8583;5;4
8584;5;3
8585;5;4
8586;5;3
8587;5;4
8588;5;4
8589;5;1
8590;5;3
8591;5;3
8592;5;4
8593;5;1
8594;5;3
8595;5;4
8596;5;4
8597;5;3
8598;5;1
8599;5;1
8600;5;3
8601;5;4
8602;5;1
8603;5;3
8604;5;1
8605;5;1
8606;5;3
8607;5;3
8608;5;4
8609;5;3
8610;5;3
8611;5;3
8612;5;3
8613;5;3
8614;5;3
8615;5;3
8616;5;3
8617;5;4
8618;5;3
8619;5;3
8620;5;1
8621;5;3
8622;5;3
8623;5;4
8624;5;3
8625;5;3
8626;5;3
8627;5;1
8628;5;4
8629;5;4
8630;5;1
8631;5;3
8632;5;3
8633;5;1
8634;5;3
8635;5;4
8636;5;4
8637;5;3
8638;5;4
8639;5;3
8640;5;3
8641;5;3
8642;5;3
8643;5;3
8644;5;4
8645;5;3
8646;5;3
8647;5;3
8648;5;3
8649;5;1
8650;5;1
8651;5;4
8652;5;4
8653;5;1
8654;5;2
8655;5;4
8656;5;3
8657;5;4
8658;5;3
8659;5;3
8660;5;3
8661;5;1
8662;5;3
8663;5;4
8664;5;3
8665;5;4
8666;5;3
8667;5;3
8668;5;4
8669;5;3
8670;5;3
8671;5;3
8672;5;4
8673;5;1
8674;5;1
8675;5;1
8676;5;3
8677;5;4
8678;5;4
8679;5;4
8680;5;3
8681;5;3
8682;5;4
8683;5;1
8684;5;3
8685;5;3
8686;5;1
8687;5;4
8688;5;1
8689;5;3
8690;5;4
8691;5;1
8692;5;3
8693;5;3
8694;5;3
8695;5;3
8696;5;1
8697;5;3
8698;5;3
8699;5;4
8700;5;3
8701;5;3
8702;5;4
8703;5;3
8704;5;4
8705;5;4
8706;5;3
8707;5;3
8708;5;4
8709;5;1
8710;5;3
8711;5;4
8712;5;3
8713;5;4
8714;5;3
8715;5;3
8716;5;4
8717;5;3
8718;5;4
8719;5;3
8720;5;3
8721;5;2
8722;5;3
8723;5;1
8724;5;4
8725;5;3
8726;5;1
8727;5;3
8728;5;3
8729;5;3
8730;5;1
8731;5;4
8732;5;1
8733;5;3
8734;5;4
8735;5;4
8736;5;4
8737;5;4
8738;5;3
8739;5;3
8740;5;3
8741;5;3
8742;5;3
8743;5;1
8744;5;3
8745;5;4
8746;5;4
8747;5;1
8748;5;1
8749;5;3
8750;5;4
8751;5;4
8752;5;3
8753;5;4
8754;5;1
8755;5;3
8756;5;3
8757;5;4
8758;5;4
8759;5;4
8760;5;3
8761;5;1
8762;5;1
8763;5;4
8764;5;3
8765;5;3
8766;5;1
8767;5;4
8768;5;1
8769;5;1
8770;5;3
8771;5;3
8772;5;1
8773;5;4
8774;5;4
8775;5;4
8776;5;4
8777;5;4
8778;5;3
8779;5;3
8780;5;4
8781;5;4
8782;5;3
8783;5;1
8784;5;3
8785;5;1
8786;5;1
8787;5;3
8788;5;4
8789;5;3
8790;5;4
8791;5;1
8792;5;3
8793;5;1
8794;5;3
8795;5;1
8796;5;4
8797;5;4
8798;5;4
8799;5;4
8800;5;4
8801;5;4
8802;5;1
8803;5;3
8804;5;4
8805;5;3
8806;5;4
8807;5;3
8808;5;2
8809;5;3
8810;5;3
8811;5;4
8812;5;4
8813;5;3
8814;5;3
8815;5;4
8816;5;3
8817;5;3
8818;5;3
8819;5;3
8820;5;3
8821;5;1
8822;5;3
8823;5;3
8824;5;3
8825;5;3
8826;5;3
8827;5;3
8828;5;3
8829;5;3
8830;5;1
8831;5;3
8832;5;4
8833;5;3
8834;5;1
8835;5;4
8836;5;4
8837;5;1
8838;5;1
8839;5;3
8840;5;1
8841;5;3
8842;5;3
8843;5;3
8844;5;3
8845;5;3
8846;5;4
8847;5;1
8848;5;2
8849;5;3
8850;5;3
8851;5;3
8852;5;4
8853;5;3
8854;5;4
8855;5;3
8856;5;4
8857;5;4
8858;5;4
8859;5;3
8860;5;1
8861;5;1
8862;5;3
8863;5;4
8864;5;3
8865;5;4
8866;5;3
8867;5;4
8868;5;3
8869;5;3
8870;5;4
8871;5;4
8872;5;4
8873;5;4
8874;5;4
8875;5;4
8876;5;2
8877;5;4
8878;5;4
8879;5;4
8880;5;3
8881;5;3
8882;5;4
8883;5;1
8884;5;4
8885;5;1
8886;5;3
8887;5;3
8888;5;4
8889;5;3
8890;5;3
8891;5;3
8892;5;3
8893;5;4
8894;5;4
8895;5;1
8896;5;4
8897;5;1
8898;5;4
8899;5;4
8900;5;4
8901;5;1
8902;5;1
8903;5;1
8904;5;4
8905;5;3
8906;5;3
8907;5;3
8908;5;1
8909;5;3
8910;5;4
8911;5;4
8912;5;3
8913;5;3
8914;5;3
8915;5;3
8916;5;1
8917;5;3
8918;5;3
8919;5;1
8920;5;3
8921;5;4
8922;5;4
8923;5;3
8924;5;3
8925;5;4
8926;5;3
8927;5;3
8928;5;4
8929;5;4
8930;5;4
8931;5;3
8932;5;1
8933;5;3
8934;5;1
8935;5;3
8936;5;1
8937;5;3
8938;5;4
8939;5;3
8940;5;3
8941;5;4
8942;5;4
8943;5;1
8944;5;1
8945;5;3
8946;5;1
8947;5;3
8948;5;3
8949;5;3
8950;5;1
8951;5;1
8952;5;4
8953;5;3
8954;5;3
8955;5;3
8956;5;4
8957;5;1
8958;5;3
8959;5;3
8960;5;4
8961;5;3
8962;5;2
8963;5;3
8964;5;3
8965;5;3
8966;5;4
8967;5;1
8968;5;3
8969;5;4
8970;5;4
8971;5;4
8972;5;3
8973;5;3
8974;5;1
8975;5;3
8976;5;3
8977;5;3
8978;5;3
8979;5;1
8980;5;4
8981;5;3
8982;5;1
8983;5;4
8984;5;4
8985;5;4
8986;5;1
8987;5;4
8988;5;3
8989;5;3
8990;5;1
8991;5;4
8992;5;3
8993;5;3
8994;5;4
8995;5;3
8996;5;1
8997;5;4
8998;5;4
8999;5;4
9000;5;4
9001;5;1
9002;5;4
9003;5;4
9004;5;4
9005;5;3
9006;5;1
9007;5;4
9008;5;4
9009;5;4
9010;5;1
9011;5;4
9012;5;3
9013;5;3
9014;5;4
9015;5;3
9016;5;3
9017;5;3
9018;5;1
9019;5;1
9020;5;3
9021;5;3
9022;5;3
9023;5;4
9024;5;3
9025;5;1
9026;5;1
9027;5;3
9028;5;4
9029;5;4
9030;5;3
9031;5;4
9032;5;1
9033;5;3
9034;5;3
9035;5;4
9036;5;4
9037;5;4
9038;5;3
9039;5;3
9040;5;3
9041;5;4
9042;5;3
9043;5;1
9044;5;3
9045;5;3
9046;5;3
9047;5;3
9048;5;1
9049;5;3
9050;5;4
9051;5;4
9052;5;3
9053;5;3
9054;5;3
9055;5;3
9056;5;4
9057;5;3
9058;5;3
9059;5;3
9060;5;4
9061;5;4
9062;5;4
9063;5;4
9064;5;3
9065;5;4
9066;5;1
9067;5;1
9068;5;1
9069;5;1
9070;5;3
9071;5;3
9072;5;4
9073;5;1
9074;5;4
9075;5;1
9076;5;1
9077;5;1
9078;5;4
9079;5;1
9080;5;1
9081;5;4
9082;5;1
9083;5;4
9084;5;3
9085;5;4
9086;5;1
9087;5;4
9088;5;4
9089;5;4
9090;5;1
9091;5;3
9092;5;4
9093;5;3
9094;5;1
9095;5;3
9096;5;4
9097;5;3
9098;5;1
9099;5;3
9100;5;1
9101;5;2
9102;5;3
9103;5;3
9104;5;3
9105;5;4
9106;5;3
9107;5;4
9108;5;4
9109;5;4
9110;5;3
9111;5;1
9112;5;4
9113;5;2
9114;5;3
9115;5;3
9116;5;4
9117;5;3
9118;5;3
9119;5;4
9120;5;1
9121;5;4
9122;5;3
9123;5;3
9124;5;1
9125;5;3
9126;5;1
9127;5;1
9128;5;1
9129;5;1
9130;5;4
9131;5;3
9132;5;4
9133;5;4
9134;5;4
9135;5;3
9136;5;1
9137;5;4
9138;5;3
9139;5;3
9140;5;3
9141;5;4
9142;5;1
9143;5;4
9144;5;4
9145;5;3
9146;5;4
9147;5;3
9148;5;1
9149;5;4
9150;5;3
9151;5;4
9152;5;3
9153;5;4
9154;5;4
9155;5;3
9156;5;4
9157;5;3
9158;5;3
9159;5;3
9160;5;4
9161;5;3
9162;5;1
9163;5;4
9164;5;4
9165;5;4
9166;5;4
9167;5;3
9168;5;3
9169;5;3
9170;5;3
9171;5;4
9172;5;3
9173;5;1
9174;5;3
9175;5;4
9176;5;3
9177;5;3
9178;5;4
9179;5;4
9180;5;4
9181;5;4
9182;5;1
9183;5;3
9184;5;1
9185;5;3
9186;5;3
9187;5;4
9188;5;4
9189;5;3
9190;5;3
9191;5;4
9192;5;3
9193;5;3
9194;5;3
9195;5;3
9196;5;3
9197;5;3
9198;5;3
9199;5;4
9200;5;4
9201;5;4
9202;5;4
9203;5;4
9204;5;4
9205;5;3
9206;5;4
9207;5;2
9208;5;1
9209;5;1
9210;5;4
9211;5;3
9212;5;3
9213;5;4
9214;5;3
9215;5;3
9216;5;4
9217;5;3
9218;5;4
9219;5;3
9220;5;4
9221;5;4
9222;5;1
9223;5;1
9224;5;4
9225;5;3
9226;5;3
9227;5;4
9228;5;1
9229;5;3
9230;5;4
9231;5;1
9232;5;3
9233;5;4
9234;5;1
9235;5;3
9236;5;4
9237;5;3
9238;5;4
9239;5;4
9240;5;4
9241;5;1
9242;5;3
9243;5;3
9244;5;3
9245;5;4
9246;5;1
9247;5;1
9248;5;3
9249;5;4
9250;5;1
9251;5;3
9252;5;3
9253;5;1
9254;5;4
9255;5;3
9256;5;1
9257;5;3
9258;5;3
9259;5;1
9260;5;4
9261;5;4
9262;5;4
9263;5;4
9264;5;4
9265;5;3
9266;5;3
9267;5;3
9268;5;4
9269;5;4
9270;5;4
9271;5;4
9272;5;4
9273;5;1
9274;5;3
9275;5;4
9276;5;4
9277;5;3
9278;5;1
9279;5;3
9280;5;3
9281;5;3
9282;5;3
9283;5;4
9284;5;3
9285;5;4
9286;5;1
9287;5;4
9288;5;3
9289;5;4
9290;5;3
9291;5;3
9292;5;3
9293;5;1
9294;5;3
9295;5;1
9296;5;3
9297;5;1
9298;5;1
9299;5;4
9300;5;3
9301;5;3
9302;5;4
9303;5;4
9304;5;3
9305;5;3
9306;5;4
9307;5;4
9308;5;3
9309;5;3
9310;5;1
9311;5;1
9312;5;3
9313;5;3
9314;5;4
9315;5;1
9316;5;3
9317;5;3
9318;5;3
9319;5;3
9320;5;3
9321;5;3
9322;5;3
9323;5;3
9324;5;4
9325;5;4
9326;5;3
9327;5;3
9328;5;3
9329;5;1
9330;5;3
9331;5;4
9332;5;3
9333;5;4
9334;5;3
9335;5;3
9336;5;3
9337;5;3
9338;5;4
9339;5;3
9340;5;1
9341;5;1
9342;5;3
9343;5;4
9344;5;3
9345;5;1
9346;5;4
9347;5;4
9348;5;1
9349;5;3
9350;5;4
9351;5;1
9352;5;1
9353;5;4
9354;5;4
9355;5;3
9356;5;1
9357;5;3
9358;5;4
9359;5;4
9360;5;4
9361;5;4
9362;5;3
9363;5;3
9364;5;4
9365;5;3
9366;5;3
9367;5;3
9368;5;3
9369;5;1
9370;5;3
9371;5;2
9372;5;4
9373;5;4
9374;5;4
9375;5;3
9376;5;4
9377;5;3
9378;5;1
9379;5;1
9380;5;2
9381;5;4
9382;5;3
9383;5;3
9384;5;3
9385;5;4
9386;5;4
9387;5;3
9388;5;1
9389;5;3
9390;5;3
9391;5;2
9392;5;3
9393;5;3
9394;5;3
9395;5;3
9396;5;3
9397;5;3
9398;5;3
9399;5;4
9400;5;3
9401;5;4
9402;5;4
9403;5;1
9404;5;3
9405;5;3
9406;5;4
9407;5;3
9408;5;3
9409;5;4
9410;5;4
9411;5;1
9412;5;4
9413;5;3
9414;5;4
9415;5;4
9416;5;3
9417;5;4
9418;5;3
9419;5;4
9420;5;4
9421;5;3
9422;5;3
9423;5;3
9424;5;3
9425;5;4
9426;5;4
9427;5;1
9428;5;4
9429;5;1
9430;5;4
9431;5;1
9432;5;1
9433;5;1
9434;5;4
9435;5;4
9436;5;4
9437;5;1
9438;5;3
9439;5;1
9440;5;1
9441;5;1
9442;5;1
9443;5;4
9444;5;4
9445;5;3
9446;5;4
9447;5;4
9448;5;4
9449;5;4
9450;5;4
9451;5;4
9452;5;4
9453;5;4
9454;5;4
9455;5;4
9456;5;4
9457;5;1
9458;5;3
9459;5;4
9460;5;4
9461;5;4
9462;5;1
9463;5;1
9464;5;4
9465;5;4
9466;5;3
9467;5;4
9468;5;4
9469;5;3
9470;5;3
9471;5;1
9472;5;3
9473;5;1
9474;5;3
9475;5;4
9476;5;3
9477;5;4
9478;5;3
9479;5;1
9480;5;4
9481;5;1
9482;5;4
9483;5;3
9484;5;1
9485;5;3
9486;5;4
9487;5;3
9488;5;1
9489;5;4
9490;5;1
9491;5;4
9492;5;4
9493;5;4
9494;5;1
9495;5;4
9496;5;1
9497;5;3
9498;5;3
9499;5;4
9500;5;3
9501;5;3
9502;5;4
9503;5;1
9504;5;4
9505;5;4
9506;5;3
9507;5;1
9508;5;4
9509;5;1
9510;5;1
9511;5;1
9512;5;1
9513;5;4
9514;5;3
9515;5;3
9516;5;1
9517;5;3
9518;5;4
9519;5;4
9520;5;4
9521;5;3
9522;5;4
9523;5;4
9524;5;3
9525;5;3
9526;5;4
9527;5;4
9528;5;1
9529;5;1
9530;5;4
9531;5;4
9532;5;1
9533;5;1
9534;5;1
9535;5;4
9536;5;4
9537;5;4
9538;5;4
9539;5;3
9540;5;3
9541;5;3
9542;5;1
9543;5;4
9544;5;1
9545;5;3
9546;5;3
9547;5;4
9548;5;1
9549;5;3
9550;5;4
9551;5;4
9552;5;3
9553;5;3
9554;5;4
9555;5;4
9556;5;4
9557;5;3
9558;5;4
9559;5;4
9560;5;1
9561;5;3
9562;5;4
9563;5;1
9564;5;4
9565;5;4
9566;5;4
9567;5;1
9568;5;1
9569;5;3
9570;5;4
9571;5;4
9572;5;4
9573;5;1
9574;5;1
9575;5;1
9576;5;2
9577;5;1
9578;5;4
9579;5;3
9580;5;1
9581;5;4
9582;5;4
9583;5;3
9584;5;2
9585;5;4
9586;5;3
9587;5;3
9588;5;3
9589;5;3
9590;5;3
9591;5;3
9592;5;3
9593;5;3
9594;5;4
9595;5;1
9596;5;4
9597;5;1
9598;5;4
9599;5;3
9600;5;4
9601;5;1
9602;5;3
9603;5;4
9604;5;3
9605;5;3
9606;5;1
9607;5;1
9608;5;4
9609;5;3
9610;5;1
9611;5;1
9612;5;3
9613;5;2
9614;5;4
9615;5;2
9616;5;4
9617;5;3
9618;5;4
9619;5;4
9620;5;4
9621;5;3
9622;5;1
9623;5;1
9624;5;3
9625;5;4
9626;5;1
9627;5;4
9628;5;4
9629;5;1
9630;5;1
9631;5;3
9632;5;3
9633;5;4
9634;5;1
9635;5;4
9636;5;1
9637;5;1
9638;5;1
9639;5;4
9640;5;4
9641;5;1
9642;5;4
9643;5;4
9644;5;1
9645;5;1
9646;5;1
9647;5;4
9648;5;4
9649;5;1
9650;5;4
9651;5;4
9652;5;1
9653;5;1
9654;5;1
9655;5;1
9656;5;3
9657;5;1
9658;5;1
9659;5;4
9660;5;4
9661;5;4
9662;5;1
9663;5;1
9664;5;3
9665;5;3
9666;5;3
9667;5;3
9668;5;4
9669;5;3
9670;5;1
9671;5;3
9672;5;3
9673;5;4
9674;5;4
9675;5;4
9676;5;1
9677;5;1
9678;5;2
9679;5;4
9680;5;3
9681;5;4
9682;5;1
9683;5;1
9684;5;3
9685;5;3
9686;5;1
9687;5;1
9688;5;1
9689;5;4
9690;5;3
9691;5;3
9692;5;3
9693;5;1
9694;5;4
9695;5;4
9696;5;4
9697;5;1
9698;5;2
9699;5;4
9700;5;3
9701;5;4
9702;5;3
9703;5;4
9704;5;3
9705;5;3
9706;5;3
9707;5;3
9708;5;1
9709;5;3
9710;5;4
9711;5;3
9712;5;3
9713;5;4
9714;5;4
9715;5;4
9716;5;4
9717;5;1
9718;5;1
9719;5;1
9720;5;2
9721;5;3
9722;5;1
9723;5;4
9724;5;4
9725;5;4
9726;5;4
9727;5;4
9728;5;1
9729;5;1
9730;5;1
9731;5;4
9732;5;4
9733;5;1
9734;5;1
9735;5;1
9736;5;1
9737;5;4
9738;5;4
9739;5;1
9740;5;1
9741;5;4
9742;5;2
9743;5;3
9744;5;3
9745;5;4
9746;5;1
9747;5;4
9748;5;3
9749;5;4
9750;5;1
9751;5;2
9752;5;4
9753;5;4
9754;5;3
9755;5;1
9756;5;4
9757;5;4
9758;5;3
9759;5;1
9760;5;4
9761;5;3
9762;5;4
9763;5;3
9764;5;2
9765;5;3
9766;5;3
9767;5;1
9768;5;4
9769;5;3
9770;5;1
9771;5;1
9772;5;3
9773;5;3
9774;5;1
9775;5;1
9776;5;1
9777;5;3
9778;5;1
9779;5;4
9780;5;3
9781;5;1
9782;5;3
9783;5;3
9784;5;1
9785;5;4
9786;5;4
9787;5;3
9788;5;4
9789;5;4
9790;5;3
9791;5;1
9792;5;1
9793;5;4
9794;5;4
9795;5;4
9796;5;3
9797;5;1
9798;5;4
9799;5;2
9800;5;4
9801;5;1
9802;5;4
9803;5;3
9804;5;1
9805;5;4
9806;5;3
9807;5;3
9808;5;4
9809;5;1
9810;5;4
9811;5;1
9812;5;3
9813;5;4
9814;5;1
9815;5;1
9816;5;4
9817;5;3
9818;5;1
9819;5;1
9820;5;4
9821;5;3
9822;5;1
9823;5;3
9824;5;3
9825;5;3
9826;5;4
9827;5;3
9828;5;4
9829;5;3
9830;5;4
9831;5;1
9832;5;4
9833;5;4
9834;5;4
9835;5;4
9836;5;3
9837;5;1
9838;5;3
9839;5;3
9840;5;4
9841;5;1
9842;5;1
9843;5;1
9844;5;1
9845;5;3
9846;5;4
9847;5;1
9848;5;4
9849;5;1
9850;5;3
9851;5;4
9852;5;4
9853;5;3
9854;5;2
9855;5;2
9856;5;4
9857;5;3
9858;5;4
9859;5;4
9860;5;3
9861;5;4
9862;5;1
9863;5;4
9864;5;1
9865;5;4
9866;5;2
9867;5;3
9868;5;3
9869;5;3
9870;5;3
9871;5;3
9872;5;4
9873;5;4
9874;5;3
9875;5;4
9876;5;1
9877;5;4
9878;5;4
9879;5;3
9880;5;1
9881;5;3
9882;5;1
9883;5;3
9884;5;1
9885;5;4
9886;5;4
9887;5;3
9888;5;4
9889;5;3
9890;5;1
9891;5;3
9892;5;4
9893;5;4
9894;5;1
9895;5;2
9896;5;1
9897;5;4
9898;5;1
9899;5;1
9900;5;3
9901;5;4
9902;5;4
9903;5;1
9904;5;4
9905;5;4
9906;5;4
9907;5;4
9908;5;4
9909;5;4
9910;5;4
9911;5;3
9912;5;3
9913;5;4
9914;5;1
9915;5;1
9916;5;3
9917;5;4
9918;5;3
9919;5;3
9920;5;4
9921;5;4
9922;5;3
9923;5;4
9924;5;4
9925;5;3
9926;5;3
9927;5;1
9928;5;1
9929;5;4
9930;5;3
9931;5;4
9932;5;4
9933;5;1
9934;5;1
9935;5;1
9936;5;3
9937;5;4
9938;5;3
9939;5;2
9940;5;1
9941;5;1
9942;5;3
9943;5;2
9944;5;4
9945;5;4
9946;5;1
9947;5;4
9948;5;3
9949;5;3
9950;5;1
9951;5;3
9952;5;1
9953;5;3
9954;5;4
9955;5;1
9956;5;1
9957;5;1
9958;5;1
9959;5;4
9960;5;4
9961;5;1
9962;5;4
9963;5;1
9964;5;2
9965;5;4
9966;5;4
9967;5;1
9968;5;3
9969;5;4
9970;5;4
9971;5;4
9972;5;1
9973;5;1
9974;5;1
9975;5;2
9976;5;3
9977;5;4
9978;5;1
9979;5;3
9980;5;4
9981;5;1
9982;5;4
9983;5;4
9984;5;4
9985;5;1
9986;5;3
9987;5;4
9988;5;3
9989;5;1
9990;5;1
9991;5;1
9992;5;1
9993;5;3
9994;5;3
9995;5;2
9996;5;3
9997;5;4
9998;5;4
9999;5;3
10000;5;4
10001;5;2
10002;5;1
10003;5;3
10004;5;1
10005;5;4
10006;5;4
10007;5;1
10008;5;4
10009;5;4
10010;5;2
10011;5;4
10012;5;4
10013;5;4
10014;5;1
10015;5;3
10016;5;3
10017;5;1
10018;5;4
10019;5;4
10020;5;3
10021;5;4
10022;5;1
10023;5;1
10024;5;3
10025;5;3
10026;5;3
10027;5;1
10028;5;1
10029;5;1
10030;5;1
10031;5;1
10032;5;3
10033;5;1
10034;5;1
10035;5;1
10036;5;1
10037;5;4
10038;5;3
10039;5;3
10040;5;3
10041;5;4
10042;5;1
10043;5;1
10044;5;1
10045;5;4
10046;5;1
10047;5;4
10048;5;4
10049;5;3
10050;5;3
10051;5;3
10052;5;3
10053;5;4
10054;5;3
10055;5;4
10056;5;3
10057;5;4
10058;5;3
10059;5;1
10060;5;1
10061;5;2
10062;5;4
10063;5;4
10064;5;1
10065;5;3
10066;5;4
10067;5;1
10068;5;1
10069;5;3
10070;5;4
10071;5;4
10072;5;4
10073;5;4
10074;5;1
10075;5;4
10076;5;4
10077;5;4
10078;5;4
10079;5;3
10080;5;3
10081;5;3
10082;5;1
10083;5;3
10084;5;4
10085;5;3
10086;5;3
10087;5;1
10088;5;4
10089;5;4
10090;5;4
10091;5;1
10092;5;1
10093;5;4
10094;5;4
10095;5;4
10096;5;1
10097;5;4
10098;5;2
10099;5;1
10100;5;1
10101;5;3
10102;5;1
10103;5;1
10104;5;1
10105;5;1
10106;5;4
10107;5;1
10108;5;1
10109;5;3
10110;5;1
10111;5;1
10112;5;1
10113;5;4
10114;5;2
10115;5;1
10116;5;4
10117;5;1
10118;5;1
10119;5;4
10120;5;4
10121;5;4
10122;5;4
10123;5;1
10124;5;3
10125;5;4
10126;5;2
10127;5;3
10128;5;3
10129;5;1
10130;5;4
10131;5;1
10132;5;1
10133;5;1
10134;5;1
10135;5;1
10136;5;3
10137;5;3
10138;5;3
10139;5;1
10140;5;1
10141;5;4
10142;5;1
10143;5;1
10144;5;1
10145;5;4
10146;5;1
10147;5;1
10148;5;1
10149;5;4
10150;5;3
10151;5;3
10152;5;1
10153;5;4
10154;5;3
10155;5;4
10156;5;4
10157;5;3
10158;5;3
10159;5;3
10160;5;3
10161;5;1
10162;5;3
10163;5;1
10164;5;2
10165;5;1
10166;5;4
10167;5;4
10168;5;4
10169;5;4
10170;5;1
10171;5;4
10172;5;1
10173;5;1
10174;5;1
10175;5;2
10176;5;3
10177;5;1
10178;5;3
10179;5;1
10180;5;3
10181;5;3
10182;5;2
10183;5;4
10184;5;1
10185;5;3
10186;5;3
10187;5;1
10188;5;1
10189;5;1
10190;5;3
10191;5;4
10192;5;4
10193;5;3
10194;5;4
10195;5;1
10196;5;2
10197;5;3
10198;5;4
10199;5;2
10200;5;4
10201;5;1
10202;5;4
10203;5;3
10204;5;3
10205;5;4
10206;5;4
10207;5;1
10208;5;1
10209;5;1
10210;5;1
10211;5;1
10212;5;3
10213;5;4
10214;5;1
10215;5;1
10216;5;1
10217;5;3
10218;5;4
10219;5;3
10220;5;4
10221;5;1
10222;5;1
10223;5;1
10224;5;1
10225;5;1
10226;5;1
10227;5;1
10228;5;1
10229;5;3
10230;5;2
10231;5;1
10232;5;4
10233;5;3
10234;5;1
10235;5;1
10236;5;1
10237;5;4
10238;5;1
10239;5;1
10240;5;1
10241;5;4
10242;5;4
10243;5;1
10244;5;3
10245;5;2
10246;5;1
10247;5;4
10248;5;3
10249;5;4
10250;5;1
10251;5;2
10252;5;4
10253;5;1
10254;5;1
10255;5;3
10256;5;3
10257;5;1
10258;5;4
10259;5;1
10260;5;4
10261;5;4
10262;5;1
10263;5;4
10264;5;2
10265;5;4
10266;5;1
10267;5;2
10268;5;4
10269;5;1
10270;5;1
10271;5;3
10272;5;4
10273;5;1
10274;5;1
10275;5;3
10276;5;1
10277;5;4
10278;5;3
10279;5;1
10280;5;2
10281;5;4
10282;5;1
10283;5;4
10284;5;1
10285;5;1
10286;5;1
10287;5;3
10288;5;1
10289;5;1
10290;5;3
10291;5;1
10292;5;1
10293;5;4
10294;5;4
10295;5;4
10296;5;4
10297;5;3
10298;5;1
10299;5;3
10300;5;3
10301;5;4
10302;5;1
10303;5;3
10304;5;4
10305;5;4
10306;5;4
10307;5;3
10308;5;2
10309;5;4
10310;5;4
10311;5;3
10312;5;4
10313;5;3
10314;5;3
10315;5;1
10316;5;4
10317;5;2
10318;5;3
10319;5;1
10320;5;4
10321;5;4
10322;5;4
10323;5;3
10324;5;3
10325;5;1
10326;5;1
10327;5;1
10328;5;3
10329;5;4
10330;5;4
10331;5;2
10332;5;3
10333;5;3
10334;5;1
10335;5;3
10336;5;4
10337;5;1
10338;5;1
10339;5;1
10340;5;1
10341;5;4
10342;5;4
10343;5;1
10344;5;4
10345;5;1
10346;5;3
10347;5;3
10348;5;4
10349;5;4
10350;5;4
10351;5;1
10352;5;1
10353;5;3
10354;5;2
10355;5;3
10356;5;4
10357;5;1
10358;5;1
10359;5;4
10360;5;1
10361;5;3
10362;5;1
10363;5;4
10364;5;3
10365;5;2
10366;5;3
10367;5;1
10368;5;1
10369;5;4
10370;5;2
10371;5;4
10372;5;3
10373;5;1
10374;5;4
10375;5;4
10376;5;1
10377;5;3
10378;5;4
10379;5;1
10380;5;3
10381;5;1
10382;5;3
10383;5;1
10384;5;1
10385;5;1
10386;5;3
10387;5;1
10388;5;4
10389;5;1
10390;5;1
10391;5;4
10392;5;1
10393;5;1
10394;5;4
10395;5;3
10396;5;3
10397;5;3
10398;5;3
10399;5;1
10400;5;1
10401;5;4
10402;5;4
10403;5;4
10404;5;1
10405;5;4
10406;5;1
10407;5;1
10408;5;4
10409;5;4
10410;5;2
10411;5;4
10412;5;4
10413;5;4
10414;5;1
10415;5;1
10416;5;4
10417;5;2
10418;5;1
10419;5;3
10420;5;4
10421;5;4
10422;5;2
10423;5;4
10424;5;3
10425;5;4
10426;5;1
10427;5;3
10428;5;4
10429;5;1
10430;5;1
10431;5;2
10432;5;1
10433;5;4
10434;5;4
10435;5;4
10436;5;1
10437;5;4
10438;5;3
10439;5;3
10440;5;4
10441;5;1
10442;5;1
10443;5;1
10444;5;1
10445;5;4
10446;5;3
10447;5;3
10448;5;2
10449;5;3
10450;5;3
10451;5;3
10452;5;4
10453;5;1
10454;5;2
10455;5;3
10456;5;4
10457;5;4
10458;5;1
10459;5;4
10460;5;1
10461;5;1
10462;5;3
10463;5;1
10464;5;1
10465;5;1
10466;5;1
10467;5;4
10468;5;1
10469;5;3
10470;5;3
10471;5;1
10472;5;4
10473;5;4
10474;5;1
10475;5;1
10476;5;4
10477;5;1
10478;5;3
10479;5;1
10480;5;3
10481;5;4
10482;5;4
10483;5;1
10484;5;1
10485;5;3
10486;5;4
10487;5;1
10488;5;3
10489;5;3
10490;5;3
10491;5;4
10492;5;1
10493;5;1
10494;5;1
10495;5;1
10496;5;3
10497;5;3
10498;5;3
10499;5;1
10500;5;4
10501;5;3
10502;5;4
10503;5;1
10504;5;3
10505;5;3
10506;5;2
10507;5;3
10508;5;3
10509;5;4
10510;5;1
10511;5;4
10512;5;4
10513;5;1
10514;5;4
10515;5;4
10516;5;4
10517;5;4
10518;5;1
10519;5;3
10520;5;3
10521;5;1
10522;5;3
10523;5;3
10524;5;3
10525;5;4
10526;5;3
10527;5;1
10528;5;4
10529;5;3
10530;5;4
10531;5;4
10532;5;1
10533;5;4
10534;5;4
10535;5;3
10536;5;1
10537;5;1
10538;5;4
10539;5;3
10540;5;4
10541;5;4
10542;5;4
10543;5;1
10544;5;1
10545;5;4
10546;5;3
10547;5;4
10548;5;3
10549;5;3
10550;5;1
10551;5;3
10552;5;3
10553;5;4
10554;5;4
10555;5;3
10556;5;3
10557;5;4
10558;5;3
10559;5;3
10560;5;4
10561;5;4
10562;5;4
10563;5;1
10564;5;3
10565;5;3
10566;5;3
10567;5;3
10568;5;4
10569;5;4
10570;5;4
10571;5;3
10572;5;1
10573;5;1
10574;5;4
10575;5;4
10576;5;3
10577;5;3
10578;5;3
10579;5;3
10580;5;4
10581;5;3
10582;5;3
10583;5;3
10584;5;3
10585;5;3
10586;5;3
10587;5;4
10588;5;3
10589;5;4
10590;5;1
10591;5;1
10592;5;3
10593;5;1
10594;5;4
10595;5;4
10596;5;4
10597;5;4
10598;5;1
10599;5;1
10600;5;4
10601;5;4
10602;5;1
10603;5;3
10604;5;4
10605;5;4
10606;5;1
10607;5;1
10608;5;3
10609;5;3
10610;5;3
10611;5;4
10612;5;4
10613;5;4
10614;5;3
10615;5;4
10616;5;1
10617;5;1
10618;5;4
10619;5;4
10620;5;4
10621;5;4
10622;5;4
10623;5;4
10624;5;4
10625;5;4
10626;5;4
10627;5;4
10628;5;4
10629;5;1
10630;5;4
10631;5;3
10632;5;4
10633;5;1
10634;5;3
10635;5;3
10636;5;1
10637;5;1
10638;5;1
10639;5;1
10640;5;4
10641;5;4
10642;5;1
10643;5;4
10644;5;3
10645;5;4
10646;5;4
10647;5;4
10648;5;3
10649;5;1
10650;5;1
10651;5;3
10652;5;4
10653;5;1
10654;5;3
10655;5;3
10656;5;1
10657;5;3
10658;5;4
10659;5;3
10660;5;4
10661;5;4
10662;5;3
10663;5;1
10664;5;1
10665;5;3
10666;5;4
10667;5;1
10668;5;1
10669;5;4
10670;5;1
10671;5;4
10672;5;4
10673;5;4
10674;5;1
10675;5;1
10676;5;1
10677;5;4
10678;5;4
10679;5;1
10680;5;1
10681;5;4
10682;5;3
10683;5;3
10684;5;4
10685;5;1
10686;5;3
10687;5;4
10688;5;1
10689;5;1
10690;5;4
10691;5;4
10692;5;4
10693;5;3
10694;5;1
10695;5;3
10696;5;4
10697;5;1
10698;5;4
10699;5;4
10700;5;4
10701;5;4
10702;5;1
10703;5;3
10704;5;4
10705;5;1
10706;5;2
10707;5;1
10708;5;4
10709;5;1
10710;5;3
10711;5;1
10712;5;1
10713;5;1
10714;5;3
10715;5;4
10716;5;3
10717;5;4
10718;5;3
10719;5;4
10720;5;4
10721;5;2
10722;5;4
10723;5;4
10724;5;1
10725;5;1
10726;5;1
10727;5;4
10728;5;3
10729;5;3
10730;5;4
10731;5;4
10732;5;4
10733;5;4
10734;5;4
10735;5;3
10736;5;3
10737;5;3
10738;5;1
10739;5;3
10740;5;2
10741;5;4
10742;5;4
10743;5;4
10744;5;1
10745;5;3
10746;5;1
10747;5;4
10748;5;3
10749;5;1
10750;5;1
10751;5;4
10752;5;4
10753;5;4
10754;5;3
10755;5;4
10756;5;1
10757;5;4
10758;5;1
10759;5;4
10760;5;1
10761;5;1
10762;5;1
10763;5;1
10764;5;1
10765;5;1
10766;5;4
10767;5;4
10768;5;1
10769;5;3
10770;5;1
10771;5;3
10772;5;2
10773;5;1
10774;5;4
10775;5;1
10776;5;4
10777;5;4
10778;5;1
10779;5;1
10780;5;1
10781;5;1
10782;5;3
10783;5;1
10784;5;1
10785;5;4
10786;5;4
10787;5;1
10788;5;1
10789;5;1
10790;5;4
10791;5;3
10792;5;3
10793;5;1
10794;5;1
10795;5;4
10796;5;1
10797;5;1
10798;5;4
10799;5;1
10800;5;1
10801;5;1
10802;5;3
10803;5;3
10804;5;3
10805;5;3
10806;5;3
10807;5;1
10808;5;1
10809;5;1
10810;5;4
10811;5;1
10812;5;1
10813;5;4
10814;5;3
10815;5;1
10816;5;3
10817;5;1
10818;5;1
10819;5;1
10820;5;3
10821;5;1
10822;5;4
10823;5;3
10824;5;1
10825;5;4
10826;5;3
10827;5;1
10828;5;1
10829;5;1
10830;5;1
10831;5;1
10832;5;1
10833;5;1
10834;5;3
10835;5;1
10836;5;4
10837;5;1
10838;5;4
10839;5;4
10840;5;1
10841;5;4
10842;5;3
10843;5;1
10844;5;1
10845;5;1
10846;5;1
10847;5;4
10848;5;4
10849;5;3
10850;5;4
10851;5;4
10852;5;4
10853;5;4
10854;5;1
10855;5;1
10856;5;4
10857;5;4
10858;5;1
10859;5;1
10860;5;4
10861;5;3
10862;5;1
10863;5;4
10864;5;1
10865;5;4
10866;5;1
10867;5;1
10868;5;4
10869;5;1
10870;5;1
10871;5;1
10872;5;1
10873;5;1
10874;5;1
10875;5;4
10876;5;1
10877;5;4
10878;5;1
10879;5;1
10880;5;1
10881;5;3
10882;5;1
10883;5;3
10884;5;4
10885;5;3
10886;5;3
10887;5;4
10888;5;4
10889;5;4
10890;5;4
10891;5;1
10892;5;4
10893;5;1
10894;5;3
10895;5;4
10896;5;1
10897;5;4
10898;5;2
10899;5;1
10900;5;1
10901;5;1
10902;5;1
10903;5;1
10904;5;4
10905;5;3
10906;5;4
10907;5;1
10908;5;3
10909;5;4
10910;5;1
10911;5;1
10912;5;3
10913;5;4
10914;5;1
10915;5;4
10916;5;1
10917;5;3
10918;5;1
10919;5;1
10920;5;3
10921;5;4
10922;5;1
10923;5;4
10924;5;4
10925;5;4
10926;5;4
10927;5;1
10928;5;4
10929;5;1
10930;5;1
10931;5;3
10932;5;3
10933;5;4
10934;5;3
10935;5;1
10936;5;1
10937;5;4
10938;5;1
10939;5;4
10940;5;3
10941;5;3
10942;5;1
10943;5;4
10944;5;4
10945;5;1
10946;5;1
10947;5;1
10948;5;1
10949;5;1
10950;5;1
10951;5;1
10952;5;3
10953;5;4
10954;5;3
10955;5;3
10956;5;3
10957;5;3
10958;5;1
10959;5;3
10960;5;3
10961;5;3
10962;5;4
10963;5;1
10964;5;3
10965;5;1
10966;5;3
10967;5;3
10968;5;4
10969;5;3
10970;5;3
10971;5;3
10972;5;4
10973;5;1
10974;5;3
10975;5;3
10976;5;3
10977;5;3
10978;5;1
10979;5;4
10980;5;1
10981;5;3
10982;5;4
10983;5;3
10984;5;4
10985;5;1
10986;5;4
10987;5;4
10988;5;3
10989;5;3
10990;5;4
10991;5;3
10992;5;4
10993;5;3
10994;5;4
10995;5;3
10996;5;3
10997;5;1
10998;5;4
10999;5;4
11000;5;3
11001;5;3
11002;5;4
11003;5;4
11004;5;4
11005;5;4
11006;5;3
11007;5;4
11008;5;4
11009;5;4
11010;5;4
11011;5;4
11012;5;4
11013;5;4
11014;5;4
11015;5;1
11016;5;1
11017;5;4
11018;5;4
11019;5;4
11020;5;3
11021;5;4
11022;5;1
11023;5;4
11024;5;4
11025;5;4
11026;5;4
11027;5;4
11028;5;1
11029;5;1
11030;5;4
11031;5;4
11032;5;3
11033;5;1
11034;5;1
11035;5;3
11036;5;3
11037;5;3
11038;5;4
11039;5;3
11040;5;3
11041;5;4
11042;5;3
11043;5;4
11044;5;3
11045;5;4
11046;5;4
11047;5;4
11048;5;4
11049;5;3
11050;5;3
11051;5;1
11052;5;1
11053;5;3
11054;5;4
11055;5;4
11056;5;3
11057;5;4
11058;5;4
11059;5;1
11060;5;3
11061;5;3
11062;5;3
11063;5;3
11064;5;3
11065;5;3
11066;5;4
11067;5;4
11068;5;3
11069;5;3
11070;5;3
11071;5;3
11072;5;4
11073;5;3
11074;5;1
11075;5;3
11076;5;3
11077;5;4
11078;5;4
11079;5;1
11080;5;3
11081;5;3
11082;5;4
11083;5;3
11084;5;3
11085;5;3
11086;5;3
11087;5;3
11088;5;3
11089;5;4
11090;5;4
11091;5;3
11092;5;3
11093;5;3
11094;5;3
11095;5;4
11096;5;4
11097;5;4
11098;5;3
11099;5;3
11100;5;1
11101;5;1
11102;5;3
11103;5;3
11104;5;3
11105;5;3
11106;5;3
11107;5;3
11108;5;3
11109;5;3
11110;5;3
11111;5;3
11112;5;3
11113;5;4
11114;5;4
11115;5;3
11116;5;3
11117;5;4
11118;5;4
11119;5;1
11120;5;1
11121;5;4
11122;5;3
11123;5;4
11124;5;4
11125;5;1
11126;5;4
11127;5;4
11128;5;1
11129;5;4
11130;5;3
11131;5;4
11132;5;4
11133;5;3
11134;5;1
11135;5;3
11136;5;4
11137;5;3
11138;5;3
11139;5;4
11140;5;1
11141;5;4
11142;5;3
11143;5;3
11144;5;4
11145;5;3
11146;5;3
11147;5;4
11148;5;3
11149;5;4
11150;5;3
11151;5;4
11152;5;1
11153;5;4
11154;5;1
11155;5;1
11156;5;4
11157;5;4
11158;5;3
11159;5;3
11160;5;3
11161;5;3
11162;5;1
11163;5;3
11164;5;4
11165;5;3
11166;5;3
11167;5;4
11168;5;4
11169;5;3
11170;5;3
11171;5;3
11172;5;1
11173;5;3
11174;5;3
11175;5;3
11176;5;4
11177;5;4
11178;5;3
11179;5;4
11180;5;3
11181;5;4
11182;5;1
11183;5;4
11184;5;1
11185;5;1
11186;5;3
11187;5;1
11188;5;1
11189;5;4
11190;5;4
11191;5;4
11192;5;1
11193;5;4
11194;5;4
11195;5;3
11196;5;4
11197;5;3
11198;5;1
11199;5;4
11200;5;4
11201;5;4
11202;5;3
11203;5;3
11204;5;4
11205;5;3
11206;5;3
11207;5;4
11208;5;1
11209;5;4
11210;5;3
11211;5;4
11212;5;3
11213;5;4
11214;5;4
11215;5;3
11216;5;1
11217;5;4
11218;5;1
11219;5;3
11220;5;4
11221;5;1
11222;5;3
11223;5;1
11224;5;3
11225;5;4
11226;5;3
11227;5;4
11228;5;4
11229;5;2
11230;5;4
11231;5;4
11232;5;3
11233;5;1
11234;5;1
11235;5;4
11236;5;3
11237;5;3
11238;5;3
11239;5;3
11240;5;1
11241;5;1
11242;5;3
11243;5;3
11244;5;3
11245;5;3
11246;5;1
11247;5;4
11248;5;3
11249;5;3
11250;5;1
11251;5;3
11252;5;1
11253;5;3
11254;5;4
11255;5;4
11256;5;3
11257;5;3
11258;5;4
11259;5;3
11260;5;4
11261;5;2
11262;5;3
11263;5;3
11264;5;4
11265;5;4
11266;5;1
11267;5;3
11268;5;3
11269;5;4
11270;5;4
11271;5;1
11272;5;3
11273;5;4
11274;5;3
11275;5;1
11276;5;3
11277;5;3
11278;5;1
11279;5;1
11280;5;4
11281;5;4
11282;5;1
11283;5;1
11284;5;1
11285;5;1
11286;5;4
11287;5;3
11288;5;4
11289;5;4
11290;5;3
11291;5;3
11292;5;3
11293;5;1
11294;5;4
11295;5;1
11296;5;4
11297;5;1
11298;5;3
11299;5;1
11300;5;3
11301;5;3
11302;5;3
11303;5;4
11304;5;4
11305;5;3
11306;5;4
11307;5;4
11308;5;1
11309;5;3
11310;5;3
11311;5;3
11312;5;3
11313;5;4
11314;5;4
11315;5;1
11316;5;3
11317;5;3
11318;5;3
11319;5;4
11320;5;3
11321;5;1
11322;5;3
11323;5;4
11324;5;3
11325;5;3
11326;5;1
11327;5;3
11328;5;3
11329;5;4
11330;5;3
11331;5;3
11332;5;3
11333;5;3
11334;5;2
11335;5;4
11336;5;4
11337;5;3
11338;5;4
11339;5;4
11340;5;4
11341;5;3
11342;5;1
11343;5;4
11344;5;4
11345;5;3
11346;5;3
11347;5;3
11348;5;1
11349;5;3
11350;5;4
11351;5;4
11352;5;4
11353;5;4
11354;5;4
11355;5;3
11356;5;4
11357;5;4
11358;5;4
11359;5;3
11360;5;4
11361;5;1
11362;5;2
11363;5;4
11364;5;1
11365;5;1
11366;5;3
11367;5;4
11368;5;1
11369;5;4
11370;5;3
11371;5;4
11372;5;3
11373;5;1
11374;5;3
11375;5;4
11376;5;3
11377;5;3
11378;5;4
11379;5;4
11380;5;3
11381;5;4
11382;5;1
11383;5;4
11384;5;1
11385;5;3
11386;5;4
11387;5;3
11388;5;4
11389;5;4
11390;5;3
11391;5;3
11392;5;4
11393;5;4
11394;5;3
11395;5;1
11396;5;1
11397;5;3
11398;5;1
11399;5;1
11400;5;4
11401;5;3
11402;5;3
11403;5;1
11404;5;4
11405;5;3
11406;5;1
11407;5;1
11408;5;3
11409;5;4
11410;5;4
11411;5;1
11412;5;1
11413;5;4
11414;5;4
11415;5;3
11416;5;3
11417;5;3
11418;5;3
11419;5;3
11420;5;4
11421;5;3
11422;5;1
11423;5;3
11424;5;2
11425;5;1
11426;5;4
11427;5;3
11428;5;3
11429;5;1
11430;5;2
11431;5;3
11432;5;1
11433;5;1
11434;5;3
11435;5;1
11436;5;3
11437;5;1
11438;5;3
11439;5;3
11440;5;1
11441;5;3
11442;5;3
11443;5;1
11444;5;4
11445;5;4
11446;5;4
11447;5;4
11448;5;4
11449;5;4
11450;5;4
11451;5;3
11452;5;4
11453;5;4
11454;5;4
11455;5;3
11456;5;4
11457;5;3
11458;5;4
11459;5;3
11460;5;4
11461;5;3
11462;5;1
11463;5;4
11464;5;4
11465;5;1
11466;5;3
11467;5;4
11468;5;1
11469;5;3
11470;5;1
11471;5;3
11472;5;3
11473;5;3
11474;5;4
11475;5;3
11476;5;3
11477;5;3
11478;5;3
11479;5;4
11480;5;3
11481;5;4
11482;5;3
11483;5;4
11484;5;4
11485;5;1
11486;5;3
11487;5;3
11488;5;4
11489;5;3
11490;5;3
11491;5;4
11492;5;4
11493;5;3
11494;5;4
11495;5;1
11496;5;1
11497;5;3
11498;5;4
11499;5;3
11500;5;4
11501;5;3
11502;5;1
11503;5;3
11504;5;3
11505;5;4
11506;5;1
11507;5;3
11508;5;2
11509;5;3
11510;5;1
11511;5;3
11512;5;1
11513;5;3
11514;5;3
11515;5;3
11516;5;1
11517;5;1
11518;5;3
11519;5;3
11520;5;3
11521;5;1
11522;5;3
11523;5;4
11524;5;3
11525;5;4
11526;5;4
11527;5;4
11528;5;3
11529;5;4
11530;5;3
11531;5;3
11532;5;4
11533;5;4
11534;5;4
11535;5;4
11536;5;3
11537;5;3
11538;5;3
11539;5;4
11540;5;4
11541;5;1
11542;5;4
11543;5;4
11544;5;4
11545;5;1
11546;5;4
11547;5;3
11548;5;4
11549;5;4
11550;5;3
11551;5;4
11552;5;2
11553;5;1
11554;5;2
11555;5;1
11556;5;3
11557;5;1
11558;5;1
11559;5;3
11560;5;3
11561;5;3
11562;5;1
11563;5;4
11564;5;4
11565;5;4
11566;5;3
11567;5;3
11568;5;3
11569;5;3
11570;5;4
11571;5;3
11572;5;1
11573;5;3
11574;5;1
11575;5;3
11576;5;1
11577;5;4
11578;5;4
11579;5;4
11580;5;3
11581;5;3
11582;5;1
11583;5;4
11584;5;4
11585;5;3
11586;5;4
11587;5;4
11588;5;1
11589;5;4
11590;5;4
11591;5;3
11592;5;1
11593;5;1
11594;5;3
11595;5;4
11596;5;3
11597;5;3
11598;5;3
11599;5;4
11600;5;4
11601;5;4
11602;5;4
11603;5;1
11604;5;4
11605;5;2
11606;5;4
11607;5;4
11608;5;3
11609;5;4
11610;5;1
11611;5;3
11612;5;3
11613;5;3
11614;5;3
11615;5;3
11616;5;1
11617;5;4
11618;5;3
11619;5;3
11620;5;4
11621;5;4
11622;5;4
11623;5;3
11624;5;3
11625;5;1
11626;5;3
11627;5;1
11628;5;3
11629;5;3
11630;5;3
11631;5;1
11632;5;3
11633;5;3
11634;5;3
11635;5;4
11636;5;4
11637;5;1
11638;5;3
11639;5;4
11640;5;4
11641;5;3
11642;5;3
11643;5;3
11644;5;1
11645;5;1
11646;5;4
11647;5;1
11648;5;4
11649;5;4
11650;5;3
11651;5;4
11652;5;3
11653;5;1
11654;5;3
11655;5;4
11656;5;1
11657;5;4
11658;5;1
11659;5;3
11660;5;1
11661;5;1
11662;5;4
11663;5;3
11664;5;1
11665;5;4
11666;5;4
11667;5;4
11668;5;3
11669;5;4
11670;5;4
11671;5;4
11672;5;2
11673;5;3
11674;5;4
11675;5;4
11676;5;3
11677;5;3
11678;5;4
11679;5;3
11680;5;4
11681;5;3
11682;5;3
11683;5;4
11684;5;4
11685;5;2
11686;5;3
11687;5;1
11688;5;4
11689;5;3
11690;5;4
11691;5;4
11692;5;1
11693;5;1
11694;5;3
11695;5;3
11696;5;3
11697;5;4
11698;5;4
11699;5;1
11700;5;4
11701;5;3
11702;5;1
11703;5;3
11704;5;1
11705;5;1
11706;5;1
11707;5;1
11708;5;3
11709;5;3
11710;5;4
11711;5;4
11712;5;1
11713;5;3
11714;5;4
11715;5;3
11716;5;4
11717;5;3
11718;5;3
11719;5;3
11720;5;4
11721;5;4
11722;5;4
11723;5;3
11724;5;4
11725;5;1
11726;5;4
11727;5;4
11728;5;1
11729;5;3
11730;5;4
11731;5;1
11732;5;1
11733;5;4
11734;5;4
11735;5;3
11736;5;4
11737;5;4
11738;5;4
11739;5;1
11740;5;3
11741;5;3
11742;5;3
11743;5;3
11744;5;1
11745;5;1
11746;5;4
11747;5;4
11748;5;3
11749;5;4
11750;5;3
11751;5;4
11752;5;3
11753;5;4
11754;5;1
11755;5;4
11756;5;1
11757;5;3
11758;5;4
11759;5;4
11760;5;4
11761;5;3
11762;5;4
11763;5;4
11764;5;4
11765;5;4
11766;5;4
11767;5;4
11768;5;4
11769;5;4
11770;5;3
11771;5;4
11772;5;4
11773;5;4
11774;5;4
11775;5;3
11776;5;4
11777;5;4
11778;5;3
11779;5;3
11780;5;4
11781;5;1
11782;5;1
11783;5;4
11784;5;3
11785;5;4
11786;5;4
11787;5;1
11788;5;4
11789;5;1
11790;5;3
11791;5;4
11792;5;4
11793;5;3
11794;5;3
11795;5;3
11796;5;4
11797;5;2
11798;5;4
11799;5;4
11800;5;4
11801;5;1
11802;5;1
11803;5;4
11804;5;4
11805;5;3
11806;5;3
11807;5;4
11808;5;3
11809;5;4
11810;5;3
11811;5;4
11812;5;4
11813;5;4
11814;5;3
11815;5;1
11816;5;3
11817;5;4
11818;5;4
11819;5;1
11820;5;3
11821;5;4
11822;5;3
11823;5;3
11824;5;3
11825;5;3
11826;5;1
11827;5;4
11828;5;4
11829;5;3
11830;5;3
11831;5;3
11832;5;3
11833;5;3
11834;5;4
11835;5;1
11836;5;4
11837;5;3
11838;5;3
11839;5;3
11840;5;1
11841;5;3
11842;5;1
11843;5;3
11844;5;3
11845;5;3
11846;5;3
11847;5;4
11848;5;4
11849;5;3
11850;5;4
11851;5;1
11852;5;3
11853;5;4
11854;5;3
11855;5;3
11856;5;3
11857;5;3
11858;5;4
11859;5;2
11860;5;3
11861;5;4
11862;5;3
11863;5;3
11864;5;3
11865;5;3
11866;5;3
11867;5;3
11868;5;4
11869;5;3
11870;5;3
11871;5;3
11872;5;1
11873;5;4
11874;5;3
11875;5;3
11876;5;4
11877;5;3
11878;5;4
11879;5;1
11880;5;3
11881;5;4
11882;5;3
11883;5;1
11884;5;1
11885;5;4
11886;5;3
11887;5;3
11888;5;3
11889;5;1
11890;5;1
11891;5;3
11892;5;3
11893;5;1
11894;5;4
11895;5;1
11896;5;4
11897;5;4
11898;5;3
11899;5;3
11900;5;3
11901;5;3
11902;5;4
11903;5;4
11904;5;3
11905;5;3
11906;5;4
11907;5;3
11908;5;4
11909;5;3
11910;5;3
11911;5;4
11912;5;4
11913;5;3
11914;5;3
11915;5;4
11916;5;4
11917;5;4
11918;5;4
11919;5;4
11920;5;4
11921;5;3
11922;5;4
11923;5;4
11924;5;4
11925;5;3
11926;5;3
11927;5;4
11928;5;3
11929;5;4
11930;5;3
11931;5;4
11932;5;4
11933;5;4
11934;5;4
11935;5;4
11936;5;4
11937;5;4
11938;5;4
11939;5;1
11940;5;4
11941;5;4
11942;5;3
11943;5;1
11944;5;3
11945;5;3
11946;5;4
11947;5;3
11948;5;4
11949;5;4
11950;5;4
11951;5;4
11952;5;3
11953;5;4
11954;5;1
11955;5;4
11956;5;4
11957;5;3
11958;5;4
11959;5;4
11960;5;4
11961;5;3
11962;5;4
11963;5;1
11964;5;3
11965;5;3
11966;5;4
11967;5;4
11968;5;4
11969;5;1
11970;5;2
11971;5;3
11972;5;3
11973;5;4
11974;5;3
11975;5;3
11976;5;3
11977;5;3
11978;5;3
11979;5;3
11980;5;1
11981;5;3
11982;5;3
11983;5;3
11984;5;4
11985;5;4
11986;5;3
11987;5;3
11988;5;3
11989;5;4
11990;5;3
11991;5;4
11992;5;4
11993;5;3
11994;5;1
11995;5;3
11996;5;1
11997;5;4
11998;5;4
11999;5;1
12000;5;3
12001;5;1
12002;5;1
12003;5;1
12004;5;4
12005;5;4
12006;5;3
12007;5;4
12008;5;4
12009;5;3
12010;5;1
12011;5;3
12012;5;4
12013;5;3
12014;5;1
12015;5;3
12016;5;2
12017;5;4
12018;5;3
12019;5;3
12020;5;3
12021;5;1
12022;5;4
12023;5;4
12024;5;4
12025;5;3
12026;5;2
12027;5;4
12028;5;3
12029;5;1
12030;5;3
12031;5;3
12032;5;1
12033;5;3
12034;5;3
12035;5;3
12036;5;3
12037;5;3
12038;5;4
12039;5;4
12040;5;3
12041;5;3
12042;5;3
12043;5;1
12044;5;3
12045;5;3
12046;5;3
12047;5;3
12048;5;3
12049;5;3
12050;5;1
12051;5;4
12052;5;4
12053;5;3
12054;5;3
12055;5;1
12056;5;4
12057;5;4
12058;5;1
12059;5;4
12060;5;2
12061;5;3
12062;5;3
12063;5;3
12064;5;3
12065;5;1
12066;5;4
12067;5;3
12068;5;1
12069;5;3
12070;5;3
12071;5;3
12072;5;3
12073;5;3
12074;5;3
12075;5;4
12076;5;3
12077;5;3
12078;5;3
12079;5;4
12080;5;4
12081;5;4
12082;5;3
12083;5;1
12084;5;4
12085;5;3
12086;5;4
12087;5;4
12088;5;1
12089;5;4
12090;5;3
12091;5;1
12092;5;3
12093;5;3
12094;5;3
12095;5;3
12096;5;1
12097;5;3
12098;5;4
12099;5;3
12100;5;4
12101;5;4
12102;5;1
12103;5;3
12104;5;3
12105;5;3
12106;5;3
12107;5;1
12108;5;3
12109;5;3
12110;5;3
12111;5;3
12112;5;4
12113;5;1
12114;5;4
12115;5;3
12116;5;3
12117;5;1
12118;5;3
12119;5;3
12120;5;4
12121;5;3
12122;5;4
12123;5;3
12124;5;3
12125;5;3
12126;5;3
12127;5;3
12128;5;3
12129;5;1
12130;5;4
12131;5;2
12132;5;4
12133;5;3
12134;5;1
12135;5;4
12136;5;3
12137;5;1
12138;5;3
12139;5;4
12140;5;4
12141;5;1
12142;5;4
12143;5;3
12144;5;3
12145;5;3
12146;5;3
12147;5;3
12148;5;3
12149;5;3
12150;5;4
12151;5;3
12152;5;3
12153;5;3
12154;5;4
12155;5;4
12156;5;4
12157;5;4
12158;5;4
12159;5;4
12160;5;4
12161;5;4
12162;5;1
12163;5;3
12164;5;1
12165;5;3
12166;5;3
12167;5;1
12168;5;4
12169;5;3
12170;5;1
12171;5;4
12172;5;3
12173;5;1
12174;5;4
12175;5;3
12176;5;4
12177;5;4
12178;5;4
12179;5;1
12180;5;3
12181;5;3
12182;5;4
12183;5;3
12184;5;4
12185;5;3
12186;5;4
12187;5;3
12188;5;3
12189;5;4
12190;5;3
12191;5;4
12192;5;2
12193;5;4
12194;5;1
12195;5;4
12196;5;1
12197;5;3
12198;5;4
12199;5;3
12200;5;4
12201;5;3
12202;5;1
12203;5;4
12204;5;3
12205;5;1
12206;5;4
12207;5;4
12208;5;4
12209;5;1
12210;5;3
12211;5;4
12212;5;1
12213;5;3
12214;5;3
12215;5;4
12216;5;4
12217;5;3
12218;5;3
12219;5;4
12220;5;4
12221;5;1
12222;5;1
12223;5;4
12224;5;3
12225;5;4
12226;5;3
12227;5;3
12228;5;4
12229;5;3
12230;5;1
12231;5;4
12232;5;4
12233;5;3
12234;5;4
12235;5;4
12236;5;3
12237;5;3
12238;5;4
12239;5;4
12240;5;3
12241;5;3
12242;5;4
12243;5;3
12244;5;2
12245;5;4
12246;5;3
12247;5;4
12248;5;3
12249;5;4
12250;5;4
12251;5;3
12252;5;3
12253;5;4
12254;5;3
12255;5;3
12256;5;3
12257;5;3
12258;5;4
12259;5;4
12260;5;3
12261;5;4
12262;5;4
12263;5;4
12264;5;3
12265;5;3
12266;5;4
12267;5;1
12268;5;4
12269;5;3
12270;5;4
12271;5;3
12272;5;4
12273;5;3
12274;5;3
12275;5;3
12276;5;4
12277;5;4
12278;5;3
12279;5;1
12280;5;4
12281;5;3
12282;5;3
12283;5;1
12284;5;1
12285;5;1
12286;5;4
12287;5;1
12288;5;3
12289;5;4
12290;5;3
12291;5;3
12292;5;3
12293;5;3
12294;5;3
12295;5;3
12296;5;3
12297;5;4
12298;5;3
12299;5;3
12300;5;4
12301;5;1
12302;5;4
12303;5;4
12304;5;3
12305;5;3
12306;5;3
12307;5;3
12308;5;1
12309;5;3
12310;5;3
12311;5;4
12312;5;1
12313;5;4
12314;5;1
12315;5;4
12316;5;4
12317;5;4
12318;5;4
12319;5;3
12320;5;3
12321;5;1
12322;5;4
12323;5;3
12324;5;3
12325;5;3
12326;5;3
12327;5;3
12328;5;3
12329;5;3
12330;5;3
12331;5;4
12332;5;4
12333;5;4
12334;5;4
12335;5;1
12336;5;1
12337;5;4
12338;5;4
12339;5;1
12340;5;1
12341;5;4
12342;5;4
12343;5;3
12344;5;3
12345;5;4
12346;5;3
12347;5;3
12348;5;4
12349;5;4
12350;5;3
12351;5;3
12352;5;3
12353;5;3
12354;5;3
12355;5;4
12356;5;3
12357;5;4
12358;5;3
12359;5;3
12360;5;3
12361;5;1
12362;5;3
12363;5;1
12364;5;3
12365;5;1
12366;5;1
12367;5;4
12368;5;3
12369;5;3
12370;5;4
12371;5;4
12372;5;3
12373;5;3
12374;5;3
12375;5;3
12376;5;4
12377;5;4
12378;5;4
12379;5;4
12380;5;3
12381;5;3
12382;5;1
12383;5;1
12384;5;1
12385;5;4
12386;5;1
12387;5;3
12388;5;3
12389;5;4
12390;5;3
12391;5;4
12392;5;1
12393;5;1
12394;5;3
12395;5;4
12396;5;3
12397;5;1
12398;5;1
12399;5;4
12400;5;1
12401;5;4
12402;5;4
12403;5;4
12404;5;3
12405;5;4
12406;5;1
12407;5;3
12408;5;4
12409;5;3
12410;5;4
12411;5;3
12412;5;3
12413;5;4
12414;5;3
12415;5;3
12416;5;3
12417;5;3
12418;5;4
12419;5;3
12420;5;1
12421;5;4
12422;5;1
12423;5;4
12424;5;4
12425;5;1
12426;5;3
12427;5;1
12428;5;1
12429;5;3
12430;5;1
12431;5;1
12432;5;3
12433;5;4
12434;5;1
12435;5;4
12436;5;3
12437;5;3
12438;5;3
12439;5;3
12440;5;4
12441;5;3
12442;5;2
12443;5;4
12444;5;4
12445;5;4
12446;5;4
12447;5;1
12448;5;3
12449;5;1
12450;5;4
12451;5;3
12452;5;3
12453;5;4
12454;5;4
12455;5;3
12456;5;3
12457;5;1
12458;5;1
12459;5;3
12460;5;4
12461;5;4
12462;5;4
12463;5;4
12464;5;3
12465;5;4
12466;5;3
12467;5;1
12468;5;4
12469;5;4
12470;5;3
12471;5;1
12472;5;4
12473;5;3
12474;5;1
12475;5;4
12476;5;4
12477;5;3
12478;5;3
12479;5;3
12480;5;3
12481;5;1
12482;5;4
12483;5;3
12484;5;3
12485;5;4
12486;5;3
12487;5;3
12488;5;3
12489;5;3
12490;5;1
12491;5;3
12492;5;3
12493;5;4
12494;5;3
12495;5;3
12496;5;1
12497;5;3
12498;5;4
12499;5;1
12500;5;3
12501;5;3
12502;5;4
12503;5;1
12504;5;4
12505;5;3
12506;5;1
12507;5;3
12508;5;3
12509;5;3
12510;5;3
12511;5;2
12512;5;3
12513;5;4
12514;5;4
12515;5;4
12516;5;4
12517;5;4
12518;5;3
12519;5;1
12520;5;3
12521;5;1
12522;5;4
12523;5;4
12524;5;3
12525;5;3
12526;5;3
12527;5;3
12528;5;1
12529;5;1
12530;5;4
12531;5;1
12532;5;1
12533;5;3
12534;5;3
12535;5;4
12536;5;3
12537;5;1
12538;5;4
12539;5;4
12540;5;3
12541;5;4
12542;5;1
12543;5;4
12544;5;3
12545;5;4
12546;5;4
12547;5;1
12548;5;3
12549;5;1
12550;5;1
12551;5;3
12552;5;1
12553;5;2
12554;5;3
12555;5;1
12556;5;4
12557;5;4
12558;5;3
12559;5;3
12560;5;3
12561;5;3
12562;5;4
12563;5;3
12564;5;4
12565;5;3
12566;5;1
12567;5;3
12568;5;3
12569;5;4
12570;5;4
12571;5;3
12572;5;1
12573;5;3
12574;5;3
12575;5;3
12576;5;4
12577;5;4
12578;5;4
12579;5;4
12580;5;4
12581;5;4
12582;5;4
12583;5;4
12584;5;4
12585;5;4
12586;5;4
12587;5;4
12588;5;4
12589;5;1
12590;5;3
12591;5;3
12592;5;1
12593;5;3
12594;5;3
12595;5;1
12596;5;4
12597;5;4
12598;5;4
12599;5;4
12600;5;3
12601;5;3
12602;5;3
12603;5;3
12604;5;4
12605;5;3
12606;5;4
12607;5;4
12608;5;3
12609;5;4
12610;5;4
12611;5;3
12612;5;4
12613;5;4
12614;5;4
12615;5;3
12616;5;3
12617;5;4
12618;5;4
12619;5;4
12620;5;4
12621;5;4
12622;5;4
12623;5;3
12624;5;4
12625;5;4
12626;5;3
12627;5;4
12628;5;3
12629;5;3
12630;5;3
12631;5;3
12632;5;4
12633;5;4
12634;5;3
12635;5;1
12636;5;3
12637;5;3
12638;5;3
12639;5;3
12640;5;1
12641;5;4
12642;5;1
12643;5;3
12644;5;3
12645;5;1
12646;5;4
12647;5;3
12648;5;1
12649;5;3
12650;5;3
12651;5;4
12652;5;3
12653;5;2
12654;5;4
12655;5;3
12656;5;1
12657;5;3
12658;5;3
12659;5;3
12660;5;3
12661;5;3
12662;5;1
12663;5;3
12664;5;4
12665;5;3
12666;5;3
12667;5;3
12668;5;3
12669;5;1
12670;5;4
12671;5;4
12672;5;3
12673;5;3
12674;5;3
12675;5;3
12676;5;4
12677;5;3
12678;5;3
12679;5;4
12680;5;4
12681;5;3
12682;5;3
12683;5;3
12684;5;4
12685;5;3
12686;5;3
12687;5;3
12688;5;1
12689;5;4
12690;5;3
12691;5;3
12692;5;3
12693;5;3
12694;5;4
12695;5;1
12696;5;4
12697;5;3
12698;5;3
12699;5;4
12700;5;3
12701;5;3
12702;5;3
12703;5;4
12704;5;3
12705;5;3
12706;5;3
12707;5;4
12708;5;4
12709;5;4
12710;5;1
12711;5;1
12712;5;3
12713;5;4
12714;5;1
12715;5;3
12716;5;4
12717;5;3
12718;5;1
12719;5;3
12720;5;3
12721;5;4
12722;5;4
12723;5;4
12724;5;3
12725;5;4
12726;5;1
12727;5;3
12728;5;3
12729;5;3
12730;5;4
12731;5;3
12732;5;3
12733;5;4
12734;5;3
12735;5;3
12736;5;3
12737;5;3
12738;5;3
12739;5;3
12740;5;4
12741;5;3
12742;5;3
12743;5;4
12744;5;3
12745;5;3
12746;5;3
12747;5;3
12748;5;4
12749;5;4
12750;5;1
12751;5;2
12752;5;1
12753;5;2
12754;5;3
12755;5;4
12756;5;1
12757;5;3
12758;5;3
12759;5;4
12760;5;3
12761;5;4
12762;5;3
12763;5;3
12764;5;1
12765;5;4
12766;5;4
12767;5;1
12768;5;4
12769;5;4
12770;5;3
12771;5;4
12772;5;4
12773;5;3
12774;5;4
12775;5;4
12776;5;1
12777;5;4
12778;5;1
12779;5;3
12780;5;3
12781;5;4
12782;5;1
12783;5;1
12784;5;4
12785;5;3
12786;5;4
12787;5;3
12788;5;3
12789;5;1
12790;5;2
12791;5;3
12792;5;3
12793;5;4
12794;5;3
12795;5;4
12796;5;3
12797;5;4
12798;5;4
12799;5;3
12800;5;1
12801;5;4
12802;5;3
12803;5;2
12804;5;1
12805;5;1
12806;5;4
12807;5;4
12808;5;3
12809;5;4
12810;5;1
12811;5;3
12812;5;4
12813;5;3
12814;5;1
12815;5;3
12816;5;4
12817;5;1
12818;5;4
12819;5;2
12820;5;4
12821;5;3
12822;5;3
12823;5;3
12824;5;1
12825;5;4
12826;5;4
12827;5;3
12828;5;2
12829;5;4
12830;5;4
12831;5;3
12832;5;4
12833;5;4
12834;5;3
12835;5;4
12836;5;4
12837;5;3
12838;5;3
12839;5;3
12840;5;3
12841;5;3
12842;5;4
12843;5;1
12844;5;3
12845;5;4
12846;5;3
12847;5;3
12848;5;3
12849;5;3
12850;5;3
12851;5;3
12852;5;3
12853;5;3
12854;5;4
12855;5;3
12856;5;3
12857;5;3
12858;5;3
12859;5;1
12860;5;4
12861;5;4
12862;5;3
12863;5;4
12864;5;4
12865;5;4
12866;5;3
12867;5;4
12868;5;4
12869;5;3
12870;5;4
12871;5;3
12872;5;1
12873;5;3
12874;5;4
12875;5;3
12876;5;4
12877;5;3
12878;5;3
12879;5;3
12880;5;3
12881;5;4
12882;5;4
12883;5;3
12884;5;3
12885;5;4
12886;5;4
12887;5;4
12888;5;3
12889;5;1
12890;5;3
12891;5;3
12892;5;4
12893;5;3
12894;5;4
12895;5;1
12896;5;3
12897;5;1
12898;5;3
12899;5;4
12900;5;1
12901;5;4
12902;5;4
12903;5;2
12904;5;3
12905;5;3
12906;5;4
12907;5;3
12908;5;3
12909;5;1
12910;5;3
12911;5;4
12912;5;3
12913;5;3
12914;5;3
12915;5;4
12916;5;4
12917;5;1
12918;5;3
12919;5;3
12920;5;1
12921;5;2
12922;5;3
12923;5;4
12924;5;3
12925;5;3
12926;5;1
12927;5;3
12928;5;3
12929;5;3
12930;5;4
12931;5;3
12932;5;3
12933;5;1
12934;5;4
12935;5;4
12936;5;4
12937;5;4
12938;5;4
12939;5;3
12940;5;3
12941;5;4
12942;5;4
12943;5;3
12944;5;4
12945;5;3
12946;5;4
12947;5;4
12948;5;4
12949;5;4
12950;5;4
12951;5;4
12952;5;3
12953;5;3
12954;5;4
12955;5;1
12956;5;4
12957;5;1
12958;5;4
12959;5;3
12960;5;1
12961;5;3
12962;5;1
12963;5;3
12964;5;3
12965;5;4
12966;5;3
12967;5;4
12968;5;3
12969;5;4
12970;5;4
12971;5;4
12972;5;4
12973;5;4
12974;5;1
12975;5;4
12976;5;4
12977;5;3
12978;5;3
12979;5;4
12980;5;3
12981;5;3
12982;5;3
12983;5;3
12984;5;1
12985;5;3
12986;5;3
12987;5;4
12988;5;3
12989;5;3
12990;5;3
12991;5;3
12992;5;3
12993;5;3
12994;5;3
12995;5;4
12996;5;4
12997;5;3
12998;5;3
12999;5;3
13000;5;3
13001;5;3
13002;5;3
13003;5;3
13004;5;3
13005;5;3
13006;5;4
13007;5;4
13008;5;3
13009;5;3
13010;5;4
13011;5;4
13012;5;3
13013;5;4
13014;5;3
13015;5;4
13016;5;4
13017;5;1
13018;5;1
13019;5;4
13020;5;4
13021;5;4
13022;5;4
13023;5;3
13024;5;4
13025;5;1
13026;5;4
13027;5;4
13028;5;4
13029;5;4
13030;5;4
13031;5;4
13032;5;1
13033;5;3
13034;5;4
13035;5;1
13036;5;3
13037;5;4
13038;5;1
13039;5;3
13040;5;3
13041;5;1
13042;5;1
13043;5;4
13044;5;1
13045;5;4
13046;5;3
13047;5;4
13048;5;2
13049;5;4
13050;5;3
13051;5;1
13052;5;3
13053;5;1
13054;5;4
13055;5;1
13056;5;4
13057;5;4
13058;5;1
13059;5;4
13060;5;3
13061;5;4
13062;5;2
13063;5;4
13064;5;4
13065;5;3
13066;5;3
13067;5;4
13068;5;3
13069;5;3
13070;5;3
13071;5;3
13072;5;3
13073;5;3
13074;5;4
13075;5;3
13076;5;4
13077;5;3
13078;5;3
13079;5;3
13080;5;4
13081;5;4
13082;5;3
13083;5;4
13084;5;4
13085;5;1
13086;5;1
13087;5;3
13088;5;3
13089;5;3
13090;5;4
13091;5;4
13092;5;1
13093;5;1
13094;5;3
13095;5;4
13096;5;1
13097;5;3
13098;5;2
13099;5;3
13100;5;4
13101;5;4
13102;5;4
13103;5;4
13104;5;3
13105;5;4
13106;5;4
13107;5;1
13108;5;3
13109;5;4
13110;5;3
13111;5;3
13112;5;3
13113;5;3
13114;5;4
13115;5;3
13116;5;1
13117;5;4
13118;5;3
13119;5;3
13120;5;3
13121;5;3
13122;5;4
13123;5;4
13124;5;3
13125;5;3
13126;5;1
13127;5;4
13128;5;1
13129;5;4
13130;5;3
13131;5;4
13132;5;1
13133;5;4
13134;5;1
13135;5;4
13136;5;3
13137;5;1
13138;5;1
13139;5;3
13140;5;1
13141;5;3
13142;5;4
13143;5;3
13144;5;3
13145;5;3
13146;5;3
13147;5;3
13148;5;3
13149;5;4
13150;5;3
13151;5;3
13152;5;3
13153;5;2
13154;5;4
13155;5;4
13156;5;3
13157;5;4
13158;5;4
13159;5;4
13160;5;3
13161;5;4
13162;5;3
13163;5;4
13164;5;3
13165;5;4
13166;5;3
13167;5;3
13168;5;4
13169;5;3
13170;5;3
13171;5;4
13172;5;3
13173;5;3
13174;5;3
13175;5;3
13176;5;3
13177;5;3
13178;5;3
13179;5;3
13180;5;3
13181;5;3
13182;5;3
13183;5;3
13184;5;3
13185;5;3
13186;5;4
13187;5;4
13188;5;3
13189;5;3
13190;5;3
13191;5;4
13192;5;4
13193;5;3
13194;5;3
13195;5;3
13196;5;3
13197;5;3
13198;5;4
13199;5;3
13200;5;3
13201;5;3
13202;5;4
13203;5;3
13204;5;3
13205;5;3
13206;5;4
13207;5;3
13208;5;3
13209;5;3
13210;5;3
13211;5;3
13212;5;3
13213;5;3
13214;5;4
13215;5;2
13216;5;3
13217;5;3
13218;5;3
13219;5;3
13220;5;3
13221;5;3
13222;5;4
13223;5;3
13224;5;4
13225;5;3
13226;5;1
13227;5;3
13228;5;4
13229;5;3
13230;5;3
13231;5;3
13232;5;4
13233;5;3
13234;5;3
13235;5;3
13236;5;3
13237;5;3
13238;5;3
13239;5;3
13240;5;3
13241;5;3
13242;5;3
13243;5;3
13244;5;3
13245;5;3
13246;5;3
13247;5;3
13248;5;3
13249;5;3
13250;5;3
13251;5;1
13252;5;3
13253;5;4
13254;5;3
13255;5;3
13256;5;4
13257;5;3
13258;5;4
13259;5;3
13260;5;3
13261;5;3
13262;5;3
13263;5;3
13264;5;4
13265;5;4
13266;5;4
13267;5;4
13268;5;4
13269;5;4
13270;5;4
13271;5;4
13272;5;4
13273;5;1
13274;5;3
13275;5;4
13276;5;4
13277;5;3
13278;5;4
13279;5;3
13280;5;3
13281;5;3
13282;5;4
13283;5;4
13284;5;1
13285;5;3
13286;5;4
13287;5;1
13288;5;3
13289;5;3
13290;5;4
13291;5;4
13292;5;4
13293;5;4
13294;5;4
13295;5;3
13296;5;4
13297;5;3
13298;5;4
13299;5;2
13300;5;4
13301;5;4
13302;5;3
13303;5;3
13304;5;1
13305;5;1
13306;5;3
13307;5;3
13308;5;1
13309;5;4
13310;5;1
13311;5;3
13312;5;1
13313;5;3
13314;5;3
13315;5;3
13316;5;3
13317;5;3
13318;5;3
13319;5;3
13320;5;4
13321;5;4
13322;5;3
13323;5;4
13324;5;3
13325;5;3
13326;5;3
13327;5;3
13328;5;3
13329;5;4
13330;5;3
13331;5;3
13332;5;4
13333;5;4
13334;5;3
13335;5;3
13336;5;3
13337;5;4
13338;5;3
13339;5;4
13340;5;4
13341;5;3
13342;5;3
13343;5;1
13344;5;3
13345;5;4
13346;5;3
13347;5;4
13348;5;3
13349;5;3
13350;5;3
13351;5;3
13352;5;2
13353;5;3
13354;5;3
13355;5;4
13356;5;4
13357;5;3
13358;5;4
13359;5;4
13360;5;3
13361;5;3
13362;5;3
13363;5;4
13364;5;3
13365;5;4
13366;5;1
13367;5;4
13368;5;4
13369;5;2
13370;5;3
13371;5;3
13372;5;4
13373;5;4
13374;5;3
13375;5;3
13376;5;3
13377;5;3
13378;5;4
13379;5;3
13380;5;3
13381;5;3
13382;5;3
13383;5;3
13384;5;4
13385;5;3
13386;5;3
13387;5;4
13388;5;3
13389;5;3
13390;5;3
13391;5;3
13392;5;4
13393;5;3
13394;5;4
13395;5;3
13396;5;3
13397;5;3
13398;5;4
13399;5;3
13400;5;3
13401;5;1
13402;5;3
13403;5;3
13404;5;3
13405;5;4
13406;5;1
13407;5;4
13408;5;1
13409;5;4
13410;5;4
13411;5;4
13412;5;4
13413;5;3
13414;5;1
13415;5;1
13416;5;1
13417;5;3
13418;5;3
13419;5;3
13420;5;1
13421;5;3
13422;5;1
13423;5;3
13424;5;3
13425;5;3
13426;5;3
13427;5;3
13428;5;3
13429;5;3
13430;5;3
13431;5;4
13432;5;3
13433;5;3
13434;5;1
13435;5;3
13436;5;3
13437;5;3
13438;5;1
13439;5;4
13440;5;3
13441;5;3
13442;5;3
13443;5;4
13444;5;3
13445;5;4
13446;5;3
13447;5;3
13448;5;4
13449;5;3
13450;5;3
13451;5;1
13452;5;4
13453;5;1
13454;5;1
13455;5;3
13456;5;1
13457;5;3
13458;5;1
13459;5;3
13460;5;2
13461;5;4
13462;5;3
13463;5;4
13464;5;4
13465;5;4
13466;5;1
13467;5;3
13468;5;3
13469;5;3
13470;5;3
13471;5;3
13472;5;1
13473;5;3
13474;5;1
13475;5;3
13476;5;3
13477;5;4
13478;5;1
13479;5;4
13480;5;3
13481;5;3
13482;5;1
13483;5;1
13484;5;3
13485;5;3
13486;5;4
13487;5;4
13488;5;2
13489;5;3
13490;5;1
13491;5;4
13492;5;3
13493;5;3
13494;5;3
13495;5;3
13496;5;3
13497;5;3
13498;5;1
13499;5;1
13500;5;3
13501;5;3
13502;5;2
13503;5;3
13504;5;4
13505;5;4
13506;5;3
13507;5;3
13508;5;3
13509;5;3
13510;5;3
13511;5;3
13512;5;3
13513;5;2
13514;5;2
13515;5;3
13516;5;4
13517;5;1
13518;5;4
13519;5;4
13520;5;3
13521;5;3
13522;5;3
13523;5;3
13524;5;3
13525;5;3
13526;5;4
13527;5;3
13528;5;4
13529;5;4
13530;5;3
13531;5;3
13532;5;1
13533;5;3
13534;5;3
13535;5;3
13536;5;3
13537;5;3
13538;5;1
13539;5;4
13540;5;3
13541;5;4
13542;5;4
13543;5;1
13544;5;4
13545;5;1
13546;5;4
13547;5;3
13548;5;3
13549;5;4
13550;5;3
13551;5;1
13552;5;3
13553;5;4
13554;5;1
13555;5;4
13556;5;3
13557;5;3
13558;5;3
13559;5;3
13560;5;3
13561;5;3
13562;5;3
13563;5;3
13564;5;3
13565;5;3
13566;5;3
13567;5;3
13568;5;4
13569;5;4
13570;5;4
13571;5;4
13572;5;1
13573;5;4
13574;5;4
13575;5;3
13576;5;4
13577;5;4
13578;5;4
13579;5;3
13580;5;1
13581;5;4
13582;5;3
13583;5;3
13584;5;4
13585;5;1
13586;5;4
13587;5;3
13588;5;3
13589;5;4
13590;5;4
13591;5;4
13592;5;4
13593;5;4
13594;5;4
13595;5;3
13596;5;4
13597;5;3
13598;5;4
13599;5;3
13600;5;4
13601;5;4
13602;5;1
13603;5;3
13604;5;1
13605;5;3
13606;5;3
13607;5;4
13608;5;4
13609;5;4
13610;5;3
13611;5;4
13612;5;4
13613;5;1
13614;5;1
13615;5;1
13616;5;1
13617;5;4
13618;5;1
13619;5;1
13620;5;3
13621;5;1
13622;5;3
13623;5;1
13624;5;3
13625;5;1
13626;5;1
13627;5;1
13628;5;1
13629;5;4
13630;5;4
13631;5;1
13632;5;1
13633;5;3
13634;5;3
13635;5;3
13636;5;1
13637;5;4
13638;5;1
13639;5;3
13640;5;3
13641;5;1
13642;5;4
13643;5;4
13644;5;4
13645;5;1
13646;5;3
13647;5;4
13648;5;4
13649;5;1
13650;5;3
13651;5;1
13652;5;1
13653;5;4
13654;5;4
13655;5;1
13656;5;3
13657;5;1
13658;5;4
13659;5;2
13660;5;4
13661;5;3
13662;5;1
13663;5;4
13664;5;4
13665;5;1
13666;5;1
13667;5;4
13668;5;1
13669;5;3
13670;5;4
13671;5;4
13672;5;4
13673;5;4
13674;5;1
13675;5;1
13676;5;4
13677;5;1
13678;5;1
13679;5;3
13680;5;1
13681;5;1
13682;5;1
13683;5;4
13684;5;3
13685;5;4
13686;5;4
13687;5;4
13688;5;4
13689;5;4
13690;5;4
13691;5;3
13692;5;4
13693;5;4
13694;5;3
13695;5;3
13696;5;4
13697;5;4
13698;5;4
13699;5;1
13700;5;3
13701;5;2
13702;5;4
13703;5;2
13704;5;4
13705;5;3
13706;5;4
13707;5;3
13708;5;3
13709;5;3
13710;5;4
13711;5;4
13712;5;4
13713;5;4
13714;5;3
13715;5;3
13716;5;4
13717;5;1
13718;5;1
13719;5;1
13720;5;1
13721;5;4
13722;5;4
13723;5;4
13724;5;4
13725;5;4
13726;5;4
13727;5;3
13728;5;3
13729;5;1
13730;5;3
13731;5;4
13732;5;1
13733;5;3
13734;5;4
13735;5;3
13736;5;4
13737;5;4
13738;5;4
13739;5;3
13740;5;4
13741;5;3
13742;5;2
13743;5;3
13744;5;4
13745;5;1
13746;5;1
13747;5;3
13748;5;1
13749;5;4
13750;5;4
13751;5;3
13752;5;1
13753;5;3
13754;5;4
13755;5;4
13756;5;1
13757;5;4
13758;5;3
13759;5;4
13760;5;1
13761;5;1
13762;5;1
13763;5;3
13764;5;4
13765;5;4
13766;5;1
13767;5;4
13768;5;4
13769;5;3
13770;5;1
13771;5;1
13772;5;2
13773;5;1
13774;5;1
13775;5;1
13776;5;1
13777;5;3
13778;5;4
13779;5;1
13780;5;3
13781;5;1
13782;5;4
13783;5;4
13784;5;3
13785;5;3
13786;5;3
13787;5;4
13788;5;3
13789;5;4
13790;5;1
13791;5;4
13792;5;3
13793;5;4
13794;5;3
13795;5;4
13796;5;1
13797;5;1
13798;5;3
13799;5;4
13800;5;3
13801;5;2
13802;5;4
13803;5;4
13804;5;4
13805;5;4
13806;5;4
13807;5;1
13808;5;4
13809;5;4
13810;5;1
13811;5;4
13812;5;3
13813;5;4
13814;5;4
13815;5;3
13816;5;4
13817;5;1
13818;5;3
13819;5;3
13820;5;3
13821;5;4
13822;5;4
13823;5;3
13824;5;3
13825;5;4
13826;5;4
13827;5;3
13828;5;1
13829;5;4
13830;5;4
13831;5;3
13832;5;3
13833;5;3
13834;5;1
13835;5;3
13836;5;4
13837;5;3
13838;5;1
13839;5;3
13840;5;3
13841;5;1
13842;5;3
13843;5;3
13844;5;4
13845;5;1
13846;5;4
13847;5;1
13848;5;4
13849;5;1
13850;5;3
13851;5;4
13852;5;3
13853;5;1
13854;5;4
13855;5;3
13856;5;4
13857;5;4
13858;5;3
13859;5;1
13860;5;3
13861;5;3
13862;5;4
13863;5;3
13864;5;3
13865;5;3
13866;5;4
13867;5;2
13868;5;3
13869;5;3
13870;5;4
13871;5;4
13872;5;4
13873;5;4
13874;5;1
13875;5;4
13876;5;4
13877;5;4
13878;5;3
13879;5;4
13880;5;4
13881;5;4
13882;5;4
13883;5;3
13884;5;4
13885;5;1
13886;5;4
13887;5;1
13888;5;4
13889;5;4
13890;5;4
13891;5;4
13892;5;4
13893;5;3
13894;5;4
13895;5;4
13896;5;3
13897;5;4
13898;5;3
13899;5;4
13900;5;4
13901;5;4
13902;5;1
13903;5;1
13904;5;3
13905;5;3
13906;5;3
13907;5;4
13908;5;4
13909;5;4
13910;5;3
13911;5;3
13912;5;3
13913;5;1
13914;5;4
13915;5;4
13916;5;4
13917;5;3
13918;5;4
13919;5;1
13920;5;1
13921;5;3
13922;5;4
13923;5;3
13924;5;1
13925;5;3
13926;5;1
13927;5;4
13928;5;4
13929;5;4
13930;5;4
13931;5;3
13932;5;4
13933;5;4
13934;5;3
13935;5;4
13936;5;3
13937;5;3
13938;5;1
13939;5;4
13940;5;3
13941;5;1
13942;5;3
13943;5;3
13944;5;1
13945;5;4
13946;5;1
13947;5;3
13948;5;3
13949;5;4
13950;5;4
13951;5;4
13952;5;4
13953;5;1
13954;5;4
13955;5;3
13956;5;3
13957;5;4
13958;5;1
13959;5;3
13960;5;2
13961;5;3
13962;5;3
13963;5;4
13964;5;3
13965;5;3
13966;5;3
13967;5;4
13968;5;3
13969;5;3
13970;5;3
13971;5;4
13972;5;4
13973;5;4
13974;5;4
13975;5;3
13976;5;4
13977;5;4
13978;5;3
13979;5;1
13980;5;4
13981;5;4
13982;5;4
13983;5;3
13984;5;4
13985;5;4
13986;5;4
13987;5;4
13988;5;4
13989;5;1
13990;5;3
13991;5;4
13992;5;3
13993;5;4
13994;5;4
13995;5;4
13996;5;4
13997;5;1
13998;5;4
13999;5;3
14000;5;4
14001;5;3
14002;5;3
14003;5;3
14004;5;3
14005;5;4
14006;5;4
14007;5;3
14008;5;3
14009;5;3
14010;5;3
14011;5;4
14012;5;4
14013;5;3
14014;5;3
14015;5;3
14016;5;4
14017;5;4
14018;5;4
14019;5;3
14020;5;1
14021;5;4
14022;5;1
14023;5;4
14024;5;3
14025;5;3
14026;5;3
14027;5;3
14028;5;3
14029;5;3
14030;5;3
14031;5;3
14032;5;4
14033;5;4
14034;5;3
14035;5;3
14036;5;1
14037;5;3
14038;5;1
14039;5;1
14040;5;4
14041;5;4
14042;5;2
14043;5;1
14044;5;3
14045;5;4
14046;5;3
14047;5;3
14048;5;4
14049;5;3
14050;5;4
14051;5;1
14052;5;4
14053;5;1
14054;5;4
14055;5;3
14056;5;1
14057;5;3
14058;5;3
14059;5;3
14060;5;3
14061;5;3
14062;5;3
14063;5;3
14064;5;3
14065;5;3
14066;5;3
14067;5;3
14068;5;1
14069;5;3
14070;5;4
14071;5;3
14072;5;4
14073;5;1
14074;5;1
14075;5;3
14076;5;4
14077;5;3
14078;5;4
14079;5;4
14080;5;1
14081;5;1
14082;5;3
14083;5;3
14084;5;3
14085;5;3
14086;5;3
14087;5;3
14088;5;1
14089;5;1
14090;5;3
14091;5;4
14092;5;3
14093;5;1
14094;5;1
14095;5;1
14096;5;1
14097;5;4
14098;5;4
14099;5;3
14100;5;3
14101;5;4
14102;5;1
14103;5;3
14104;5;3
14105;5;3
14106;5;4
14107;5;1
14108;5;4
14109;5;3
14110;5;4
14111;5;1
14112;5;3
14113;5;3
14114;5;3
14115;5;3
14116;5;4
14117;5;1
14118;5;4
14119;5;3
14120;5;4
14121;5;2
14122;5;1
14123;5;3
14124;5;3
14125;5;3
14126;5;1
14127;5;4
14128;5;3
14129;5;1
14130;5;2
14131;5;3
14132;5;3
14133;5;4
14134;5;4
14135;5;4
14136;5;4
14137;5;3
14138;5;3
14139;5;3
14140;5;3
14141;5;3
14142;5;3
14143;5;3
14144;5;4
14145;5;3
14146;5;4
14147;5;4
14148;5;4
14149;5;4
14150;5;3
14151;5;4
14152;5;3
14153;5;3
14154;5;3
14155;5;4
14156;5;4
14157;5;4
14158;5;3
14159;5;1
14160;5;3
14161;5;4
14162;5;3
14163;5;4
14164;5;3
14165;5;4
14166;5;1
14167;5;4
14168;5;3
14169;5;3
14170;5;4
14171;5;4
14172;5;3
14173;5;4
14174;5;3
14175;5;1
14176;5;1
14177;5;4
14178;5;1
14179;5;1
14180;5;3
14181;5;3
14182;5;1
14183;5;1
14184;5;3
14185;5;3
14186;5;1
14187;5;1
14188;5;3
14189;5;4
14190;5;3
14191;5;3
14192;5;3
14193;5;4
14194;5;4
14195;5;4
14196;5;3
14197;5;3
14198;5;1
14199;5;4
14200;5;4
14201;5;4
14202;5;4
14203;5;4
14204;5;4
14205;5;4
14206;5;3
14207;5;1
14208;5;4
14209;5;3
14210;5;3
14211;5;4
14212;5;4
14213;5;3
14214;5;3
14215;5;1
14216;5;1
14217;5;1
14218;5;1
14219;5;2
14220;5;1
14221;5;2
14222;5;3
14223;5;3
14224;5;3
14225;5;1
14226;5;1
14227;5;4
14228;5;3
14229;5;1
14230;5;1
14231;5;3
14232;5;4
14233;5;4
14234;5;3
14235;5;4
14236;5;3
14237;5;3
14238;5;3
14239;5;4
14240;5;3
14241;5;4
14242;5;3
14243;5;3
14244;5;4
14245;5;1
14246;5;3
14247;5;4
14248;5;3
14249;5;4
14250;5;2
14251;5;3
14252;5;3
14253;5;3
14254;5;4
14255;5;2
14256;5;3
14257;5;4
14258;5;4
14259;5;1
14260;5;4
14261;5;1
14262;5;4
14263;5;1
14264;5;3
14265;5;3
14266;5;1
14267;5;4
14268;5;3
14269;5;4
14270;5;4
14271;5;3
14272;5;2
14273;5;3
14274;5;1
14275;5;3
14276;5;3
14277;5;3
14278;5;3
14279;5;4
14280;5;4
14281;5;4
14282;5;3
14283;5;3
14284;5;3
14285;5;4
14286;5;4
14287;5;4
14288;5;3
14289;5;3
14290;5;3
14291;5;3
14292;5;3
14293;5;4
14294;5;4
14295;5;3
14296;5;3
14297;5;3
14298;5;4
14299;5;3
14300;5;1
14301;5;3
14302;5;3
14303;5;2
14304;5;1
14305;5;1
14306;5;4
14307;5;4
14308;5;4
14309;5;3
14310;5;4
14311;5;3
14312;5;4
14313;5;4
14314;5;3
14315;5;1
14316;5;3
14317;5;3
14318;5;4
14319;5;3
14320;5;3
14321;5;3
14322;5;1
14323;5;3
14324;5;3
14325;5;3
14326;5;3
14327;5;3
14328;5;4
14329;5;3
14330;5;1
14331;5;3
14332;5;1
14333;5;3
14334;5;4
14335;5;1
14336;5;3
14337;5;4
14338;5;3
14339;5;3
14340;5;3
14341;5;4
14342;5;3
14343;5;3
14344;5;3
14345;5;4
14346;5;3
14347;5;3
14348;5;4
14349;5;3
14350;5;3
14351;5;3
14352;5;4
14353;5;3
14354;5;3
14355;5;3
14356;5;4
14357;5;4
14358;5;3
14359;5;3
14360;5;3
14361;5;4
14362;5;4
14363;5;1
14364;5;3
14365;5;3
14366;5;1
14367;5;4
14368;5;4
14369;5;3
14370;5;3
14371;5;3
14372;5;2
14373;5;1
14374;5;3
14375;5;4
14376;5;1
14377;5;4
14378;5;4
14379;5;4
14380;5;1
14381;5;4
14382;5;4
14383;5;4
14384;5;3
14385;5;3
14386;5;1
14387;5;4
14388;5;4
14389;5;4
14390;5;3
14391;5;4
14392;5;3
14393;5;4
14394;5;4
14395;5;3
14396;5;2
14397;5;3
14398;5;4
14399;5;1
14400;5;3
14401;5;4
14402;5;3
14403;5;3
14404;5;4
14405;5;3
14406;5;1
14407;5;4
14408;5;1
14409;5;1
14410;5;1
14411;5;1
14412;5;1
14413;5;4
14414;5;4
14415;5;1
14416;5;3
14417;5;4
14418;5;3
14419;5;3
14420;5;3
14421;5;3
14422;5;1
14423;5;1
14424;5;3
14425;5;4
14426;5;3
14427;5;4
14428;5;3
14429;5;4
14430;5;3
14431;5;4
14432;5;3
14433;5;3
14434;5;4
14435;5;4
14436;5;4
14437;5;3
14438;5;3
14439;5;1
14440;5;3
14441;5;4
14442;5;4
14443;5;1
14444;5;4
14445;5;4
14446;5;4
14447;5;1
14448;5;1
14449;5;4
14450;5;1
14451;5;3
14452;5;3
14453;5;3
14454;5;3
14455;5;3
14456;5;4
14457;5;4
14458;5;4
14459;5;3
14460;5;3
14461;5;3
14462;5;1
14463;5;1
14464;5;3
14465;5;3
14466;5;4
14467;5;1
14468;5;3
14469;5;4
14470;5;3
14471;5;3
14472;5;1
14473;5;4
14474;5;1
14475;5;1
14476;5;3
14477;5;3
14478;5;3
14479;5;1
14480;5;4
14481;5;2
14482;5;3
14483;5;1
14484;5;3
14485;5;4
14486;5;1
14487;5;3
14488;5;4
14489;5;1
14490;5;4
14491;5;4
14492;5;4
14493;5;4
14494;5;4
14495;5;3
14496;5;3
14497;5;4
14498;5;2
14499;5;1
14500;5;1
14501;5;1
14502;5;4
14503;5;4
14504;5;3
14505;5;3
14506;5;3
14507;5;4
14508;5;2
14509;5;4
14510;5;4
14511;5;1
14512;5;3
14513;5;1
14514;5;4
14515;5;3
14516;5;4
14517;5;3
14518;5;3
14519;5;3
14520;5;4
14521;5;3
14522;5;3
14523;5;1
14524;5;3
14525;5;3
14526;5;3
14527;5;1
14528;5;4
14529;5;1
14530;5;1
14531;5;3
14532;5;4
14533;5;1
14534;5;4
14535;5;4
14536;5;1
14537;5;3
14538;5;4
14539;5;4
14540;5;3
14541;5;1
14542;5;1
14543;5;1
14544;5;4
14545;5;4
14546;5;2
14547;5;1
14548;5;4
14549;5;3
14550;5;3
14551;5;1
14552;5;1
14553;5;3
14554;5;3
14555;5;1
14556;5;1
14557;5;4
14558;5;1
14559;5;4
14560;5;1
14561;5;4
14562;5;1
14563;5;4
14564;5;4
14565;5;4
14566;5;3
14567;5;3
14568;5;1
14569;5;4
14570;5;4
14571;5;1
14572;5;4
14573;5;4
14574;5;4
14575;5;4
14576;5;4
14577;5;3
14578;5;3
14579;5;1
14580;5;4
14581;5;3
14582;5;3
14583;5;1
14584;5;3
14585;5;1
14586;5;4
14587;5;4
14588;5;4
14589;5;1
14590;5;4
14591;5;3
14592;5;4
14593;5;3
14594;5;4
14595;5;3
14596;5;1
14597;5;4
14598;5;4
14599;5;4
14600;5;3
14601;5;3
14602;5;1
14603;5;4
14604;5;4
14605;5;3
14606;5;4
14607;5;3
14608;5;3
14609;5;1
14610;5;1
14611;5;3
14612;5;3
14613;5;3
14614;5;4
14615;5;4
14616;5;1
14617;5;1
14618;5;2
14619;5;1
14620;5;4
14621;5;1
14622;5;4
14623;5;3
14624;5;4
14625;5;3
14626;5;1
14627;5;4
14628;5;4
14629;5;4
14630;5;4
14631;5;4
14632;5;1
14633;5;3
14634;5;1
14635;5;4
14636;5;4
14637;5;1
14638;5;3
14639;5;3
14640;5;3
14641;5;4
14642;5;1
14643;5;3
14644;5;1
14645;5;3
14646;5;3
14647;5;4
14648;5;4
14649;5;1
14650;5;4
14651;5;4
14652;5;1
14653;5;4
14654;5;4
14655;5;4
14656;5;3
14657;5;4
14658;5;4
14659;5;1
14660;5;4
14661;5;4
14662;5;3
14663;5;4
14664;5;3
14665;5;3
14666;5;3
14667;5;3
14668;5;1
14669;5;4
14670;5;1
14671;5;4
14672;5;4
14673;5;4
14674;5;1
14675;5;3
14676;5;4
14677;5;1
14678;5;1
14679;5;4
14680;5;1
14681;5;4
14682;5;3
14683;5;3
14684;5;3
14685;5;3
14686;5;3
14687;5;3
14688;5;4
14689;5;4
14690;5;4
14691;5;1
14692;5;3
14693;5;1
14694;5;3
14695;5;3
14696;5;1
14697;5;4
14698;5;4
14699;5;4
14700;5;1
14701;5;1
14702;5;4
14703;5;3
14704;5;4
14705;5;4
14706;5;1
14707;5;3
14708;5;3
14709;5;1
14710;5;3
14711;5;1
14712;5;3
14713;5;4
14714;5;4
14715;5;1
14716;5;3
14717;5;4
14718;5;3
14719;5;3
14720;5;3
14721;5;3
14722;5;3
14723;5;3
14724;5;1
14725;5;3
14726;5;3
14727;5;3
14728;5;3
14729;5;3
14730;5;3
14731;5;4
14732;5;3
14733;5;4
14734;5;4
14735;5;3
14736;5;3
14737;5;3
14738;5;3
14739;5;3
14740;5;3
14741;5;3
14742;5;3
14743;5;4
14744;5;3
14745;5;4
14746;5;3
14747;5;1
14748;5;2
14749;5;4
14750;5;4
14751;5;3
14752;5;4
14753;5;1
14754;5;3
14755;5;3
14756;5;3
14757;5;4
14758;5;2
14759;5;3
14760;5;3
14761;5;3
14762;5;3
14763;5;4
14764;5;4
14765;5;3
14766;5;3
14767;5;1
14768;5;3
14769;5;3
14770;5;3
14771;5;4
14772;5;1
14773;5;3
14774;5;1
14775;5;4
14776;5;4
14777;5;3
14778;5;3
14779;5;1
14780;5;1
14781;5;4
14782;5;1
14783;5;4
14784;5;3
14785;5;3
14786;5;3
14787;5;3
14788;5;1
14789;5;3
14790;5;4
14791;5;3
14792;5;4
14793;5;4
14794;5;4
14795;5;3
14796;5;4
14797;5;4
14798;5;3
14799;5;3
14800;5;3
14801;5;1
14802;5;1
14803;5;1
14804;5;3
14805;5;3
14806;5;3
14807;5;3
14808;5;3
14809;5;3
14810;5;3
14811;5;3
14812;5;3
14813;5;3
14814;5;4
14815;5;3
14816;5;4
14817;5;4
14818;5;3
14819;5;4
14820;5;4
14821;5;4
14822;5;3
14823;5;1
14824;5;3
14825;5;1
14826;5;1
14827;5;4
14828;5;1
14829;5;1
14830;5;1
14831;5;4
14832;5;3
14833;5;3
14834;5;3
14835;5;3
14836;5;1
14837;5;4
14838;5;4
14839;5;1
14840;5;4
14841;5;4
14842;5;4
14843;5;1
14844;5;1
14845;5;4
14846;5;1
14847;5;1
14848;5;1
14849;5;1
14850;5;4
14851;5;1
14852;5;3
14853;5;1
14854;5;1
14855;5;1
14856;5;3
14857;5;4
14858;5;3
14859;5;1
14860;5;3
14861;5;4
14862;5;1
14863;5;3
14864;5;2
14865;5;4
14866;5;4
14867;5;1
14868;5;1
14869;5;4
14870;5;3
14871;5;1
14872;5;3
14873;5;4
14874;5;4
14875;5;1
14876;5;4
14877;5;2
14878;5;3
14879;5;3
14880;5;3
14881;5;4
14882;5;1
14883;5;3
14884;5;3
14885;5;4
14886;5;3
14887;5;3
14888;5;3
14889;5;4
14890;5;4
14891;5;4
14892;5;4
14893;5;4
14894;5;4
14895;5;1
14896;5;3
14897;5;3
14898;5;4
14899;5;4
14900;5;1
14901;5;3
14902;5;3
14903;5;3
14904;5;4
14905;5;2
14906;5;4
14907;5;3
14908;5;3
14909;5;3
14910;5;1
14911;5;1
14912;5;3
14913;5;3
14914;5;3
14915;5;1
14916;5;1
14917;5;1
14918;5;3
14919;5;1
14920;5;4
14921;5;4
14922;5;3
14923;5;4
14924;5;4
14925;5;4
14926;5;4
14927;5;3
14928;5;3
14929;5;3
14930;5;3
14931;5;3
14932;5;1
14933;5;4
14934;5;4
14935;5;4
14936;5;4
14937;5;1
14938;5;4
14939;5;3
14940;5;4
14941;5;3
14942;5;3
14943;5;1
14944;5;2
14945;5;1
14946;5;1
14947;5;4
14948;5;3
14949;5;4
14950;5;4
14951;5;3
14952;5;4
14953;5;3
14954;5;1
14955;5;4
14956;5;3
14957;5;3
14958;5;3
14959;5;1
14960;5;3
14961;5;2
14962;5;3
14963;5;4
14964;5;3
14965;5;4
14966;5;3
14967;5;4
14968;5;4
14969;5;3
14970;5;3
14971;5;3
14972;5;3
14973;5;3
14974;5;4
14975;5;4
14976;5;3
14977;5;4
14978;5;1
14979;5;4
14980;5;4
14981;5;3
14982;5;3
14983;5;3
14984;5;4
14985;5;3
14986;5;1
14987;5;3
14988;5;3
14989;5;4
14990;5;3
14991;5;3
14992;5;3
14993;5;3
14994;5;1
14995;5;3
14996;5;4
14997;5;4
14998;5;3
14999;5;3
15000;5;1
15001;5;3
15002;5;4
15003;5;3
15004;5;1
15005;5;1
15006;5;1
15007;5;4
15008;5;4
15009;5;4
15010;5;3
15011;5;4
15012;5;3
15013;5;3
15014;5;3
15015;5;4
15016;5;3
15017;5;3
15018;5;3
15019;5;4
15020;5;1
15021;5;3
15022;5;3
15023;5;3
15024;5;3
15025;5;4
15026;5;4
15027;5;4
15028;5;3
15029;5;4
15030;5;3
15031;5;3
15032;5;4
15033;5;1
15034;5;1
15035;5;3
15036;5;4
15037;5;4
15038;5;3
15039;5;3
15040;5;3
15041;5;4
15042;5;1
15043;5;3
15044;5;3
15045;5;4
15046;5;4
15047;5;3
15048;5;3
15049;5;3
15050;5;3
15051;5;4
15052;5;3
15053;5;4
15054;5;1
15055;5;3
15056;5;4
15057;5;4
15058;5;1
15059;5;4
15060;5;4
15061;5;3
15062;5;1
15063;5;3
15064;5;4
15065;5;3
15066;5;3
15067;5;3
15068;5;1
15069;5;3
15070;5;1
15071;5;3
15072;5;4
15073;5;3
15074;5;1
15075;5;4
15076;5;3
15077;5;3
15078;5;3
15079;5;3
15080;5;3
15081;5;1
15082;5;4
15083;5;4
15084;5;4
15085;5;1
15086;5;4
15087;5;1
15088;5;1
15089;5;1
15090;5;4
15091;5;4
15092;5;2
15093;5;1
15094;5;1
15095;5;3
15096;5;4
15097;5;3
15098;5;1
15099;5;1
15100;5;1
15101;5;1
15102;5;3
15103;5;3
15104;5;3
15105;5;1
15106;5;4
15107;5;3
15108;5;3
15109;5;1
15110;5;3
15111;5;3
15112;5;1
15113;5;4
15114;5;3
15115;5;3
15116;5;4
15117;5;3
15118;5;3
15119;5;4
15120;5;3
15121;5;3
15122;5;3
15123;5;4
15124;5;3
15125;5;3
15126;5;3
15127;5;3
15128;5;3
15129;5;1
15130;5;4
15131;5;4
15132;5;3
15133;5;3
15134;5;3
15135;5;3
15136;5;4
15137;5;3
15138;5;3
15139;5;3
15140;5;4
15141;5;3
15142;5;1
15143;5;1
15144;5;4
15145;5;3
15146;5;4
15147;5;4
15148;5;4
15149;5;1
15150;5;3
15151;5;4
15152;5;1
15153;5;3
15154;5;1
15155;5;3
15156;5;1
15157;5;3
15158;5;4
15159;5;4
15160;5;4
15161;5;4
15162;5;4
15163;5;1
15164;5;4
15165;5;4
15166;5;3
15167;5;3
15168;5;3
15169;5;3
15170;5;3
15171;5;3
15172;5;4
15173;5;3
15174;5;3
15175;5;4
15176;5;1
15177;5;4
15178;5;3
15179;5;3
15180;5;3
15181;5;4
15182;5;3
15183;5;4
15184;5;4
15185;5;4
15186;5;4
15187;5;3
15188;5;3
15189;5;1
15190;5;4
15191;5;4
15192;5;1
15193;5;1
15194;5;4
15195;5;4
15196;5;1
15197;5;4
15198;5;1
15199;5;1
15200;5;3
15201;5;4
15202;5;4
15203;5;4
15204;5;4
15205;5;2
15206;5;4
15207;5;3
15208;5;3
15209;5;3
15210;5;4
15211;5;1
15212;5;4
15213;5;4
15214;5;4
15215;5;4
15216;5;3
15217;5;1
15218;5;3
15219;5;3
15220;5;4
15221;5;3
15222;5;3
15223;5;3
15224;5;3
15225;5;3
15226;5;3
15227;5;3
15228;5;4
15229;5;4
15230;5;3
15231;5;3
15232;5;2
15233;5;3
15234;5;3
15235;5;3
15236;5;3
15237;5;3
15238;5;3
15239;5;4
15240;5;3
15241;5;4
15242;5;3
15243;5;1
15244;5;3
15245;5;4
15246;5;1
15247;5;1
15248;5;2
15249;5;3
15250;5;4
15251;5;3
15252;5;4
15253;5;4
15254;5;2
15255;5;1
15256;5;3
15257;5;3
15258;5;1
15259;5;4
15260;5;3
15261;5;1
15262;5;4
15263;5;1
15264;5;4
15265;5;1
15266;5;3
15267;5;1
15268;5;1
15269;5;4
15270;5;4
15271;5;4
15272;5;4
15273;5;4
15274;5;3
15275;5;3
15276;5;4
15277;5;3
15278;5;4
15279;5;3
15280;5;4
15281;5;4
15282;5;1
15283;5;4
15284;5;3
15285;5;3
15286;5;3
15287;5;3
15288;5;4
15289;5;4
15290;5;4
15291;5;2
15292;5;1
15293;5;1
15294;5;3
15295;5;3
15296;5;4
15297;5;3
15298;5;3
15299;5;3
15300;5;4
15301;5;4
15302;5;4
15303;5;4
15304;5;3
15305;5;3
15306;5;3
15307;5;4
15308;5;3
15309;5;4
15310;5;3
15311;5;3
15312;5;3
15313;5;3
15314;5;3
15315;5;4
15316;5;4
15317;5;4
15318;5;4
15319;5;3
15320;5;4
15321;5;1
15322;5;3
15323;5;4
15324;5;3
15325;5;3
15326;5;4
15327;5;1
15328;5;4
15329;5;4
15330;5;3
15331;5;3
15332;5;3
15333;5;4
15334;5;3
15335;5;3
15336;5;3
15337;5;1
15338;5;4
15339;5;4
15340;5;3
15341;5;3
15342;5;1
15343;5;3
15344;5;3
15345;5;3
15346;5;1
15347;5;1
15348;5;3
15349;5;4
15350;5;1
15351;5;2
15352;5;4
15353;5;4
15354;5;3
15355;5;1
15356;5;4
15357;5;1
15358;5;3
15359;5;3
15360;5;1
15361;5;1
15362;5;4
15363;5;1
15364;5;1
15365;5;4
15366;5;3
15367;5;4
15368;5;3
15369;5;4
15370;5;1
15371;5;4
15372;5;1
15373;5;3
15374;5;3
15375;5;4
15376;5;4
15377;5;3
15378;5;3
15379;5;4
15380;5;3
15381;5;3
15382;5;1
15383;5;3
15384;5;4
15385;5;4
15386;5;1
15387;5;1
15388;5;3
15389;5;3
15390;5;4
15391;5;3
15392;5;3
15393;5;4
15394;5;4
15395;5;3
15396;5;4
15397;5;1
15398;5;4
15399;5;1
15400;5;3
15401;5;4
15402;5;3
15403;5;3
15404;5;1
15405;5;3
15406;5;1
15407;5;3
15408;5;3
15409;5;3
15410;5;3
15411;5;4
15412;5;4
15413;5;3
15414;5;3
15415;5;4
15416;5;3
15417;5;3
15418;5;4
15419;5;4
15420;5;3
15421;5;4
15422;5;3
15423;5;1
15424;5;3
15425;5;3
15426;5;3
15427;5;3
15428;5;3
15429;5;3
15430;5;3
15431;5;3
15432;5;3
15433;5;1
15434;5;3
15435;5;4
15436;5;4
15437;5;1
15438;5;3
15439;5;4
15440;5;3
15441;5;4
15442;5;4
15443;5;4
15444;5;3
15445;5;1
15446;5;1
15447;5;1
15448;5;1
15449;5;1
15450;5;1
15451;5;1
15452;5;1
15453;5;1
15454;5;1
15455;5;1
15456;5;1
15457;5;4
15458;5;1
15459;5;4
15460;5;1
15461;5;1
15462;5;4
15463;5;1
15464;5;2
15465;5;1
15466;5;3
15467;5;1
15468;5;1
15469;5;1
15470;5;1
15471;5;1
15472;5;1
15473;5;4
15474;5;4
15475;5;3
15476;5;1
15477;5;4
15478;5;1
15479;5;1
15480;5;4
15481;5;4
15482;5;1
15483;5;1
15484;5;4
15485;5;1
15486;5;1
15487;5;4
15488;5;1
15489;5;1
15490;5;1
15491;5;1
15492;5;1
15493;5;4
15494;5;4
15495;5;1
15496;5;1
15497;5;1
15498;5;1
15499;5;2
15500;5;1
15501;5;4
15502;5;3
15503;5;4
15504;5;1
15505;5;1
15506;5;1
15507;5;4
15508;5;1
15509;5;1
15510;5;1
15511;5;1
15512;5;1
15513;5;1
15514;5;1
15515;5;1
15516;5;1
15517;5;1
15518;5;4
15519;5;3
15520;5;1
15521;5;4
15522;5;1
15523;5;4
15524;5;1
15525;5;4
15526;5;4
15527;5;1
15528;5;1
15529;5;4
15530;5;1
15531;5;1
15532;5;4
15533;5;1
15534;5;3
15535;5;4
15536;5;3
15537;5;3
15538;5;1
15539;5;1
15540;5;1
15541;5;1
15542;5;1
15543;5;1
15544;5;4
15545;5;1
15546;5;3
15547;5;1
15548;5;1
15549;5;1
15550;5;1
15551;5;3
15552;5;2
15553;5;1
15554;5;2
15555;5;4
15556;5;1
15557;5;3
15558;5;3
15559;5;1
15560;5;1
15561;5;4
15562;5;4
15563;5;3
15564;5;1
15565;5;1
15566;5;4
15567;5;4
15568;5;3
15569;5;2
15570;5;4
15571;5;1
15572;5;1
15573;5;1
15574;5;1
15575;5;4
15576;5;1
15577;5;1
15578;5;4
15579;5;4
15580;5;3
15581;5;1
15582;5;3
15583;5;3
15584;5;1
15585;5;4
15586;5;1
15587;5;1
15588;5;3
15589;5;3
15590;5;3
15591;5;2
15592;5;1
15593;5;1
15594;5;1
15595;5;4
15596;5;1
15597;5;4
15598;5;4
15599;5;1
15600;5;1
15601;5;3
15602;5;3
15603;5;1
15604;5;4
15605;5;1
15606;5;1
15607;5;4
15608;5;1
15609;5;4
15610;5;1
15611;5;4
15612;5;1
15613;5;3
15614;5;4
15615;5;4
15616;5;1
15617;5;1
15618;5;1
15619;5;4
15620;5;4
15621;5;4
15622;5;4
15623;5;1
15624;5;1
15625;5;1
15626;5;3
15627;5;3
15628;5;4
15629;5;4
15630;5;4
15631;5;4
15632;5;4
15633;5;4
15634;5;4
15635;5;4
15636;5;4
15637;5;3
15638;5;4
15639;5;4
15640;5;4
15641;5;3
15642;5;1
15643;5;3
15644;5;3
15645;5;4
15646;5;1
15647;5;3
15648;5;3
15649;5;1
15650;5;2
15651;5;1
15652;5;3
15653;5;1
15654;5;3
15655;5;4
15656;5;3
15657;5;3
15658;5;3
15659;5;3
15660;5;4
15661;5;4
15662;5;1
15663;5;3
15664;5;1
15665;5;3
15666;5;4
15667;5;4
15668;5;4
15669;5;4
15670;5;4
15671;5;1
15672;5;3
15673;5;4
15674;5;4
15675;5;1
15676;5;3
15677;5;3
15678;5;4
15679;5;4
15680;5;4
15681;5;4
15682;5;4
15683;5;4
15684;5;4
15685;5;4
15686;5;4
15687;5;4
15688;5;4
15689;5;1
15690;5;1
15691;5;3
15692;5;3
15693;5;4
15694;5;1
15695;5;1
15696;5;3
15697;5;1
15698;5;3
15699;5;1
15700;5;3
15701;5;1
15702;5;4
15703;5;3
15704;5;4
15705;5;3
15706;5;1
15707;5;1
15708;5;4
15709;5;3
15710;5;4
15711;5;1
15712;5;4
15713;5;4
15714;5;1
15715;5;3
15716;5;1
15717;5;3
15718;5;4
15719;5;4
15720;5;4
15721;5;4
15722;5;1
15723;5;3
15724;5;4
15725;5;2
15726;5;3
15727;5;3
15728;5;4
15729;5;3
15730;5;1
15731;5;1
15732;5;4
15733;5;3
15734;5;3
15735;5;1
15736;5;4
15737;5;3
15738;5;4
15739;5;4
15740;5;3
15741;5;1
15742;5;4
15743;5;4
15744;5;3
15745;5;1
15746;5;3
15747;5;3
15748;5;3
15749;5;4
15750;5;3
15751;5;3
15752;5;4
15753;5;4
15754;5;1
15755;5;1
15756;5;3
15757;5;1
15758;5;1
15759;5;3
15760;5;1
15761;5;3
15762;5;3
15763;5;3
15764;5;4
15765;5;3
15766;5;3
15767;5;3
15768;5;4
15769;5;1
15770;5;1
15771;5;4
15772;5;3
15773;5;1
15774;5;1
15775;5;3
15776;5;3
15777;5;4
15778;5;1
15779;5;1
15780;5;1
15781;5;4
15782;5;3
15783;5;3
15784;5;3
15785;5;3
15786;5;4
15787;5;4
15788;5;4
15789;5;1
15790;5;4
15791;5;4
15792;5;3
15793;5;4
15794;5;4
15795;5;4
15796;5;1
15797;5;3
15798;5;4
15799;5;1
15800;5;4
15801;5;4
15802;5;4
15803;5;1
15804;5;1
15805;5;4
15806;5;4
15807;5;1
15808;5;3
15809;5;1
15810;5;3
15811;5;1
15812;5;3
15813;5;3
15814;5;1
15815;5;1
15816;5;4
15817;5;3
15818;5;3
15819;5;3
15820;5;4
15821;5;1
15822;5;2
15823;5;4
15824;5;3
15825;5;1
15826;5;1
15827;5;3
15828;5;4
15829;5;3
15830;5;4
15831;5;3
15832;5;3
15833;5;1
15834;5;1
15835;5;4
15836;5;1
15837;5;3
15838;5;3
15839;5;4
15840;5;4
15841;5;4
15842;5;4
15843;5;3
15844;5;3
15845;5;3
15846;5;3
15847;5;3
15848;5;4
15849;5;3
15850;5;4
15851;5;3
15852;5;3
15853;5;3
15854;5;4
15855;5;1
15856;5;3
15857;5;4
15858;5;3
15859;5;4
15860;5;1
15861;5;1
15862;5;3
15863;5;3
15864;5;3
15865;5;3
15866;5;1
15867;5;3
15868;5;3
15869;5;3
15870;5;4
15871;5;3
15872;5;3
15873;5;4
15874;5;3
15875;5;3
15876;5;3
15877;5;4
15878;5;4
15879;5;1
15880;5;3
15881;5;3
15882;5;1
15883;5;4
15884;5;3
15885;5;3
15886;5;4
15887;5;4
15888;5;3
15889;5;4
15890;5;1
15891;5;1
15892;5;4
15893;5;1
15894;5;1
15895;5;4
15896;5;1
15897;5;4
15898;5;4
15899;5;1
15900;5;1
15901;5;1
15902;5;1
15903;5;1
15904;5;3
15905;5;1
15906;5;4
15907;5;3
15908;5;3
15909;5;4
15910;5;1
15911;5;3
15912;5;4
15913;5;4
15914;5;1
15915;5;1
15916;5;1
15917;5;1
15918;5;1
15919;5;1
15920;5;1
15921;5;3
15922;5;3
15923;5;4
15924;5;4
15925;5;3
15926;5;4
15927;5;3
15928;5;4
15929;5;3
15930;5;3
15931;5;1
15932;5;3
15933;5;3
15934;5;3
15935;5;1
15936;5;1
15937;5;4
15938;5;1
15939;5;3
15940;5;4
15941;5;1
15942;5;3
15943;5;4
15944;5;1
15945;5;1
15946;5;3
15947;5;3
15948;5;4
15949;5;1
15950;5;3
15951;5;4
15952;5;3
15953;5;3
15954;5;4
15955;5;4
15956;5;3
15957;5;3
15958;5;4
15959;5;3
15960;5;1
15961;5;4
15962;5;1
15963;5;1
15964;5;4
15965;5;3
15966;5;1
15967;5;1
15968;5;1
15969;5;1
15970;5;4
15971;5;4
15972;5;1
15973;5;3
15974;5;3
15975;5;3
15976;5;1
15977;5;3
15978;5;4
15979;5;4
15980;5;3
15981;5;1
15982;5;3
15983;5;3
15984;5;1
15985;5;4
15986;5;1
15987;5;1
15988;5;4
15989;5;1
15990;5;3
15991;5;3
15992;5;3
15993;5;1
15994;5;1
15995;5;3
15996;5;4
15997;5;3
15998;5;3
15999;5;3
16000;5;4
16001;5;3
16002;5;4
16003;5;3
16004;5;4
16005;5;4
16006;5;3
16007;5;3
16008;5;3
16009;5;3
16010;5;3
16011;5;3
16012;5;3
16013;5;3
16014;5;3
16015;5;4
16016;5;3
16017;5;1
16018;5;4
16019;5;4
16020;5;3
16021;5;3
16022;5;3
16023;5;4
16024;5;4
16025;5;4
16026;5;3
16027;5;1
16028;5;3
16029;5;3
16030;5;1
16031;5;3
16032;5;4
16033;5;3
16034;5;3
16035;5;3
16036;5;3
16037;5;4
16038;5;3
16039;5;3
16040;5;4
16041;5;3
16042;5;3
16043;5;1
16044;5;1
16045;5;3
16046;5;1
16047;5;3
16048;5;1
16049;5;3
16050;5;3
16051;5;3
16052;5;3
16053;5;3
16054;5;3
16055;5;3
16056;5;1
16057;5;3
16058;5;4
16059;5;3
16060;5;1
16061;5;4
16062;5;3
16063;5;4
16064;5;1
16065;5;3
16066;5;1
16067;5;2
16068;5;3
16069;5;3
16070;5;3
16071;5;3
16072;5;4
16073;5;1
16074;5;3
16075;5;3
16076;5;3
16077;5;1
16078;5;2
16079;5;1
16080;5;3
16081;5;1
16082;5;3
16083;5;3
16084;5;3
16085;5;4
16086;5;4
16087;5;3
16088;5;1
16089;5;3
16090;5;3
16091;5;3
16092;5;4
16093;5;3
16094;5;3
16095;5;1
16096;5;4
16097;5;1
16098;5;1
16099;5;3
16100;5;1
16101;5;3
16102;5;1
16103;5;2
16104;5;4
16105;5;3
16106;5;3
16107;5;4
16108;5;3
16109;5;3
16110;5;3
16111;5;3
16112;5;1
16113;5;3
16114;5;3
16115;5;3
16116;5;3
16117;5;1
16118;5;4
16119;5;3
16120;5;3
16121;5;3
16122;5;3
16123;5;3
16124;5;4
16125;5;1
16126;5;2
16127;5;3
16128;5;1
16129;5;3
16130;5;2
16131;5;4
16132;5;4
16133;5;4
16134;5;3
16135;5;3
16136;5;3
16137;5;3
16138;5;4
16139;5;3
16140;5;1
16141;5;3
16142;5;3
16143;5;3
16144;5;1
16145;5;3
16146;5;1
16147;5;1
16148;5;3
16149;5;3
16150;5;3
16151;5;4
16152;5;1
16153;5;3
16154;5;3
16155;5;3
16156;5;3
16157;5;4
16158;5;4
16159;5;3
16160;5;3
16161;5;4
16162;5;3
16163;5;1
16164;5;1
16165;5;3
16166;5;3
16167;5;2
16168;5;3
16169;5;3
16170;5;3
16171;5;4
16172;5;3
16173;5;3
16174;5;3
16175;5;3
16176;5;3
16177;5;4
16178;5;3
16179;5;3
16180;5;3
16181;5;3
16182;5;3
16183;5;3
16184;5;3
16185;5;3
16186;5;3
16187;5;3
16188;5;1
16189;5;3
16190;5;4
16191;5;3
16192;5;4
16193;5;3
16194;5;1
16195;5;3
16196;5;3
16197;5;3
16198;5;4
16199;5;3
16200;5;1
16201;5;3
16202;5;4
16203;5;3
16204;5;3
16205;5;3
16206;5;3
16207;5;3
16208;5;3
16209;5;1
16210;5;3
16211;5;3
16212;5;3
16213;5;3
16214;5;4
16215;5;3
16216;5;3
16217;5;1
16218;5;3
16219;5;3
16220;5;3
16221;5;3
16222;5;3
16223;5;4
16224;5;3
16225;5;3
16226;5;3
16227;5;3
16228;5;4
16229;5;3
16230;5;3
16231;5;3
16232;5;1
16233;5;3
16234;5;3
16235;5;3
16236;5;3
16237;5;1
16238;5;3
16239;5;2
16240;5;3
16241;5;3
16242;5;3
16243;5;4
16244;5;3
16245;5;3
16246;5;4
16247;5;3
16248;5;3
16249;5;4
16250;5;1
16251;5;4
16252;5;4
16253;5;4
16254;5;4
16255;5;3
16256;5;4
16257;5;4
16258;5;3
16259;5;4
16260;5;4
16261;5;4
16262;5;3
16263;5;3
16264;5;3
16265;5;3
16266;5;3
16267;5;3
16268;5;3
16269;5;3
16270;5;3
16271;5;3
16272;5;3
16273;5;3
16274;5;1
16275;5;3
16276;5;3
16277;5;4
16278;5;4
16279;5;1
16280;5;4
16281;5;3
16282;5;4
16283;5;3
16284;5;3
16285;5;3
16286;5;3
16287;5;3
16288;5;4
16289;5;3
16290;5;3
16291;5;3
16292;5;3
16293;5;3
16294;5;3
16295;5;3
16296;5;3
16297;5;3
16298;5;3
16299;5;3
16300;5;3
16301;5;4
16302;5;3
16303;5;4
16304;5;1
16305;5;3
16306;5;3
16307;5;3
16308;5;3
16309;5;3
16310;5;4
16311;5;4
16312;5;3
16313;5;3
16314;5;3
16315;5;1
16316;5;3
16317;5;3
16318;5;3
16319;5;3
16320;5;3
16321;5;3
16322;5;3
16323;5;1
16324;5;4
16325;5;3
16326;5;3
16327;5;4
16328;5;1
16329;5;3
16330;5;3
16331;5;3
16332;5;3
16333;5;3
16334;5;3
16335;5;3
16336;5;1
16337;5;3
16338;5;3
16339;5;1
16340;5;3
16341;5;4
16342;5;3
16343;5;3
16344;5;3
16345;5;3
16346;5;3
16347;5;4
16348;5;3
16349;5;3
16350;5;3
16351;5;4
16352;5;3
16353;5;3
16354;5;3
16355;5;3
16356;5;3
16357;5;1
16358;5;3
16359;5;3
16360;5;3
16361;5;3
16362;5;3
16363;5;1
16364;5;4
16365;5;4
16366;5;4
16367;5;1
16368;5;4
16369;5;3
16370;5;4
16371;5;1
16372;5;4
16373;5;1
16374;5;4
16375;5;3
16376;5;3
16377;5;4
16378;5;3
16379;5;3
16380;5;3
16381;5;4
16382;5;3
16383;5;3
16384;5;4
16385;5;4
16386;5;3
16387;5;4
16388;5;4
16389;5;3
16390;5;1
16391;5;2
16392;5;3
16393;5;3
16394;5;1
16395;5;4
16396;5;3
16397;5;3
16398;5;1
16399;5;4
16400;5;3
16401;5;3
16402;5;3
16403;5;1
16404;5;3
16405;5;3
16406;5;3
16407;5;1
16408;5;3
16409;5;1
16410;5;3
16411;5;3
16412;5;4
16413;5;3
16414;5;3
16415;5;3
16416;5;4
16417;5;4
16418;5;4
16419;5;3
16420;5;3
16421;5;3
16422;5;3
16423;5;4
16424;5;4
16425;5;4
16426;5;4
16427;5;3
16428;5;3
16429;5;1
16430;5;1
16431;5;3
16432;5;3
16433;5;3
16434;5;4
16435;5;3
16436;5;3
16437;5;3
16438;5;1
16439;5;1
16440;5;4
16441;5;3
16442;5;3
16443;5;4
16444;5;4
16445;5;1
16446;5;3
16447;5;3
16448;5;3
16449;5;4
16450;5;3
16451;5;4
16452;5;1
16453;5;3
16454;5;4
16455;5;3
16456;5;1
16457;5;4
16458;5;4
16459;5;4
16460;5;4
16461;5;3
16462;5;3
16463;5;1
16464;5;3
16465;5;3
16466;5;1
16467;5;3
16468;5;3
16469;5;4
16470;5;3
16471;5;4
16472;5;3
16473;5;3
16474;5;4
16475;5;1
16476;5;4
16477;5;3
16478;5;4
16479;5;1
16480;5;4
16481;5;4
16482;5;3
16483;5;3
16484;5;1
16485;5;1
16486;5;3
16487;5;1
16488;5;3
16489;5;3
16490;5;3
16491;5;3
16492;5;3
16493;5;3
16494;5;1
16495;5;4
16496;5;4
16497;5;3
16498;5;3
16499;5;4
16500;5;1
16501;5;3
16502;5;4
16503;5;4
16504;5;3
16505;5;1
16506;5;3
16507;5;1
16508;5;3
16509;5;4
16510;5;3
16511;5;4
16512;5;1
16513;5;3
16514;5;1
16515;5;4
16516;5;1
16517;5;1
16518;5;3
16519;5;1
16520;5;1
16521;5;3
16522;5;1
16523;5;1
16524;5;2
16525;5;3
16526;5;3
16527;5;3
16528;5;4
16529;5;4
16530;5;3
16531;5;4
16532;5;3
16533;5;3
16534;5;4
16535;5;4
16536;5;3
16537;5;4
16538;5;3
16539;5;3
16540;5;3
16541;5;3
16542;5;3
16543;5;3
16544;5;3
16545;5;3
16546;5;1
16547;5;3
16548;5;3
16549;5;3
16550;5;1
16551;5;3
16552;5;3
16553;5;3
16554;5;3
16555;5;3
16556;5;3
16557;5;3
16558;5;4
16559;5;1
16560;5;3
16561;5;3
16562;5;3
16563;5;4
16564;5;3
16565;5;1
16566;5;3
16567;5;4
16568;5;3
16569;5;3
16570;5;3
16571;5;3
16572;5;1
16573;5;3
16574;5;3
16575;5;3
16576;5;1
16577;5;4
16578;5;3
16579;5;4
16580;5;1
16581;5;4
16582;5;1
16583;5;3
16584;5;4
16585;5;1
16586;5;3
16587;5;3
16588;5;1
16589;5;3
16590;5;2
16591;5;3
16592;5;1
16593;5;1
16594;5;1
16595;5;1
16596;5;1
16597;5;3
16598;5;3
16599;5;3
16600;5;4
16601;5;4
16602;5;4
16603;5;3
16604;5;1
16605;5;1
16606;5;1
16607;5;4
16608;5;1
16609;5;3
16610;5;4
16611;5;4
16612;5;3
16613;5;4
16614;5;4
16615;5;3
16616;5;4
16617;5;1
16618;5;4
16619;5;1
16620;5;4
16621;5;1
16622;5;1
16623;5;4
16624;5;1
16625;5;4
16626;5;4
16627;5;4
16628;5;3
16629;5;4
16630;5;3
16631;5;4
16632;5;4
16633;5;1
16634;5;3
16635;5;3
16636;5;4
16637;5;3
16638;5;4
16639;5;4
16640;5;1
16641;5;3
16642;5;4
16643;5;4
16644;5;4
16645;5;3
16646;5;4
16647;5;3
16648;5;4
16649;5;1
16650;5;1
16651;5;4
16652;5;1
16653;5;3
16654;5;3
16655;5;1
16656;5;3
16657;5;3
16658;5;3
16659;5;4
16660;5;4
16661;5;3
16662;5;4
16663;5;4
16664;5;4
16665;5;3
16666;5;1
16667;5;3
16668;5;3
16669;5;4
16670;5;3
16671;5;1
16672;5;1
16673;5;4
16674;5;1
16675;5;3
16676;5;1
16677;5;4
16678;5;3
16679;5;4
16680;5;1
16681;5;4
16682;5;1
16683;5;3
16684;5;3
16685;5;4
16686;5;1
16687;5;4
16688;5;3
16689;5;3
16690;5;3
16691;5;3
16692;5;1
16693;5;4
16694;5;4
16695;5;4
16696;5;4
16697;5;4
16698;5;4
16699;5;4
16700;5;1
16701;5;3
16702;5;3
16703;5;3
16704;5;3
16705;5;3
16706;5;3
16707;5;3
16708;5;1
16709;5;3
16710;5;4
16711;5;3
16712;5;3
16713;5;1
16714;5;1
16715;5;4
16716;5;3
16717;5;3
16718;5;4
16719;5;1
16720;5;4
16721;5;3
16722;5;3
16723;5;4
16724;5;3
16725;5;3
16726;5;4
16727;5;4
16728;5;3
16729;5;3
16730;5;1
16731;5;1
16732;5;1
16733;5;4
16734;5;3
16735;5;3
16736;5;4
16737;5;3
16738;5;4
16739;5;4
16740;5;1
16741;5;4
16742;5;3
16743;5;3
16744;5;4
16745;5;4
16746;5;3
16747;5;3
16748;5;3
16749;5;1
16750;5;1
16751;5;1
16752;5;4
16753;5;4
16754;5;3
16755;5;3
16756;5;2
16757;5;3
16758;5;1
16759;5;3
16760;5;1
16761;5;3
16762;5;3
16763;5;1
16764;5;1
16765;5;3
16766;5;4
16767;5;1
16768;5;3
16769;5;3
16770;5;4
16771;5;1
16772;5;4
16773;5;1
16774;5;3
16775;5;4
16776;5;4
16777;5;4
16778;5;3
16779;5;4
16780;5;4
16781;5;1
16782;5;3
16783;5;3
16784;5;1
16785;5;1
16786;5;1
16787;5;4
16788;5;3
16789;5;4
16790;5;4
16791;5;4
16792;5;1
16793;5;3
16794;5;3
16795;5;4
16796;5;1
16797;5;3
16798;5;4
16799;5;1
16800;5;1
16801;5;4
16802;5;4
16803;5;4
16804;5;4
16805;5;4
16806;5;3
16807;5;4
16808;5;1
16809;5;1
16810;5;3
16811;5;1
16812;5;3
16813;5;3
16814;5;1
16815;5;3
16816;5;4
16817;5;1
16818;5;4
16819;5;4
16820;5;2
16821;5;4
16822;5;3
16823;5;3
16824;5;3
16825;5;3
16826;5;1
16827;5;4
16828;5;4
16829;5;3
16830;5;1
16831;5;3
16832;5;1
16833;5;1
16834;5;3
16835;5;2
16836;5;1
16837;5;3
16838;5;4
16839;5;3
16840;5;4
16841;5;1
16842;5;1
16843;5;1
16844;5;4
16845;5;3
16846;5;3
16847;5;4
16848;5;3
16849;5;3
16850;5;4
16851;5;3
16852;5;1
16853;5;4
16854;5;3
16855;5;3
16856;5;4
16857;5;3
16858;5;4
16859;5;4
16860;5;1
16861;5;1
16862;5;4
16863;5;1
16864;5;4
16865;5;3
16866;5;1
16867;5;3
16868;5;4
16869;5;4
16870;5;3
16871;5;3
16872;5;3
16873;5;3
16874;5;1
16875;5;1
16876;5;3
16877;5;4
16878;5;3
16879;5;1
16880;5;3
16881;5;4
16882;5;4
16883;5;3
16884;5;4
16885;5;3
16886;5;3
16887;5;1
16888;5;1
16889;5;1
16890;5;4
16891;5;4
16892;5;3
16893;5;1
16894;5;4
16895;5;4
16896;5;1
16897;5;3
16898;5;4
16899;5;1
16900;5;1
16901;5;3
16902;5;4
16903;5;4
16904;5;1
16905;5;3
16906;5;3
16907;5;3
16908;5;3
16909;5;3
16910;5;3
16911;5;3
16912;5;1
16913;5;3
16914;5;1
16915;5;3
16916;5;3
16917;5;4
16918;5;3
16919;5;1
16920;5;4
16921;5;4
16922;5;3
16923;5;4
16924;5;1
16925;5;1
16926;5;4
16927;5;1
16928;5;4
16929;5;4
16930;5;3
16931;5;1
16932;5;3
16933;5;4
16934;5;4
16935;5;3
16936;5;4
16937;5;4
16938;5;3
16939;5;4
16940;5;1
16941;5;4
16942;5;1
16943;5;1
16944;5;1
16945;5;4
16946;5;1
16947;5;1
16948;5;3
16949;5;3
16950;5;1
16951;5;1
16952;5;1
16953;5;4
16954;5;1
16955;5;4
16956;5;3
16957;5;2
16958;5;1
16959;5;1
16960;5;1
16961;5;1
16962;5;4
16963;5;2
16964;5;4
16965;5;1
16966;5;1
16967;5;1
16968;5;4
16969;5;3
16970;5;3
16971;5;3
16972;5;1
16973;5;3
16974;5;3
16975;5;3
16976;5;1
16977;5;3
16978;5;4
16979;5;1
16980;5;3
16981;5;3
16982;5;4
16983;5;3
16984;5;3
16985;5;1
16986;5;3
16987;5;3
16988;5;4
16989;5;3
16990;5;3
16991;5;3
16992;5;1
16993;5;4
16994;5;4
16995;5;1
16996;5;3
16997;5;3
16998;5;3
16999;5;3
17000;5;3
17001;5;3
17002;5;3
17003;5;3
17004;5;1
17005;5;3
17006;5;2
17007;5;4
17008;5;3
17009;5;1
17010;5;2
17011;5;1
17012;5;2
17013;5;1
17014;5;1
17015;5;3
17016;5;3
17017;5;3
17018;5;4
17019;5;3
17020;5;4
17021;5;4
17022;5;3
17023;5;3
17024;5;3
17025;5;4
17026;5;3
17027;5;3
17028;5;3
17029;5;1
17030;5;1
17031;5;1
17032;5;3
17033;5;3
17034;5;4
17035;5;3
17036;5;4
17037;5;1
17038;5;1
17039;5;1
17040;5;4
17041;5;3
17042;5;4
17043;5;1
17044;5;3
17045;5;1
17046;5;3
17047;5;3
17048;5;3
17049;5;3
17050;5;3
17051;5;3
17052;5;4
17053;5;4
17054;5;1
17055;5;3
17056;5;3
17057;5;1
17058;5;1
17059;5;3
17060;5;3
17061;5;4
17062;5;3
17063;5;4
17064;5;3
17065;5;3
17066;5;3
17067;5;1
17068;5;1
17069;5;1
17070;5;3
17071;5;3
17072;5;3
17073;5;4
17074;5;1
17075;5;1
17076;5;1
17077;5;4
17078;5;4
17079;5;3
17080;5;4
17081;5;1
17082;5;4
17083;5;1
17084;5;3
17085;5;3
17086;5;3
17087;5;3
17088;5;1
17089;5;1
17090;5;1
17091;5;4
17092;5;3
17093;5;1
17094;5;1
17095;5;3
17096;5;3
17097;5;3
17098;5;2
17099;5;3
17100;5;4
17101;5;1
17102;5;3
17103;5;3
17104;5;3
17105;5;4
17106;5;4
17107;5;1
17108;5;4
17109;5;4
17110;5;1
17111;5;1
17112;5;3
17113;5;3
17114;5;3
17115;5;1
17116;5;3
17117;5;4
17118;5;3
17119;5;3
17120;5;1
17121;5;2
17122;5;3
17123;5;4
17124;5;1
17125;5;3
17126;5;1
17127;5;3
17128;5;4
17129;5;3
17130;5;4
17131;5;3
17132;5;1
17133;5;4
17134;5;4
17135;5;4
17136;5;1
17137;5;4
17138;5;3
17139;5;1
17140;5;4
17141;5;3
17142;5;4
17143;5;1
17144;5;3
17145;5;3
17146;5;4
17147;5;3
17148;5;4
17149;5;1
17150;5;3
17151;5;4
17152;5;1
17153;5;1
17154;5;4
17155;5;4
17156;5;4
17157;5;3
17158;5;4
17159;5;3
17160;5;3
17161;5;4
17162;5;4
17163;5;1
17164;5;4
17165;5;3
17166;5;3
17167;5;4
17168;5;3
17169;5;4
17170;5;3
17171;5;3
17172;5;3
17173;5;4
17174;5;4
17175;5;3
17176;5;4
17177;5;1
17178;5;4
17179;5;3
17180;5;1
17181;5;4
17182;5;3
17183;5;4
17184;5;3
17185;5;3
17186;5;4
17187;5;3
17188;5;1
17189;5;4
17190;5;4
17191;5;4
17192;5;1
17193;5;3
17194;5;1
17195;5;4
17196;5;4
17197;5;4
17198;5;4
17199;5;3
17200;5;3
17201;5;3
17202;5;3
17203;5;3
17204;5;3
17205;5;3
17206;5;3
17207;5;3
17208;5;3
17209;5;3
17210;5;3
17211;5;4
17212;5;3
17213;5;4
17214;5;4
17215;5;3
17216;5;3
17217;5;4
17218;5;3
17219;5;4
17220;5;3
17221;5;3
17222;5;1
17223;5;3
17224;5;3
17225;5;4
17226;5;3
17227;5;3
17228;5;4
17229;5;3
17230;5;3
17231;5;3
17232;5;1
17233;5;3
17234;5;4
17235;5;3
17236;5;4
17237;5;4
17238;5;4
17239;5;3
17240;5;4
17241;5;4
17242;5;1
17243;5;3
17244;5;3
17245;5;4
17246;5;3
17247;5;4
17248;5;3
17249;5;3
17250;5;3
17251;5;1
17252;5;4
17253;5;3
17254;5;1
17255;5;3
17256;5;4
17257;5;3
17258;5;4
17259;5;3
17260;5;3
17261;5;4
17262;5;3
17263;5;3
17264;5;1
17265;5;4
17266;5;3
17267;5;4
17268;5;4
17269;5;4
17270;5;3
17271;5;4
17272;5;3
17273;5;1
17274;5;1
17275;5;4
17276;5;4
17277;5;3
17278;5;4
17279;5;3
17280;5;3
17281;5;1
17282;5;2
17283;5;4
17284;5;4
17285;5;3
17286;5;3
17287;5;4
17288;5;3
17289;5;4
17290;5;3
17291;5;3
17292;5;3
17293;5;3
17294;5;3
17295;5;4
17296;5;1
17297;5;1
17298;5;3
17299;5;3
17300;5;3
17301;5;3
17302;5;3
17303;5;3
17304;5;3
17305;5;4
17306;5;4
17307;5;4
17308;5;3
17309;5;4
17310;5;1
17311;5;3
17312;5;4
17313;5;1
17314;5;4
17315;5;4
17316;5;4
17317;5;4
17318;5;3
17319;5;3
17320;5;4
17321;5;4
17322;5;3
17323;5;3
17324;5;3
17325;5;3
17326;5;4
17327;5;3
17328;5;1
17329;5;1
17330;5;3
17331;5;4
17332;5;3
17333;5;4
17334;5;3
17335;5;4
17336;5;3
17337;5;3
17338;5;4
17339;5;1
17340;5;3
17341;5;3
17342;5;4
17343;5;3
17344;5;3
17345;5;3
17346;5;3
17347;5;3
17348;5;3
17349;5;1
17350;5;4
17351;5;3
17352;5;1
17353;5;4
17354;5;1
17355;5;2
17356;5;1
17357;5;1
17358;5;1
17359;5;3
17360;5;4
17361;5;2
17362;5;4
17363;5;4
17364;5;1
17365;5;3
17366;5;4
17367;5;3
17368;5;4
17369;5;3
17370;5;1
17371;5;1
17372;5;1
17373;5;4
17374;5;3
17375;5;1
17376;5;4
17377;5;1
17378;5;4
17379;5;4
17380;5;4
17381;5;4
17382;5;4
17383;5;1
17384;5;4
17385;5;3
17386;5;1
17387;5;3
17388;5;1
17389;5;3
17390;5;4
17391;5;3
17392;5;1
17393;5;4
17394;5;1
17395;5;3
17396;5;3
17397;5;3
17398;5;1
17399;5;4
17400;5;3
17401;5;3
17402;5;4
17403;5;4
17404;5;4
17405;5;4
17406;5;2
17407;5;1
17408;5;3
17409;5;3
17410;5;4
17411;5;4
17412;5;3
17413;5;4
17414;5;4
17415;5;3
17416;5;3
17417;5;3
17418;5;3
17419;5;3
17420;5;3
17421;5;3
17422;5;3
17423;5;3
17424;5;3
17425;5;3
17426;5;3
17427;5;1
17428;5;3
17429;5;4
17430;5;4
17431;5;1
17432;5;1
17433;5;3
17434;5;3
17435;5;1
17436;5;4
17437;5;3
17438;5;3
17439;5;1
17440;5;1
17441;5;4
17442;5;1
17443;5;1
17444;5;4
17445;5;1
17446;5;3
17447;5;1
17448;5;4
17449;5;3
17450;5;3
17451;5;3
17452;5;1
17453;5;1
17454;5;4
17455;5;4
17456;5;1
17457;5;1
17458;5;3
17459;5;4
17460;5;3
17461;5;3
17462;5;3
17463;5;4
17464;5;4
17465;5;3
17466;5;3
17467;5;3
17468;5;3
17469;5;3
17470;5;3
17471;5;4
17472;5;1
17473;5;4
17474;5;4
17475;5;2
17476;5;4
17477;5;3
17478;5;3
17479;5;4
17480;5;3
17481;5;3
17482;5;3
17483;5;3
17484;5;4
17485;5;3
17486;5;4
17487;5;4
17488;5;3
17489;5;4
17490;5;1
17491;5;3
17492;5;4
17493;5;3
17494;5;4
17495;5;3
17496;5;1
17497;5;4
17498;5;4
17499;5;4
17500;5;3
17501;5;1
17502;5;4
17503;5;4
17504;5;2
17505;5;4
17506;5;4
17507;5;4
17508;5;4
17509;5;1
17510;5;4
17511;5;4
17512;5;3
17513;5;3
17514;5;3
17515;5;3
17516;5;3
17517;5;4
17518;5;3
17519;5;2
17520;5;3
17521;5;3
17522;5;1
17523;5;4
17524;5;4
17525;5;3
17526;5;4
17527;5;3
17528;5;3
17529;5;2
17530;5;1
17531;5;3
17532;5;4
17533;5;4
17534;5;3
17535;5;4
17536;5;1
17537;5;3
17538;5;4
17539;5;3
17540;5;4
17541;5;3
17542;5;1
17543;5;3
17544;5;3
17545;5;3
17546;5;3
17547;5;4
17548;5;3
17549;5;4
17550;5;3
17551;5;3
17552;5;3
17553;5;4
17554;5;4
17555;5;3
17556;5;4
17557;5;1
17558;5;3
17559;5;1
17560;5;4
17561;5;3
17562;5;4
17563;5;3
17564;5;1
17565;5;3
17566;5;4
17567;5;3
17568;5;1
17569;5;4
17570;5;3
17571;5;1
17572;5;3
17573;5;1
17574;5;3
17575;5;1
17576;5;3
17577;5;3
17578;5;3
17579;5;4
17580;5;4
17581;5;4
17582;5;4
17583;5;3
17584;5;3
17585;5;3
17586;5;4
17587;5;3
17588;5;3
17589;5;2
17590;5;3
17591;5;2
17592;5;4
17593;5;4
17594;5;1
17595;5;3
17596;5;4
17597;5;4
17598;5;3
17599;5;4
17600;5;3
17601;5;1
17602;5;4
17603;5;4
17604;5;3
17605;5;3
17606;5;3
17607;5;4
17608;5;4
17609;5;1
17610;5;1
17611;5;1
17612;5;3
17613;5;4
17614;5;4
17615;5;1
17616;5;4
17617;5;1
17618;5;4
17619;5;3
17620;5;4
17621;5;3
17622;5;3
17623;5;4
17624;5;4
17625;5;1
17626;5;3
17627;5;3
17628;5;4
17629;5;3
17630;5;3
17631;5;3
17632;5;4
17633;5;3
17634;5;3
17635;5;3
17636;5;3
17637;5;3
17638;5;1
17639;5;3
17640;5;3
17641;5;3
17642;5;4
17643;5;3
17644;5;3
17645;5;4
17646;5;3
17647;5;4
17648;5;3
17649;5;4
17650;5;4
17651;5;4
17652;5;3
17653;5;3
17654;5;1
17655;5;3
17656;5;1
17657;5;3
17658;5;3
17659;5;3
17660;5;3
17661;5;3
17662;5;3
17663;5;1
17664;5;3
17665;5;3
17666;5;4
17667;5;4
17668;5;3
17669;5;4
17670;5;3
17671;5;2
17672;5;3
17673;5;3
17674;5;3
17675;5;4
17676;5;4
17677;5;4
17678;5;3
17679;5;3
17680;5;4
17681;5;3
17682;5;4
17683;5;1
17684;5;3
17685;5;3
17686;5;3
17687;5;2
17688;5;3
17689;5;3
17690;5;1
17691;5;3
17692;5;3
17693;5;3
17694;5;4
17695;5;1
17696;5;3
17697;5;4
17698;5;3
17699;5;3
17700;5;4
17701;5;4
17702;5;4
17703;5;3
17704;5;3
17705;5;3
17706;5;4
17707;5;3
17708;5;4
17709;5;3
17710;5;3
17711;5;3
17712;5;3
17713;5;3
17714;5;3
17715;5;3
17716;5;1
17717;5;3
17718;5;1
17719;5;4
17720;5;4
17721;5;3
17722;5;4
17723;5;4
17724;5;3
17725;5;4
17726;5;3
17727;5;4
17728;5;3
17729;5;4
17730;5;1
17731;5;4
17732;5;3
17733;5;4
17734;5;4
17735;5;3
17736;5;3
17737;5;3
17738;5;3
17739;5;3
17740;5;3
17741;5;4
17742;5;4
17743;5;4
17744;5;3
17745;5;4
17746;5;3
17747;5;4
17748;5;1
17749;5;3
17750;5;1
17751;5;3
17752;5;3
17753;5;4
17754;5;4
17755;5;4
17756;5;4
17757;5;4
17758;5;1
17759;5;3
17760;5;3
17761;5;3
17762;5;1
17763;5;1
17764;5;3
17765;5;4
17766;5;4
17767;5;3
17768;5;3
17769;5;1
17770;5;4
17771;5;3
17772;5;1
17773;5;1
17774;5;3
17775;5;1
17776;5;3
17777;5;1
17778;5;3
17779;5;3
17780;5;1
17781;5;3
17782;5;3
17783;5;2
17784;5;3
17785;5;4
17786;5;3
17787;5;3
17788;5;4
17789;5;4
17790;5;3
17791;5;3
17792;5;4
17793;5;1
17794;5;3
17795;5;4
17796;5;3
17797;5;3
17798;5;4
17799;5;1
17800;5;3
17801;5;1
17802;5;1
17803;5;3
17804;5;3
17805;5;1
17806;5;1
17807;5;1
17808;5;1
17809;5;3
17810;5;4
17811;5;4
17812;5;1
17813;5;1
17814;5;4
17815;5;3
17816;5;4
17817;5;1
17818;5;2
17819;5;1
17820;5;3
17821;5;3
17822;5;4
17823;5;4
17824;5;1
17825;5;4
17826;5;3
17827;5;4
17828;5;3
17829;5;4
17830;5;4
17831;5;4
17832;5;1
17833;5;4
17834;5;1
17835;5;1
17836;5;3
17837;5;3
17838;5;3
17839;5;3
17840;5;4
17841;5;4
17842;5;4
17843;5;1
17844;5;3
17845;5;4
17846;5;1
17847;5;1
17848;5;1
17849;5;1
17850;5;1
17851;5;1
17852;5;4
17853;5;1
17854;5;1
17855;5;4
17856;5;3
17857;5;4
17858;5;4
17859;5;4
17860;5;1
17861;5;1
17862;5;1
17863;5;4
17864;5;4
17865;5;4
17866;5;4
17867;5;4
17868;5;3
17869;5;4
17870;5;3
17871;5;3
17872;5;4
17873;5;3
17874;5;1
17875;5;4
17876;5;1
17877;5;1
17878;5;3
17879;5;1
17880;5;3
17881;5;4
17882;5;3
17883;5;4
17884;5;4
17885;5;3
17886;5;4
17887;5;1
17888;5;3
17889;5;4
17890;5;3
17891;5;1
17892;5;1
17893;5;4
17894;5;1
17895;5;3
17896;5;3
17897;5;4
17898;5;2
17899;5;1
17900;5;3
17901;5;4
17902;5;4
17903;5;3
17904;5;1
17905;5;3
17906;5;3
17907;5;4
17908;5;1
17909;5;4
17910;5;3
17911;5;3
17912;5;4
17913;5;3
17914;5;3
17915;5;1
17916;5;4
17917;5;4
17918;5;4
17919;5;4
17920;5;4
17921;5;4
17922;5;1
17923;5;4
17924;5;1
17925;5;1
17926;5;2
17927;5;3
17928;5;4
17929;5;1
17930;5;1
17931;5;3
17932;5;2
17933;5;4
17934;5;3
17935;5;4
17936;5;3
17937;5;1
17938;5;3
17939;5;3
17940;5;4
17941;5;1
17942;5;3
17943;5;4
17944;5;3
17945;5;1
17946;5;4
17947;5;4
17948;5;4
17949;5;4
17950;5;4
17951;5;4
17952;5;4
17953;5;1
17954;5;1
17955;5;4
17956;5;4
17957;5;1
17958;5;4
17959;5;3
17960;5;1
17961;5;4
17962;5;4
17963;5;4
17964;5;1
17965;5;3
17966;5;2
17967;5;3
17968;5;3
17969;5;3
17970;5;4
17971;5;3
17972;5;4
17973;5;3
17974;5;1
17975;5;4
17976;5;1
17977;5;1
17978;5;3
17979;5;4
17980;5;4
17981;5;2
17982;5;1
17983;5;4
17984;5;4
17985;5;3
17986;5;1
17987;5;1
17988;5;4
17989;5;1
17990;5;3
17991;5;4
17992;5;4
17993;5;1
17994;5;3
17995;5;3
17996;5;1
17997;5;4
17998;5;4
17999;5;3
18000;5;4
18001;5;3
18002;5;3
18003;5;4
18004;5;4
18005;5;1
18006;5;3
18007;5;4
18008;5;3
18009;5;1
18010;5;4
18011;5;1
18012;5;4
18013;5;3
18014;5;3
18015;5;4
18016;5;4
18017;5;4
18018;5;4
18019;5;4
18020;5;2
18021;5;1
18022;5;3
18023;5;1
18024;5;4
18025;5;4
18026;5;4
18027;5;3
18028;5;4
18029;5;4
18030;5;4
18031;5;3
18032;5;1
18033;5;3
18034;5;4
18035;5;4
18036;5;4
18037;5;4
18038;5;4
18039;5;1
18040;5;4
18041;5;3
18042;5;1
18043;5;4
18044;5;2
18045;5;2
18046;5;1
18047;5;4
18048;5;1
18049;5;4
18050;5;3
18051;5;3
18052;5;4
18053;5;1
18054;5;4
18055;5;4
18056;5;4
18057;5;3
18058;5;3
18059;5;3
18060;5;3
18061;5;4
18062;5;1
18063;5;1
18064;5;1
18065;5;4
18066;5;3
18067;5;1
18068;5;4
18069;5;3
18070;5;1
18071;5;4
18072;5;4
18073;5;1
18074;5;3
18075;5;3
18076;5;3
18077;5;1
18078;5;1
18079;5;1
18080;5;4
18081;5;4
18082;5;1
18083;5;4
18084;5;1
18085;5;3
18086;5;1
18087;5;4
18088;5;4
18089;5;4
18090;5;3
18091;5;4
18092;5;3
18093;5;3
18094;5;4
18095;5;4
18096;5;1
18097;5;1
18098;5;3
18099;5;4
18100;5;4
18101;5;4
18102;5;1
18103;5;4
18104;5;3
18105;5;4
18106;5;3
18107;5;1
18108;5;1
18109;5;1
18110;5;3
18111;5;1
18112;5;1
18113;5;1
18114;5;1
18115;5;1
18116;5;1
18117;5;4
18118;5;3
18119;5;1
18120;5;1
18121;5;3
18122;5;1
18123;5;1
18124;5;3
18125;5;3
18126;5;3
18127;5;4
18128;5;4
18129;5;4
18130;5;4
18131;5;1
18132;5;1
18133;5;2
18134;5;3
18135;5;3
18136;5;3
18137;5;3
18138;5;4
18139;5;4
18140;5;3
18141;5;4
18142;5;3
18143;5;3
18144;5;3
18145;5;3
18146;5;3
18147;5;3
18148;5;1
18149;5;3
18150;5;1
18151;5;3
18152;5;1
18153;5;4
18154;5;3
18155;5;1
18156;5;4
18157;5;1
18158;5;4
18159;5;3
18160;5;4
18161;5;4
18162;5;3
18163;5;4
18164;5;4
18165;5;3
18166;5;4
18167;5;4
18168;5;1
18169;5;4
18170;5;3
18171;5;4
18172;5;4
18173;5;1
18174;5;4
18175;5;1
18176;5;2
18177;5;1
18178;5;4
18179;5;3
18180;5;2
18181;5;3
18182;5;1
18183;5;3
18184;5;4
18185;5;3
18186;5;3
18187;5;4
18188;5;4
18189;5;1
18190;5;3
18191;5;3
18192;5;4
18193;5;1
18194;5;4
18195;5;4
18196;5;4
18197;5;3
18198;5;4
18199;5;3
18200;5;3
18201;5;3
18202;5;3
18203;5;4
18204;5;4
18205;5;3
18206;5;3
18207;5;3
18208;5;3
18209;5;3
18210;5;3
18211;5;1
18212;5;3
18213;5;2
18214;5;4
18215;5;3
18216;5;3
18217;5;3
18218;5;4
18219;5;2
18220;5;3
18221;5;3
18222;5;3
18223;5;3
18224;5;3
18225;5;3
18226;5;3
18227;5;3
18228;5;1
18229;5;4
18230;5;3
18231;5;3
18232;5;3
18233;5;3
18234;5;1
18235;5;1
18236;5;3
18237;5;3
18238;5;3
18239;5;3
18240;5;3
18241;5;3
18242;5;3
18243;5;3
18244;5;3
18245;5;3
18246;5;3
18247;5;3
18248;5;3
18249;5;3
18250;5;3
18251;5;3
18252;5;3
18253;5;1
18254;5;3
18255;5;1
18256;5;3
18257;5;3
18258;5;4
18259;5;3
18260;5;3
18261;5;3
18262;5;3
18263;5;3
18264;5;1
18265;5;4
18266;5;3
18267;5;3
18268;5;3
18269;5;3
18270;5;3
18271;5;3
18272;5;4
18273;5;3
18274;5;3
18275;5;4
18276;5;3
18277;5;1
18278;5;1
18279;5;4
18280;5;3
18281;5;4
18282;5;4
18283;5;3
18284;5;3
18285;5;2
18286;5;3
18287;5;1
18288;5;3
18289;5;4
18290;5;1
18291;5;4
18292;5;1
18293;5;3
18294;5;3
18295;5;4
18296;5;3
18297;5;3
18298;5;1
18299;5;1
18300;5;3
18301;5;4
18302;5;3
18303;5;3
18304;5;3
18305;5;1
18306;5;2
18307;5;3
18308;5;3
18309;5;3
18310;5;3
18311;5;4
18312;5;3
18313;5;3
18314;5;3
18315;5;4
18316;5;1
18317;5;3
18318;5;3
18319;5;4
18320;5;3
18321;5;1
18322;5;1
18323;5;3
18324;5;3
18325;5;3
18326;5;4
18327;5;1
18328;5;1
18329;5;3
18330;5;4
18331;5;1
18332;5;3
18333;5;4
18334;5;1
18335;5;3
18336;5;3
18337;5;4
18338;5;3
18339;5;3
18340;5;3
18341;5;4
18342;5;3
18343;5;3
18344;5;1
18345;5;4
18346;5;3
18347;5;4
18348;5;4
18349;5;1
18350;5;4
18351;5;3
18352;5;1
18353;5;3
18354;5;1
18355;5;1
18356;5;1
18357;5;4
18358;5;4
18359;5;3
18360;5;3
18361;5;3
18362;5;4
18363;5;3
18364;5;3
18365;5;4
18366;5;3
18367;5;1
18368;5;3
18369;5;3
18370;5;3
18371;5;3
18372;5;3
18373;5;3
18374;5;3
18375;5;4
18376;5;1
18377;5;4
18378;5;3
18379;5;4
18380;5;3
18381;5;1
18382;5;1
18383;5;3
18384;5;3
18385;5;1
18386;5;4
18387;5;4
18388;5;1
18389;5;4
18390;5;2
18391;5;3
18392;5;3
18393;5;3
18394;5;4
18395;5;1
18396;5;3
18397;5;4
18398;5;1
18399;5;4
18400;5;1
18401;5;4
18402;5;1
18403;5;3
18404;5;4
18405;5;4
18406;5;4
18407;5;4
18408;5;3
18409;5;4
18410;5;1
18411;5;4
18412;5;3
18413;5;1
18414;5;4
18415;5;1
18416;5;4
18417;5;4
18418;5;1
18419;5;4
18420;5;4
18421;5;1
18422;5;1
18423;5;4
18424;5;3
18425;5;3
18426;5;1
18427;5;4
18428;5;3
18429;5;3
18430;5;1
18431;5;3
18432;5;4
18433;5;1
18434;5;1
18435;5;3
18436;5;1
18437;5;1
18438;5;2
18439;5;4
18440;5;3
18441;5;4
18442;5;1
18443;5;4
18444;5;1
18445;5;4
18446;5;3
18447;5;3
18448;5;3
18449;5;1
18450;5;4
18451;5;3
18452;5;3
18453;5;4
18454;5;3
18455;5;3
18456;5;3
18457;5;3
18458;5;1
18459;5;4
18460;5;1
18461;5;1
18462;5;4
18463;5;3
18464;5;4
18465;5;4
18466;5;3
18467;5;1
18468;5;1
18469;5;3
18470;5;4
18471;5;1
18472;5;3
18473;5;3
18474;5;3
18475;5;4
18476;5;3
18477;5;3
18478;5;1
18479;5;3
18480;5;3
18481;5;3
18482;5;4
18483;5;3
18484;5;3
18485;5;3
18486;5;3
18487;5;3
18488;5;1
18489;5;4
18490;5;4
18491;5;3
18492;5;3
18493;5;3
18494;5;4
18495;5;3
18496;5;4
18497;5;4
18498;5;1
18499;5;1
18500;5;1
18501;5;3
18502;5;2
18503;5;1
18504;5;3
18505;5;2
18506;5;3
18507;5;3
18508;5;1
18509;5;1
18510;5;4
18511;5;2
18512;5;1
18513;5;2
18514;5;3
18515;5;3
18516;5;4
18517;5;3
18518;5;1
18519;5;1
18520;5;1
18521;5;4
18522;5;3
18523;5;1
18524;5;4
18525;5;1
18526;5;1
18527;5;1
18528;5;2
18529;5;1
18530;5;3
18531;5;3
18532;5;3
18533;5;4
18534;5;1
18535;5;3
18536;5;3
18537;5;4
18538;5;4
18539;5;4
18540;5;3
18541;5;3
18542;5;4
18543;5;3
18544;5;3
18545;5;4
18546;5;4
18547;5;3
18548;5;1
18549;5;2
18550;5;4
18551;5;3
18552;5;3
18553;5;4
18554;5;3
18555;5;2
18556;5;4
18557;5;3
18558;5;1
18559;5;1
18560;5;4
18561;5;3
18562;5;4
18563;5;4
18564;5;4
18565;5;3
18566;5;3
18567;5;1
18568;5;3
18569;5;4
18570;5;4
18571;5;1
18572;5;3
18573;5;4
18574;5;1
18575;5;4
18576;5;1
18577;5;4
18578;5;4
18579;5;1
18580;5;1
18581;5;4
18582;5;1
18583;5;4
18584;5;4
18585;5;4
18586;5;1
18587;5;4
18588;5;4
18589;5;3
18590;5;3
18591;5;1
18592;5;3
18593;5;3
18594;5;3
18595;5;3
18596;5;3
18597;5;3
18598;5;3
18599;5;4
18600;5;3
18601;5;1
18602;5;3
18603;5;1
18604;5;4
18605;5;3
18606;5;3
18607;5;4
18608;5;3
18609;5;3
18610;5;1
18611;5;1
18612;5;4
18613;5;4
18614;5;1
18615;5;4
18616;5;3
18617;5;3
18618;5;3
18619;5;3
18620;5;3
18621;5;3
18622;5;4
18623;5;1
18624;5;3
18625;5;3
18626;5;3
18627;5;4
18628;5;3
18629;5;3
18630;5;1
18631;5;1
18632;5;1
18633;5;3
18634;5;1
18635;5;3
18636;5;1
18637;5;3
18638;5;4
18639;5;4
18640;5;1
18641;5;4
18642;5;3
18643;5;1
18644;5;3
18645;5;3
18646;5;3
18647;5;4
18648;5;4
18649;5;3
18650;5;3
18651;5;4
18652;5;4
18653;5;1
18654;5;4
18655;5;4
18656;5;4
18657;5;4
18658;5;3
18659;5;1
18660;5;3
18661;5;3
18662;5;1
18663;5;3
18664;5;1
18665;5;4
18666;5;1
18667;5;1
18668;5;4
18669;5;4
18670;5;1
18671;5;4
18672;5;2
18673;5;3
18674;5;3
18675;5;4
18676;5;3
18677;5;4
18678;5;3
18679;5;4
18680;5;4
18681;5;4
18682;5;3
18683;5;3
18684;5;3
18685;5;3
18686;5;3
18687;5;3
18688;5;4
18689;5;4
18690;5;4
18691;5;3
18692;5;3
18693;5;4
18694;5;3
18695;5;3
18696;5;1
18697;5;1
18698;5;4
18699;5;3
18700;5;1
18701;5;3
18702;5;3
18703;5;3
18704;5;1
18705;5;4
18706;5;3
18707;5;1
18708;5;1
18709;5;3
18710;5;1
18711;5;2
18712;5;4
18713;5;1
18714;5;3
18715;5;3
18716;5;3
18717;5;4
18718;5;3
18719;5;4
18720;5;1
18721;5;3
18722;5;3
18723;5;3
18724;5;4
18725;5;3
18726;5;4
18727;5;4
18728;5;4
18729;5;1
18730;5;4
18731;5;1
18732;5;3
18733;5;3
18734;5;3
18735;5;3
18736;5;3
18737;5;3
18738;5;3
18739;5;3
18740;5;3
18741;5;3
18742;5;3
18743;5;1
18744;5;3
18745;5;4
18746;5;4
18747;5;1
18748;5;3
18749;5;4
18750;5;3
18751;5;3
18752;5;1
18753;5;3
18754;5;4
18755;5;3
18756;5;4
18757;5;4
18758;5;3
18759;5;3
18760;5;4
18761;5;3
18762;5;1
18763;5;1
18764;5;3
18765;5;1
18766;5;4
18767;5;3
18768;5;1
18769;5;1
18770;5;3
18771;5;1
18772;5;1
18773;5;3
18774;5;4
18775;5;4
18776;5;4
18777;5;4
18778;5;2
18779;5;4
18780;5;4
18781;5;4
18782;5;2
18783;5;3
18784;5;4
18785;5;1
18786;5;3
18787;5;3
18788;5;4
18789;5;4
18790;5;4
18791;5;1
18792;5;3
18793;5;4
18794;5;4
18795;5;3
18796;5;3
18797;5;4
18798;5;3
18799;5;1
18800;5;3
18801;5;1
18802;5;1
18803;5;1
18804;5;1
18805;5;1
18806;5;3
18807;5;4
18808;5;4
18809;5;1
18810;5;3
18811;5;4
18812;5;3
18813;5;3
18814;5;3
18815;5;3
18816;5;3
18817;5;3
18818;5;4
18819;5;3
18820;5;4
18821;5;3
18822;5;3
18823;5;3
18824;5;3
18825;5;3
18826;5;4
18827;5;4
18828;5;3
18829;5;4
18830;5;1
18831;5;4
18832;5;4
18833;5;1
18834;5;1
18835;5;3
18836;5;3
18837;5;3
18838;5;3
18839;5;3
18840;5;4
18841;5;1
18842;5;3
18843;5;4
18844;5;3
18845;5;4
18846;5;4
18847;5;2
18848;5;1
18849;5;4
18850;5;4
18851;5;3
18852;5;4
18853;5;3
18854;5;3
18855;5;4
18856;5;4
18857;5;1
18858;5;1
18859;5;4
18860;5;4
18861;5;3
18862;5;1
18863;5;3
18864;5;4
18865;5;4
18866;5;4
18867;5;3
18868;5;4
18869;5;2
18870;5;4
18871;5;4
18872;5;4
18873;5;3
18874;5;4
18875;5;4
18876;5;1
18877;5;3
18878;5;3
18879;5;1
18880;5;2
18881;5;1
18882;5;1
18883;5;3
18884;5;4
18885;5;1
18886;5;3
18887;5;3
18888;5;4
18889;5;3
18890;5;1
18891;5;3
18892;5;3
18893;5;4
18894;5;4
18895;5;4
18896;5;4
18897;5;3
18898;5;3
18899;5;3
18900;5;1
18901;5;4
18902;5;3
18903;5;1
18904;5;3
18905;5;1
18906;5;3
18907;5;4
18908;5;1
18909;5;3
18910;5;1
18911;5;4
18912;5;3
18913;5;1
18914;5;3
18915;5;3
18916;5;3
18917;5;3
18918;5;4
18919;5;1
18920;5;1
18921;5;4
18922;5;3
18923;5;1
18924;5;3
18925;5;4
18926;5;3
18927;5;2
18928;5;3
18929;5;3
18930;5;4
18931;5;4
18932;5;4
18933;5;4
18934;5;1
18935;5;3
18936;5;1
18937;5;1
18938;5;1
18939;5;2
18940;5;1
18941;5;3
18942;5;3
18943;5;2
18944;5;1
18945;5;4
18946;5;3
18947;5;4
18948;5;4
18949;5;3
18950;5;3
18951;5;4
18952;5;1
18953;5;1
18954;5;1
18955;5;4
18956;5;3
18957;5;3
18958;5;3
18959;5;1
18960;5;3
18961;5;3
18962;5;2
18963;5;3
18964;5;3
18965;5;3
18966;5;3
18967;5;1
18968;5;1
18969;5;4
18970;5;3
18971;5;1
18972;5;1
18973;5;1
18974;5;4
18975;5;1
18976;5;3
18977;5;3
18978;5;1
18979;5;3
18980;5;3
18981;5;3
18982;5;4
18983;5;3
18984;5;1
18985;5;4
18986;5;4
18987;5;3
18988;5;4
18989;5;3
18990;5;1
18991;5;4
18992;5;3
18993;5;1
18994;5;3
18995;5;1
18996;5;3
18997;5;4
18998;5;4
18999;5;3
19000;5;3
19001;5;4
19002;5;3
19003;5;3
19004;5;3
19005;5;3
19006;5;2
19007;5;1
19008;5;3
19009;5;1
19010;5;1
19011;5;4
19012;5;3
19013;5;3
19014;5;1
19015;5;4
19016;5;3
19017;5;3
19018;5;4
19019;5;1
19020;5;3
19021;5;3
19022;5;3
19023;5;1
19024;5;3
19025;5;3
19026;5;1
19027;5;4
19028;5;4
19029;5;3
19030;5;3
19031;5;4
19032;5;3
19033;5;1
19034;5;3
19035;5;1
19036;5;1
19037;5;4
19038;5;3
19039;5;4
19040;5;3
19041;5;4
19042;5;1
19043;5;1
19044;5;3
19045;5;1
19046;5;4
19047;5;3
19048;5;1
19049;5;3
19050;5;1
19051;5;3
19052;5;4
19053;5;3
19054;5;1
19055;5;3
19056;5;4
19057;5;3
19058;5;3
19059;5;3
19060;5;3
19061;5;1
19062;5;1
19063;5;3
19064;5;3
19065;5;3
19066;5;2
19067;5;3
19068;5;1
19069;5;3
19070;5;3
19071;5;1
19072;5;4
19073;5;1
19074;5;3
19075;5;1
19076;5;1
19077;5;3
19078;5;1
19079;5;1
19080;5;3
19081;5;3
19082;5;1
19083;5;1
19084;5;4
19085;5;3
19086;5;3
19087;5;4
19088;5;1
19089;5;1
19090;5;1
19091;5;1
19092;5;4
19093;5;1
19094;5;4
19095;5;1
19096;5;1
19097;5;3
19098;5;3
19099;5;3
19100;5;3
19101;5;4
19102;5;4
19103;5;4
19104;5;3
19105;5;3
19106;5;3
19107;5;3
19108;5;3
19109;5;3
19110;5;3
19111;5;4
19112;5;1
19113;5;4
19114;5;3
19115;5;3
19116;5;1
19117;5;3
19118;5;3
19119;5;3
19120;5;4
19121;5;3
19122;5;4
19123;5;3
19124;5;4
19125;5;3
19126;5;4
19127;5;3
19128;5;3
19129;5;4
19130;5;3
19131;5;3
19132;5;3
19133;5;3
19134;5;1
19135;5;4
19136;5;3
19137;5;3
19138;5;1
19139;5;1
19140;5;1
19141;5;3
19142;5;3
19143;5;3
19144;5;4
19145;5;1
19146;5;4
19147;5;3
19148;5;3
19149;5;4
19150;5;1
19151;5;1
19152;5;3
19153;5;1
19154;5;3
19155;5;2
19156;5;4
19157;5;4
19158;5;4
19159;5;4
19160;5;4
19161;5;4
19162;5;4
19163;5;4
19164;5;4
19165;5;4
19166;5;4
19167;5;3
19168;5;1
19169;5;4
19170;5;1
19171;5;3
19172;5;4
19173;5;4
19174;5;1
19175;5;3
19176;5;3
19177;5;4
19178;5;3
19179;5;4
19180;5;4
19181;5;4
19182;5;1
19183;5;4
19184;5;1
19185;5;1
19186;5;4
19187;5;4
19188;5;3
19189;5;3
19190;5;4
19191;5;4
19192;5;4
19193;5;4
19194;5;1
19195;5;4
19196;5;1
19197;5;1
19198;5;1
19199;5;3
19200;5;3
19201;5;4
19202;5;4
19203;5;4
19204;5;4
19205;5;3
19206;5;1
19207;5;3
19208;5;3
19209;5;4
19210;5;3
19211;5;1
19212;5;3
19213;5;3
19214;5;4
19215;5;4
19216;5;3
19217;5;4
19218;5;4
19219;5;3
19220;5;4
19221;5;3
19222;5;3
19223;5;3
19224;5;4
19225;5;3
19226;5;3
19227;5;1
19228;5;1
19229;5;1
19230;5;1
19231;5;3
19232;5;3
19233;5;4
19234;5;1
19235;5;3
19236;5;3
19237;5;3
19238;5;3
19239;5;1
19240;5;4
19241;5;4
19242;5;4
19243;5;3
19244;5;4
19245;5;3
19246;5;3
19247;5;4
19248;5;3
19249;5;1
19250;5;1
19251;5;4
19252;5;1
19253;5;1
19254;5;4
19255;5;3
19256;5;3
19257;5;1
19258;5;1
19259;5;4
19260;5;3
19261;5;3
19262;5;1
19263;5;3
19264;5;3
19265;5;3
19266;5;3
19267;5;4
19268;5;3
19269;5;3
19270;5;4
19271;5;3
19272;5;3
19273;5;3
19274;5;3
19275;5;4
19276;5;1
19277;5;4
19278;5;1
19279;5;3
19280;5;3
19281;5;1
19282;5;1
19283;5;3
19284;5;4
19285;5;1
19286;5;4
19287;5;1
19288;5;1
19289;5;1
19290;5;1
19291;5;4
19292;5;4
19293;5;1
19294;5;4
19295;5;1
19296;5;1
19297;5;1
19298;5;3
19299;5;1
19300;5;1
19301;5;1
19302;5;1
19303;5;4
19304;5;4
19305;5;4
19306;5;4
19307;5;4
19308;5;4
19309;5;4
19310;5;3
19311;5;4
19312;5;4
19313;5;4
19314;5;4
19315;5;1
19316;5;1
19317;5;4
19318;5;1
19319;5;1
19320;5;4
19321;5;1
19322;5;4
19323;5;1
19324;5;4
19325;5;3
19326;5;1
19327;5;3
19328;5;4
19329;5;3
19330;5;3
19331;5;1
19332;5;3
19333;5;3
19334;5;3
19335;5;3
19336;5;1
19337;5;4
19338;5;4
19339;5;2
19340;5;4
19341;5;1
19342;5;3
19343;5;3
19344;5;3
19345;5;1
19346;5;1
19347;5;3
19348;5;4
19349;5;3
19350;5;4
19351;5;1
19352;5;3
19353;5;4
19354;5;3
19355;5;4
19356;5;3
19357;5;1
19358;5;1
19359;5;4
19360;5;1
19361;5;1
19362;5;4
19363;5;1
19364;5;1
19365;5;3
19366;5;1
19367;5;4
19368;5;1
19369;5;1
19370;5;1
19371;5;3
19372;5;4
19373;5;4
19374;5;4
19375;5;3
19376;5;4
19377;5;3
19378;5;1
19379;5;1
19380;5;1
19381;5;1
19382;5;4
19383;5;4
19384;5;1
19385;5;3
19386;5;1
19387;5;3
19388;5;1
19389;5;3
19390;5;1
19391;5;1
19392;5;3
19393;5;1
19394;5;4
19395;5;3
19396;5;4
19397;5;1
19398;5;3
19399;5;4
19400;5;3
19401;5;4
19402;5;4
19403;5;3
19404;5;4
19405;5;4
19406;5;1
19407;5;4
19408;5;4
19409;5;4
19410;5;3
19411;5;3
19412;5;3
19413;5;3
19414;5;3
19415;5;3
19416;5;3
19417;5;4
19418;5;3
19419;5;3
19420;5;4
19421;5;4
19422;5;3
19423;5;1
19424;5;3
19425;5;3
19426;5;1
19427;5;3
19428;5;3
19429;5;1
19430;5;1
19431;5;4
19432;5;3
19433;5;1
19434;5;3
19435;5;1
19436;5;1
19437;5;3
19438;5;3
19439;5;4
19440;5;3
19441;5;4
19442;5;3
19443;5;1
19444;5;3
19445;5;4
19446;5;1
19447;5;4
19448;5;4
19449;5;3
19450;5;3
19451;5;1
19452;5;4
19453;5;3
19454;5;3
19455;5;3
19456;5;4
19457;5;4
19458;5;4
19459;5;3
19460;5;1
19461;5;4
19462;5;1
19463;5;1
19464;5;3
19465;5;3
19466;5;4
19467;5;2
19468;5;1
19469;5;3
19470;5;1
19471;5;1
19472;5;3
19473;5;3
19474;5;4
19475;5;4
19476;5;4
19477;5;4
19478;5;4
19479;5;1
19480;5;1
19481;5;1
19482;5;3
19483;5;4
19484;5;3
19485;5;1
19486;5;3
19487;5;4
19488;5;2
19489;5;4
19490;5;4
19491;5;4
19492;5;3
19493;5;4
19494;5;4
19495;5;4
19496;5;4
19497;5;3
19498;5;3
19499;5;3
19500;5;4
19501;5;4
19502;5;3
19503;5;4
19504;5;3
19505;5;4
19506;5;1
19507;5;1
19508;5;4
19509;5;3
19510;5;4
19511;5;1
19512;5;3
19513;5;3
19514;5;3
19515;5;3
19516;5;3
19517;5;1
19518;5;3
19519;5;1
19520;5;3
19521;5;4
19522;5;3
19523;5;3
19524;5;3
19525;5;4
19526;5;3
19527;5;3
19528;5;4
19529;5;3
19530;5;3
19531;5;1
19532;5;1
19533;5;1
19534;5;3
19535;5;4
19536;5;1
19537;5;4
19538;5;3
19539;5;1
19540;5;1
19541;5;3
19542;5;3
19543;5;3
19544;5;3
19545;5;1
19546;5;3
19547;5;1
19548;5;4
19549;5;4
19550;5;2
19551;5;3
19552;5;2
19553;5;1
19554;5;1
19555;5;4
19556;5;1
19557;5;4
19558;5;4
19559;5;4
19560;5;1
19561;5;4
19562;5;4
19563;5;4
19564;5;4
19565;5;4
19566;5;4
19567;5;4
19568;5;4
19569;5;4
19570;5;4
19571;5;3
19572;5;1
19573;5;1
19574;5;3
19575;5;4
19576;5;4
19577;5;4
19578;5;3
19579;5;4
19580;5;1
19581;5;3
19582;5;3
19583;5;1
19584;5;4
19585;5;1
19586;5;3
19587;5;4
19588;5;1
19589;5;4
19590;5;3
19591;5;3
19592;5;3
19593;5;3
19594;5;4
19595;5;1
19596;5;3
19597;5;3
19598;5;1
19599;5;3
19600;5;4
19601;5;3
19602;5;1
19603;5;3
19604;5;1
19605;5;4
19606;5;1
19607;5;4
19608;5;1
19609;5;3
19610;5;4
19611;5;3
19612;5;4
19613;5;4
19614;5;1
19615;5;3
19616;5;3
19617;5;1
19618;5;3
19619;5;3
19620;5;4
19621;5;3
19622;5;4
19623;5;3
19624;5;1
19625;5;1
19626;5;4
19627;5;4
19628;5;3
19629;5;3
19630;5;4
19631;5;4
19632;5;4
19633;5;4
19634;5;3
19635;5;4
19636;5;1
19637;5;4
19638;5;1
19639;5;3
19640;5;3
19641;5;4
19642;5;3
19643;5;1
19644;5;3
19645;5;3
19646;5;4
19647;5;4
19648;5;3
19649;5;3
19650;5;1
19651;5;3
19652;5;1
19653;5;4
19654;5;4
19655;5;1
19656;5;3
19657;5;4
19658;5;3
19659;5;3
19660;5;4
19661;5;1
19662;5;3
19663;5;3
19664;5;4
19665;5;3
19666;5;3
19667;5;1
19668;5;4
19669;5;3
19670;5;3
19671;5;3
19672;5;2
19673;5;3
19674;5;4
19675;5;3
19676;5;3
19677;5;1
19678;5;3
19679;5;3
19680;5;3
19681;5;3
19682;5;3
19683;5;3
19684;5;3
19685;5;3
19686;5;3
19687;5;3
19688;5;3
19689;5;1
19690;5;4
19691;5;3
19692;5;4
19693;5;4
19694;5;1
19695;5;3
19696;5;4
19697;5;3
19698;5;3
19699;5;3
19700;5;3
19701;5;3
19702;5;3
19703;5;3
19704;5;3
19705;5;3
19706;5;3
19707;5;3
19708;5;3
19709;5;3
19710;5;3
19711;5;3
19712;5;3
19713;5;3
19714;5;3
19715;5;3
19716;5;3
19717;5;3
19718;5;3
19719;5;3
19720;5;3
19721;5;3
19722;5;4
19723;5;3
19724;5;1
19725;5;3
19726;5;3
19727;5;3
19728;5;3
19729;5;3
19730;5;3
19731;5;3
19732;5;4
19733;5;3
19734;5;3
19735;5;3
19736;5;3
19737;5;3
19738;5;3
19739;5;3
19740;5;3
19741;5;3
19742;5;3
19743;5;4
19744;5;3
19745;5;3
19746;5;3
19747;5;3
19748;5;4
19749;5;4
19750;5;3
19751;5;3
19752;5;3
19753;5;3
19754;5;3
19755;5;3
19756;5;3
19757;5;4
19758;5;1
19759;5;1
19760;5;4
19761;5;4
19762;5;3
19763;5;3
19764;5;3
19765;5;1
19766;5;3
19767;5;3
19768;5;3
19769;5;3
19770;5;1
19771;5;3
19772;5;3
19773;5;1
19774;5;4
19775;5;3
19776;5;3
19777;5;3
19778;5;4
19779;5;3
19780;5;3
19781;5;3
19782;5;3
19783;5;3
19784;5;3
19785;5;3
19786;5;3
19787;5;3
19788;5;3
19789;5;3
19790;5;3
19791;5;3
19792;5;3
19793;5;3
19794;5;3
19795;5;3
19796;5;3
19797;5;3
19798;5;4
19799;5;3
19800;5;3
19801;5;3
19802;5;3
19803;5;3
19804;5;3
19805;5;3
19806;5;3
19807;5;3
19808;5;3
19809;5;3
19810;5;3
19811;5;3
19812;5;4
19813;5;2
19814;5;3
19815;5;3
19816;5;3
19817;5;3
19818;5;3
19819;5;3
19820;5;3
19821;5;3
19822;5;4
19823;5;4
19824;5;4
19825;5;4
19826;5;4
19827;5;3
19828;5;1
19829;5;3
19830;5;4
19831;5;3
19832;5;3
19833;5;1
19834;5;1
19835;5;1
19836;5;4
19837;5;4
19838;5;1
19839;5;1
19840;5;4
19841;5;1
19842;5;4
19843;5;4
19844;5;3
19845;5;3
19846;5;1
19847;5;1
19848;5;1
19849;5;4
19850;5;1
19851;5;4
19852;5;1
19853;5;1
19854;5;3
19855;5;4
19856;5;3
19857;5;3
19858;5;3
19859;5;1
19860;5;1
19861;5;1
19862;5;4
19863;5;3
19864;5;1
19865;5;1
19866;5;1
19867;5;3
19868;5;3
19869;5;4
19870;5;3
19871;5;4
19872;5;3
19873;5;3
19874;5;1
19875;5;1
19876;5;1
19877;5;4
19878;5;1
19879;5;1
19880;5;1
19881;5;1
19882;5;4
19883;5;1
19884;5;4
19885;5;1
19886;5;4
19887;5;1
19888;5;3
19889;5;4
19890;5;1
19891;5;1
19892;5;3
19893;5;1
19894;5;3
19895;5;3
19896;5;3
19897;5;4
19898;5;4
19899;5;3
19900;5;4
19901;5;4
19902;5;4
19903;5;1
19904;5;4
19905;5;4
19906;5;1
19907;5;4
19908;5;4
19909;5;1
19910;5;2
19911;5;4
19912;5;3
19913;5;4
19914;5;3
19915;5;3
19916;5;3
19917;5;4
19918;5;3
19919;5;1
19920;5;3
19921;5;4
19922;5;4
19923;5;4
19924;5;4
19925;5;4
19926;5;3
19927;5;3
19928;5;1
19929;5;2
19930;5;1
19931;5;1
19932;5;1
19933;5;4
19934;5;1
19935;5;1
19936;5;1
19937;5;1
19938;5;1
19939;5;1
19940;5;3
19941;5;4
19942;5;1
19943;5;1
19944;5;1
19945;5;1
19946;5;4
19947;5;1
19948;5;3
19949;5;4
19950;5;4
19951;5;1
19952;5;4
19953;5;3
19954;5;1
19955;5;1
19956;5;1
19957;5;1
19958;5;1
19959;5;1
19960;5;1
19961;5;1
19962;5;1
19963;5;4
19964;5;1
19965;5;4
19966;5;4
19967;5;3
19968;5;1
19969;5;4
19970;5;3
19971;5;3
19972;5;1
19973;5;1
19974;5;1
19975;5;3
19976;5;1
19977;5;3
19978;5;1
19979;5;1
19980;5;4
19981;5;3
19982;5;3
19983;5;1
19984;5;1
19985;5;3
19986;5;3
19987;5;1
19988;5;4
19989;5;1
19990;5;3
19991;5;4
19992;5;4
19993;5;4
19994;5;1
19995;5;3
19996;5;3
19997;5;3
19998;5;4
19999;5;3
20000;5;3
20001;5;4
20002;5;1
20003;5;3
20004;5;4
20005;5;4
20006;5;3
20007;5;4
20008;5;1
20009;5;4
20010;5;1
20011;5;4
20012;5;1
20013;5;4
20014;5;1
20015;5;4
20016;5;4
20017;5;4
20018;5;3
20019;5;4
20020;5;4
20021;5;4
20022;5;4
20023;5;1
20024;5;1
20025;5;3
20026;5;1
20027;5;1
20028;5;1
20029;5;4
20030;5;4
20031;5;1
20032;5;1
20033;5;1
20034;5;4
20035;5;1
20036;5;1
20037;5;1
20038;5;4
20039;5;4
20040;5;4
20041;5;3
20042;5;3
20043;5;4
20044;5;3
20045;5;3
20046;5;1
20047;5;1
20048;5;1
20049;5;3
20050;5;1
20051;5;3
20052;5;1
20053;5;2
20054;5;4
20055;5;4
20056;5;4
20057;5;4
20058;5;2
20059;5;1
20060;5;4
20061;5;1
20062;5;1
20063;5;4
20064;5;4
20065;5;4
20066;5;3
20067;5;3
20068;5;3
20069;5;3
20070;5;4
20071;5;3
20072;5;3
20073;5;4
20074;5;3
20075;5;3
20076;5;3
20077;5;4
20078;5;3
20079;5;3
20080;5;3
20081;5;3
20082;5;3
20083;5;4
20084;5;3
20085;5;4
20086;5;1
20087;5;3
20088;5;3
20089;5;4
20090;5;3
20091;5;3
20092;5;4
20093;5;3
20094;5;1
20095;5;3
20096;5;3
20097;5;3
20098;5;1
20099;5;3
20100;5;3
20101;5;3
20102;5;3
20103;5;1
20104;5;3
20105;5;1
20106;5;1
20107;5;4
20108;5;4
20109;5;1
20110;5;3
20111;5;3
20112;5;3
20113;5;4
20114;5;2
20115;5;1
20116;5;1
20117;5;4
20118;5;3
20119;5;3
20120;5;1
20121;5;4
20122;5;1
20123;5;3
20124;5;4
20125;5;1
20126;5;1
20127;5;1
20128;5;4
20129;5;4
20130;5;4
20131;5;1
20132;5;4
20133;5;2
20134;5;1
20135;5;3
20136;5;1
20137;5;4
20138;5;1
20139;5;3
20140;5;3
20141;5;4
20142;5;4
20143;5;4
20144;5;1
20145;5;1
20146;5;1
20147;5;3
20148;5;1
20149;5;3
20150;5;3
20151;5;3
20152;5;4
20153;5;4
20154;5;4
20155;5;3
20156;5;4
20157;5;1
20158;5;3
20159;5;1
20160;5;4
20161;5;3
20162;5;4
20163;5;3
20164;5;4
20165;5;1
20166;5;4
20167;5;1
20168;5;4
20169;5;1
20170;5;4
20171;5;1
20172;5;3
20173;5;1
20174;5;4
20175;5;3
20176;5;1
20177;5;1
20178;5;3
20179;5;3
20180;5;4
20181;5;3
20182;5;4
20183;5;4
20184;5;2
20185;5;4
20186;5;4
20187;5;4
20188;5;1
20189;5;1
20190;5;4
20191;5;1
20192;5;3
20193;5;4
20194;5;4
20195;5;4
20196;5;3
20197;5;3
20198;5;3
20199;5;1
20200;5;3
20201;5;4
20202;5;3
20203;5;1
20204;5;1
20205;5;4
20206;5;3
20207;5;2
20208;5;3
20209;5;1
20210;5;1
20211;5;4
20212;5;1
20213;5;4
20214;5;3
20215;5;3
20216;5;2
20217;5;4
20218;5;4
20219;5;4
20220;5;1
20221;5;1
20222;5;1
20223;5;3
20224;5;3
20225;5;4
20226;5;1
20227;5;1
20228;5;3
20229;5;1
20230;5;1
20231;5;1
20232;5;1
20233;5;3
20234;5;1
20235;5;3
20236;5;1
20237;5;3
20238;5;1
20239;5;4
20240;5;2
20241;5;1
20242;5;4
20243;5;1
20244;5;4
20245;5;1
20246;5;4
20247;5;4
20248;5;3
20249;5;1
20250;5;4
20251;5;1
20252;5;4
20253;5;4
20254;5;1
20255;5;3
20256;5;1
20257;5;1
20258;5;4
20259;5;3
20260;5;1
20261;5;1
20262;5;4
20263;5;1
20264;5;1
20265;5;1
20266;5;1
20267;5;1
20268;5;4
20269;5;4
20270;5;1
20271;5;4
20272;5;3
20273;5;3
20274;5;4
20275;5;1
20276;5;1
20277;5;2
20278;5;1
20279;5;1
20280;5;4
20281;5;1
20282;5;1
20283;5;1
20284;5;3
20285;5;1
20286;5;1
20287;5;1
20288;5;3
20289;5;1
20290;5;4
20291;5;3
20292;5;1
20293;5;3
20294;5;4
20295;5;1
20296;5;4
20297;5;1
20298;5;3
20299;5;2
20300;5;1
20301;5;4
20302;5;4
20303;5;1
20304;5;1
20305;5;1
20306;5;1
20307;5;1
20308;5;1
20309;5;1
20310;5;4
20311;5;1
20312;5;4
20313;5;1
20314;5;1
20315;5;4
20316;5;1
20317;5;1
20318;5;4
20319;5;3
20320;5;4
20321;5;4
20322;5;1
20323;5;4
20324;5;1
20325;5;4
20326;5;1
20327;5;3
20328;5;3
20329;5;1
20330;5;3
20331;5;4
20332;5;3
20333;5;3
20334;5;3
20335;5;3
20336;5;3
20337;5;1
20338;5;1
20339;5;3
20340;5;4
20341;5;1
20342;5;4
20343;5;1
20344;5;1
20345;5;4
20346;5;3
20347;5;1
20348;5;4
20349;5;1
20350;5;2
20351;5;4
20352;5;3
20353;5;4
20354;5;1
20355;5;4
20356;5;1
20357;5;1
20358;5;3
20359;5;3
20360;5;1
20361;5;4
20362;5;1
20363;5;3
20364;5;2
20365;5;1
20366;5;1
20367;5;1
20368;5;4
20369;5;2
20370;5;4
20371;5;3
20372;5;1
20373;5;1
20374;5;1
20375;5;4
20376;5;3
20377;5;2
20378;5;1
20379;5;1
20380;5;3
20381;5;1
20382;5;4
20383;5;4
20384;5;3
20385;5;4
20386;5;1
20387;5;4
20388;5;4
20389;5;4
20390;5;3
20391;5;4
20392;5;3
20393;5;4
20394;5;3
20395;5;1
20396;5;3
20397;5;4
20398;5;4
20399;5;1
20400;5;3
20401;5;1
20402;5;4
20403;5;3
20404;5;3
20405;5;4
20406;5;4
20407;5;3
20408;5;3
20409;5;3
20410;5;1
20411;5;3
20412;5;4
20413;5;4
20414;5;3
20415;5;4
20416;5;3
20417;5;3
20418;5;3
20419;5;4
20420;5;1
20421;5;4
20422;5;1
20423;5;1
20424;5;3
20425;5;3
20426;5;1
20427;5;3
20428;5;4
20429;5;4
20430;5;1
20431;5;1
20432;5;1
20433;5;4
20434;5;4
20435;5;4
20436;5;1
20437;5;1
20438;5;4
20439;5;4
20440;5;1
20441;5;1
20442;5;3
20443;5;3
20444;5;4
20445;5;4
20446;5;4
20447;5;3
20448;5;3
20449;5;4
20450;5;3
20451;5;3
20452;5;3
20453;5;4
20454;5;3
20455;5;4
20456;5;1
20457;5;3
20458;5;3
20459;5;1
20460;5;3
20461;5;3
20462;5;3
20463;5;1
20464;5;4
20465;5;1
20466;5;3
20467;5;1
20468;5;1
20469;5;4
20470;5;3
20471;5;1
20472;5;1
20473;5;3
20474;5;4
20475;5;1
20476;5;3
20477;5;1
20478;5;4
20479;5;4
20480;5;4
20481;5;4
20482;5;3
20483;5;4
20484;5;1
20485;5;4
20486;5;1
20487;5;4
20488;5;4
20489;5;4
20490;5;1
20491;5;1
20492;5;4
20493;5;4
20494;5;3
20495;5;1
20496;5;1
20497;5;4
20498;5;4
20499;5;1
20500;5;4
20501;5;3
20502;5;3
20503;5;1
20504;5;4
20505;5;3
20506;5;3
20507;5;3
20508;5;4
20509;5;1
20510;5;4
20511;5;4
20512;5;1
20513;5;1
20514;5;1
20515;5;1
20516;5;3
20517;5;4
20518;5;1
20519;5;4
20520;5;1
20521;5;4
20522;5;4
20523;5;4
20524;5;3
20525;5;4
20526;5;1
20527;5;4
20528;5;1
20529;5;4
20530;5;4
20531;5;1
20532;5;3
20533;5;3
20534;5;4
20535;5;3
20536;5;4
20537;5;4
20538;5;1
20539;5;4
20540;5;1
20541;5;4
20542;5;3
20543;5;3
20544;5;1
20545;5;4
20546;5;4
20547;5;3
20548;5;1
20549;5;1
20550;5;3
20551;5;4
20552;5;1
20553;5;1
20554;5;3
20555;5;3
20556;5;4
20557;5;3
20558;5;1
20559;5;1
20560;5;4
20561;5;4
20562;5;1
20563;5;2
20564;5;4
20565;5;1
20566;5;3
20567;5;1
20568;5;3
20569;5;1
20570;5;4
20571;5;3
20572;5;3
20573;5;1
20574;5;3
20575;5;4
20576;5;1
20577;5;4
20578;5;4
20579;5;4
20580;5;3
20581;5;3
20582;5;3
20583;5;1
20584;5;4
20585;5;3
20586;5;3
20587;5;3
20588;5;3
20589;5;3
20590;5;3
20591;5;3
20592;5;3
20593;5;1
20594;5;4
20595;5;1
20596;5;3
20597;5;3
20598;5;4
20599;5;3
20600;5;3
20601;5;4
20602;5;1
20603;5;1
20604;5;3
20605;5;1
20606;5;3
20607;5;3
20608;5;4
20609;5;4
20610;5;4
20611;5;3
20612;5;1
20613;5;4
20614;5;3
20615;5;4
20616;5;4
20617;5;4
20618;5;4
20619;5;4
20620;5;3
20621;5;3
20622;5;3
20623;5;3
20624;5;3
20625;5;4
20626;5;1
20627;5;3
20628;5;3
20629;5;3
20630;5;3
20631;5;2
20632;5;4
20633;5;3
20634;5;3
20635;5;3
20636;5;1
20637;5;3
20638;5;3
20639;5;3
20640;5;4
20641;5;1
20642;5;4
20643;5;1
20644;5;3
20645;5;3
20646;5;3
20647;5;1
20648;5;3
20649;5;1
20650;5;4
20651;5;3
20652;5;1
20653;5;3
20654;5;4
20655;5;4
20656;5;4
20657;5;3
20658;5;3
20659;5;4
20660;5;3
20661;5;3
20662;5;3
20663;5;1
20664;5;4
20665;5;1
20666;5;3
20667;5;4
20668;5;3
20669;5;3
20670;5;3
20671;5;3
20672;5;3
20673;5;3
20674;5;4
20675;5;3
20676;5;1
20677;5;3
20678;5;4
20679;5;3
20680;5;4
20681;5;1
20682;5;3
20683;5;4
20684;5;1
20685;5;4
20686;5;4
20687;5;4
20688;5;4
20689;5;4
20690;5;4
20691;5;4
20692;5;4
20693;5;4
20694;5;4
20695;5;4
20696;5;4
20697;5;1
20698;5;1
20699;5;1
20700;5;3
20701;5;3
20702;5;4
20703;5;4
20704;5;4
20705;5;1
20706;5;1
20707;5;4
20708;5;4
20709;5;1
20710;5;1
20711;5;1
20712;5;1
20713;5;4
20714;5;3
20715;5;4
20716;5;1
20717;5;4
20718;5;1
20719;5;3
20720;5;3
20721;5;3
20722;5;3
20723;5;1
20724;5;4
20725;5;4
20726;5;4
20727;5;1
20728;5;3
20729;5;4
20730;5;2
20731;5;1
20732;5;1
20733;5;1
20734;5;4
20735;5;3
20736;5;4
20737;5;4
20738;5;4
20739;5;2
20740;5;1
20741;5;1
20742;5;1
20743;5;3
20744;5;3
20745;5;4
20746;5;3
20747;5;2
20748;5;1
20749;5;4
20750;5;1
20751;5;1
20752;5;4
20753;5;1
20754;5;1
20755;5;1
20756;5;1
20757;5;4
20758;5;1
20759;5;4
20760;5;1
20761;5;1
20762;5;1
20763;5;1
20764;5;4
20765;5;2
20766;5;4
20767;5;1
20768;5;4
20769;5;3
20770;5;1
20771;5;4
20772;5;3
20773;5;1
20774;5;1
20775;5;1
20776;5;3
20777;5;3
20778;5;3
20779;5;3
20780;5;1
20781;5;3
20782;5;4
20783;5;3
20784;5;1
20785;5;3
20786;5;1
20787;5;1
20788;5;3
20789;5;4
20790;5;1
20791;5;1
20792;5;1
20793;5;1
20794;5;4
20795;5;3
20796;5;4
20797;5;3
20798;5;3
20799;5;3
20800;5;1
20801;5;1
20802;5;1
20803;5;1
20804;5;3
20805;5;1
20806;5;1
20807;5;1
20808;5;3
20809;5;1
20810;5;4
20811;5;4
20812;5;4
20813;5;3
20814;5;4
20815;5;3
20816;5;1
20817;5;1
20818;5;4
20819;5;1
20820;5;3
20821;5;4
20822;5;4
20823;5;4
20824;5;4
20825;5;3
20826;5;4
20827;5;1
20828;5;4
20829;5;4
20830;5;4
20831;5;3
20832;5;1
20833;5;3
20834;5;4
20835;5;4
20836;5;3
20837;5;1
20838;5;3
20839;5;4
20840;5;3
20841;5;1
20842;5;1
20843;5;3
20844;5;4
20845;5;4
20846;5;4
20847;5;3
20848;5;4
20849;5;3
20850;5;3
20851;5;3
20852;5;3
20853;5;4
20854;5;4
20855;5;3
20856;5;3
20857;5;4
20858;5;3
20859;5;4
20860;5;1
20861;5;4
20862;5;1
20863;5;2
20864;5;4
20865;5;4
20866;5;4
20867;5;1
20868;5;4
20869;5;1
20870;5;3
20871;5;4
20872;5;4
20873;5;3
20874;5;3
20875;5;1
20876;5;1
20877;5;3
20878;5;4
20879;5;1
20880;5;4
20881;5;4
20882;5;1
20883;5;3
20884;5;4
20885;5;4
20886;5;3
20887;5;1
20888;5;3
20889;5;4
20890;5;4
20891;5;1
20892;5;3
20893;5;4
20894;5;3
20895;5;3
20896;5;4
20897;5;3
20898;5;4
20899;5;4
20900;5;1
20901;5;1
20902;5;3
20903;5;3
20904;5;4
20905;5;3
20906;5;4
20907;5;3
20908;5;4
20909;5;4
20910;5;4
20911;5;4
20912;5;1
20913;5;4
20914;5;1
20915;5;4
20916;5;1
20917;5;1
20918;5;1
20919;5;3
20920;5;1
20921;5;3
20922;5;2
20923;5;3
20924;5;4
20925;5;3
20926;5;1
20927;5;4
20928;5;1
20929;5;4
20930;5;4
20931;5;3
20932;5;4
20933;5;1
20934;5;1
20935;5;3
20936;5;4
20937;5;1
20938;5;3
20939;5;4
20940;5;1
20941;5;3
20942;5;4
20943;5;3
20944;5;4
20945;5;3
20946;5;4
20947;5;1
20948;5;4
20949;5;1
20950;5;4
20951;5;4
20952;5;4
20953;5;4
20954;5;4
20955;5;3
20956;5;1
20957;5;1
20958;5;3
20959;5;3
20960;5;3
20961;5;4
20962;5;3
20963;5;3
20964;5;1
20965;5;4
20966;5;1
20967;5;1
20968;5;4
20969;5;4
20970;5;4
20971;5;4
20972;5;3
20973;5;4
20974;5;1
20975;5;3
20976;5;1
20977;5;3
20978;5;3
20979;5;3
20980;5;3
20981;5;4
20982;5;4
20983;5;3
20984;5;4
20985;5;1
20986;5;3
20987;5;4
20988;5;3
20989;5;3
20990;5;4
20991;5;4
20992;5;3
20993;5;3
20994;5;3
20995;5;3
20996;5;3
20997;5;3
20998;5;4
20999;5;3
21000;5;4
21001;5;1
21002;5;3
21003;5;4
21004;5;1
21005;5;3
21006;5;4
21007;5;3
21008;5;1
21009;5;1
21010;5;1
21011;5;4
21012;5;4
21013;5;1
21014;5;4
21015;5;4
21016;5;1
21017;5;4
21018;5;3
21019;5;1
21020;5;4
21021;5;1
21022;5;3
21023;5;3
21024;5;1
21025;5;4
21026;5;4
21027;5;3
21028;5;1
21029;5;1
21030;5;1
21031;5;4
21032;5;3
21033;5;1
21034;5;1
21035;5;4
21036;5;1
21037;5;4
21038;5;3
21039;5;4
21040;5;4
21041;5;1
21042;5;4
21043;5;4
21044;5;4
21045;5;4
21046;5;4
21047;5;4
21048;5;4
21049;5;3
21050;5;4
21051;5;3
21052;5;4
21053;5;3
21054;5;3
21055;5;3
21056;5;3
21057;5;3
21058;5;3
21059;5;3
21060;5;3
21061;5;3
21062;5;3
21063;5;3
21064;5;3
21065;5;3
21066;5;1
21067;5;1
21068;5;3
21069;5;3
21070;5;4
21071;5;3
21072;5;3
21073;5;4
21074;5;1
21075;5;1
21076;5;3
21077;5;1
21078;5;3
21079;5;3
21080;5;4
21081;5;3
21082;5;4
21083;5;3
21084;5;3
21085;5;4
21086;5;3
21087;5;1
21088;5;3
21089;5;3
21090;5;3
21091;5;3
21092;5;3
21093;5;3
21094;5;1
21095;5;3
21096;5;3
21097;5;3
21098;5;4
21099;5;3
21100;5;3
21101;5;1
21102;5;3
21103;5;1
21104;5;3
21105;5;3
21106;5;3
21107;5;4
21108;5;3
21109;5;3
21110;5;4
21111;5;4
21112;5;3
21113;5;3
21114;5;3
21115;5;3
21116;5;3
21117;5;3
21118;5;3
21119;5;3
21120;5;1
21121;5;3
21122;5;1
21123;5;1
21124;5;3
21125;5;3
21126;5;1
21127;5;1
21128;5;3
21129;5;3
21130;5;3
21131;5;1
21132;5;1
21133;5;3
21134;5;3
21135;5;4
21136;5;1
21137;5;1
21138;5;3
21139;5;3
21140;5;1
21141;5;3
21142;5;3
21143;5;3
21144;5;4
21145;5;3
21146;5;3
21147;5;4
21148;5;4
21149;5;3
21150;5;4
21151;5;3
21152;5;3
21153;5;3
21154;5;3
21155;5;4
21156;5;4
21157;5;3
21158;5;1
21159;5;1
21160;5;4
21161;5;3
21162;5;4
21163;5;3
21164;5;1
21165;5;3
21166;5;4
21167;5;3
21168;5;3
21169;5;2
21170;5;3
21171;5;3
21172;5;4
21173;5;4
21174;5;1
21175;5;1
21176;5;4
21177;5;3
21178;5;4
21179;5;4
21180;5;4
21181;5;1
21182;5;4
21183;5;4
21184;5;4
21185;5;4
21186;5;1
21187;5;3
21188;5;3
21189;5;4
21190;5;3
21191;5;3
21192;5;1
21193;5;3
21194;5;3
21195;5;3
21196;5;4
21197;5;3
21198;5;4
21199;5;4
21200;5;4
21201;5;3
21202;5;3
21203;5;4
21204;5;4
21205;5;3
21206;5;3
21207;5;3
21208;5;4
21209;5;1
21210;5;1
21211;5;3
21212;5;4
21213;5;1
21214;5;4
21215;5;3
21216;5;4
21217;5;1
21218;5;1
21219;5;3
21220;5;3
21221;5;4
21222;5;1
21223;5;1
21224;5;1
21225;5;4
21226;5;4
21227;5;3
21228;5;4
21229;5;1
21230;5;4
21231;5;4
21232;5;4
21233;5;4
21234;5;3
21235;5;3
21236;5;4
21237;5;4
21238;5;4
21239;5;1
21240;5;1
21241;5;2
21242;5;1
21243;5;1
21244;5;4
21245;5;4
21246;5;4
21247;5;4
21248;5;3
21249;5;3
21250;5;1
21251;5;3
21252;5;3
21253;5;1
21254;5;1
21255;5;4
21256;5;4
21257;5;4
21258;5;1
21259;5;1
21260;5;3
21261;5;4
21262;5;4
21263;5;4
21264;5;3
21265;5;4
21266;5;3
21267;5;3
21268;5;3
21269;5;3
21270;5;4
21271;5;3
21272;5;1
21273;5;4
21274;5;4
21275;5;1
21276;5;3
21277;5;3
21278;5;4
21279;5;3
21280;5;4
21281;5;3
21282;5;4
21283;5;1
21284;5;4
21285;5;4
21286;5;3
21287;5;1
21288;5;2
21289;5;1
21290;5;4
21291;5;1
21292;5;3
21293;5;1
21294;5;1
21295;5;3
21296;5;1
21297;5;3
21298;5;3
21299;5;3
21300;5;3
21301;5;3
21302;5;3
21303;5;1
21304;5;1
21305;5;2
21306;5;4
21307;5;4
21308;5;4
21309;5;1
21310;5;1
21311;5;1
21312;5;3
21313;5;4
21314;5;4
21315;5;4
21316;5;4
21317;5;4
21318;5;4
21319;5;4
21320;5;1
21321;5;4
21322;5;4
21323;5;3
21324;5;4
21325;5;1
21326;5;1
21327;5;1
21328;5;3
21329;5;1
21330;5;3
21331;5;2
21332;5;4
21333;5;3
21334;5;4
21335;5;1
21336;5;1
21337;5;3
21338;5;4
21339;5;1
21340;5;4
21341;5;4
21342;5;4
21343;5;3
21344;5;4
21345;5;4
21346;5;4
21347;5;3
21348;5;3
21349;5;1
21350;5;4
21351;5;3
21352;5;4
21353;5;4
21354;5;4
21355;5;4
21356;5;4
21357;5;3
21358;5;4
21359;5;3
21360;5;1
21361;5;4
21362;5;4
21363;5;4
21364;5;1
21365;5;3
21366;5;4
21367;5;1
21368;5;1
21369;5;1
21370;5;4
21371;5;3
21372;5;3
21373;5;1
21374;5;3
21375;5;4
21376;5;3
21377;5;2
21378;5;3
21379;5;4
21380;5;1
21381;5;3
21382;5;1
21383;5;3
21384;5;4
21385;5;1
21386;5;3
21387;5;3
21388;5;1
21389;5;2
21390;5;4
21391;5;4
21392;5;3
21393;5;3
21394;5;1
21395;5;4
21396;5;4
21397;5;4
21398;5;3
21399;5;3
21400;5;4
21401;5;1
21402;5;4
21403;5;1
21404;5;1
21405;5;1
21406;5;1
21407;5;4
21408;5;4
21409;5;3
21410;5;4
21411;5;3
21412;5;1
21413;5;3
21414;5;3
21415;5;4
21416;5;4
21417;5;3
21418;5;3
21419;5;2
21420;5;1
21421;5;4
21422;5;4
21423;5;4
21424;5;1
21425;5;3
21426;5;4
21427;5;1
21428;5;4
21429;5;4
21430;5;3
21431;5;2
21432;5;3
21433;5;3
21434;5;4
21435;5;3
21436;5;4
21437;5;3
21438;5;3
21439;5;4
21440;5;1
21441;5;4
21442;5;1
21443;5;3
21444;5;1
21445;5;4
21446;5;1
21447;5;4
21448;5;3
21449;5;3
21450;5;1
21451;5;1
21452;5;3
21453;5;4
21454;5;4
21455;5;4
21456;5;4
21457;5;3
21458;5;3
21459;5;3
21460;5;1
21461;5;1
21462;5;3
21463;5;1
21464;5;1
21465;5;1
21466;5;1
21467;5;4
21468;5;1
21469;5;4
21470;5;1
21471;5;3
21472;5;3
21473;5;3
21474;5;3
21475;5;4
21476;5;4
21477;5;3
21478;5;1
21479;5;1
21480;5;3
21481;5;3
21482;5;3
21483;5;3
21484;5;2
21485;5;3
21486;5;4
21487;5;1
21488;5;4
21489;5;1
21490;5;3
21491;5;3
21492;5;4
21493;5;4
21494;5;3
21495;5;3
21496;5;4
21497;5;3
21498;5;3
21499;5;4
21500;5;1
21501;5;1
21502;5;3
21503;5;1
21504;5;3
21505;5;4
21506;5;1
21507;5;3
21508;5;3
21509;5;1
21510;5;1
21511;5;4
21512;5;3
21513;5;4
21514;5;1
21515;5;3
21516;5;4
21517;5;4
21518;5;1
21519;5;3
21520;5;3
21521;5;2
21522;5;3
21523;5;4
21524;5;4
21525;5;4
21526;5;1
21527;5;4
21528;5;3
21529;5;3
21530;5;3
21531;5;3
21532;5;3
21533;5;1
21534;5;4
21535;5;4
21536;5;4
21537;5;4
21538;5;1
21539;5;1
21540;5;1
21541;5;4
21542;5;4
21543;5;4
21544;5;3
21545;5;1
21546;5;1
21547;5;3
21548;5;4
21549;5;3
21550;5;3
21551;5;4
21552;5;1
21553;5;4
21554;5;4
21555;5;1
21556;5;4
21557;5;4
21558;5;1
21559;5;1
21560;5;3
21561;5;1
21562;5;3
21563;5;4
21564;5;4
21565;5;4
21566;5;1
21567;5;3
21568;5;1
21569;5;3
21570;5;1
21571;5;3
21572;5;4
21573;5;3
21574;5;3
21575;5;4
21576;5;1
21577;5;3
21578;5;3
21579;5;1
21580;5;3
21581;5;3
21582;5;3
21583;5;3
21584;5;3
21585;5;3
21586;5;4
21587;5;3
21588;5;4
21589;5;3
21590;5;3
21591;5;3
21592;5;4
21593;5;4
21594;5;3
21595;5;3
21596;5;3
21597;5;1
21598;5;3
21599;5;3
21600;5;4
21601;5;4
21602;5;4
21603;5;4
21604;5;3
21605;5;3
21606;5;3
21607;5;2
21608;5;1
21609;5;3
21610;5;4
21611;5;3
21612;5;4
21613;5;3
21614;5;3
21615;5;4
21616;5;3
21617;5;3
21618;5;2
21619;5;1
21620;5;4
21621;5;3
21622;5;1
21623;5;1
21624;5;1
21625;5;1
21626;5;4
21627;5;3
21628;5;3
21629;5;1
21630;5;1
21631;5;1
21632;5;4
21633;5;1
21634;5;4
21635;5;1
21636;5;4
21637;5;3
21638;5;1
21639;5;4
21640;5;1
21641;5;1
21642;5;1
21643;5;4
21644;5;3
21645;5;3
21646;5;1
21647;5;1
21648;5;3
21649;5;3
21650;5;4
21651;5;3
21652;5;1
21653;5;3
21654;5;4
21655;5;1
21656;5;3
21657;5;3
21658;5;3
21659;5;3
21660;5;4
21661;5;3
21662;5;4
21663;5;3
21664;5;4
21665;5;3
21666;5;4
21667;5;1
21668;5;4
21669;5;3
21670;5;4
21671;5;3
21672;5;4
21673;5;1
21674;5;3
21675;5;1
21676;5;3
21677;5;3
21678;5;3
21679;5;1
21680;5;3
21681;5;4
21682;5;4
21683;5;3
21684;5;1
21685;5;4
21686;5;1
21687;5;4
21688;5;1
21689;5;3
21690;5;3
21691;5;3
21692;5;3
21693;5;1
21694;5;3
21695;5;3
21696;5;4
21697;5;3
21698;5;4
21699;5;4
21700;5;3
21701;5;4
21702;5;4
21703;5;3
21704;5;4
21705;5;4
21706;5;4
21707;5;3
21708;5;4
21709;5;4
21710;5;4
21711;5;3
21712;5;3
21713;5;3
21714;5;3
21715;5;1
21716;5;4
21717;5;1
21718;5;3
21719;5;4
21720;5;3
21721;5;1
21722;5;3
21723;5;4
21724;5;4
21725;5;4
21726;5;3
21727;5;4
21728;5;3
21729;5;1
21730;5;3
21731;5;4
21732;5;4
21733;5;3
21734;5;1
21735;5;3
21736;5;3
21737;5;3
21738;5;3
21739;5;3
21740;5;3
21741;5;3
21742;5;3
21743;5;4
21744;5;1
21745;5;1
21746;5;3
21747;5;1
21748;5;4
21749;5;4
21750;5;1
21751;5;1
21752;5;3
21753;5;3
21754;5;1
21755;5;3
21756;5;4
21757;5;4
21758;5;1
21759;5;4
21760;5;4
21761;5;4
21762;5;4
21763;5;3
21764;5;2
21765;5;1
21766;5;4
21767;5;3
21768;5;4
21769;5;3
21770;5;2
21771;5;3
21772;5;3
21773;5;3
21774;5;4
21775;5;4
21776;5;4
21777;5;1
21778;5;3
21779;5;4
21780;5;4
21781;5;4
21782;5;1
21783;5;3
21784;5;4
21785;5;1
21786;5;1
21787;5;1
21788;5;1
21789;5;3
21790;5;4
21791;5;4
21792;5;3
21793;5;3
21794;5;4
21795;5;4
21796;5;3
21797;5;4
21798;5;3
21799;5;1
21800;5;4
21801;5;2
21802;5;3
21803;5;3
21804;5;3
21805;5;3
21806;5;3
21807;5;4
21808;5;1
21809;5;4
21810;5;4
21811;5;4
21812;5;4
21813;5;3
21814;5;3
21815;5;3
21816;5;1
21817;5;1
21818;5;3
21819;5;2
21820;5;4
21821;5;3
21822;5;4
21823;5;4
21824;5;4
21825;5;3
21826;5;3
21827;5;4
21828;5;4
21829;5;3
21830;5;3
21831;5;3
21832;5;3
21833;5;4
21834;5;4
21835;5;4
21836;5;4
21837;5;3
21838;5;4
21839;5;3
21840;5;3
21841;5;3
21842;5;1
21843;5;4
21844;5;4
21845;5;4
21846;5;3
21847;5;1
21848;5;4
21849;5;3
21850;5;1
21851;5;1
21852;5;3
21853;5;1
21854;5;3
21855;5;3
21856;5;3
21857;5;4
21858;5;3
21859;5;3
21860;5;3
21861;5;4
21862;5;3
21863;5;3
21864;5;3
21865;5;3
21866;5;3
21867;5;3
21868;5;1
21869;5;3
21870;5;1
21871;5;3
21872;5;3
21873;5;1
21874;5;1
21875;5;4
21876;5;3
21877;5;4
21878;5;3
21879;5;2
21880;5;4
21881;5;4
21882;5;4
21883;5;3
21884;5;1
21885;5;4
21886;5;3
21887;5;4
21888;5;3
21889;5;3
21890;5;4
21891;5;3
21892;5;3
21893;5;4
21894;5;3
21895;5;3
21896;5;1
21897;5;3
21898;5;3
21899;5;3
21900;5;3
21901;5;1
21902;5;4
21903;5;3
21904;5;1
21905;5;3
21906;5;3
21907;5;4
21908;5;3
21909;5;3
21910;5;3
21911;5;3
21912;5;4
21913;5;3
21914;5;3
21915;5;3
21916;5;3
21917;5;3
21918;5;4
21919;5;4
21920;5;3
21921;5;3
21922;5;3
21923;5;3
21924;5;3
21925;5;3
21926;5;3
21927;5;3
21928;5;4
21929;5;3
21930;5;3
21931;5;3
21932;5;4
21933;5;4
21934;5;1
21935;5;3
21936;5;4
21937;5;1
21938;5;1
21939;5;3
21940;5;1
21941;5;3
21942;5;3
21943;5;4
21944;5;1
21945;5;3
21946;5;1
21947;5;1
21948;5;4
21949;5;1
21950;5;3
21951;5;1
21952;5;3
21953;5;4
21954;5;3
21955;5;4
21956;5;1
21957;5;4
21958;5;1
21959;5;3
21960;5;4
21961;5;4
21962;5;2
21963;5;3
21964;5;3
21965;5;1
21966;5;3
21967;5;3
21968;5;4
21969;5;4
21970;5;3
21971;5;3
21972;5;3
21973;5;3
21974;5;4
21975;5;3
21976;5;4
21977;5;3
21978;5;3
21979;5;1
21980;5;1
21981;5;1
21982;5;4
21983;5;1
21984;5;4
21985;5;3
21986;5;3
21987;5;4
21988;5;3
21989;5;3
21990;5;3
21991;5;1
21992;5;4
21993;5;4
21994;5;3
21995;5;3
21996;5;3
21997;5;4
21998;5;3
21999;5;3
22000;5;1
22001;5;1
22002;5;3
22003;5;4
22004;5;3
22005;5;3
22006;5;4
22007;5;1
22008;5;3
22009;5;2
22010;5;1
22011;5;3
22012;5;4
22013;5;4
22014;5;3
22015;5;4
22016;5;4
22017;5;3
22018;5;3
22019;5;4
22020;5;1
22021;5;1
22022;5;4
22023;5;4
22024;5;3
22025;5;3
22026;5;4
22027;5;4
22028;5;3
22029;5;4
22030;5;1
22031;5;3
22032;5;3
22033;5;3
22034;5;1
22035;5;3
22036;5;3
22037;5;4
22038;5;4
22039;5;3
22040;5;4
22041;5;3
22042;5;3
22043;5;4
22044;5;4
22045;5;3
22046;5;4
22047;5;1
22048;5;1
22049;5;3
22050;5;4
22051;5;1
22052;5;3
22053;5;3
22054;5;3
22055;5;3
22056;5;3
22057;5;3
22058;5;1
22059;5;4
22060;5;4
22061;5;3
22062;5;3
22063;5;4
22064;5;3
22065;5;4
22066;5;4
22067;5;4
22068;5;4
22069;5;4
22070;5;3
22071;5;3
22072;5;1
22073;5;4
22074;5;3
22075;5;3
22076;5;4
22077;5;1
22078;5;3
22079;5;4
22080;5;3
22081;5;4
22082;5;4
22083;5;3
22084;5;4
22085;5;4
22086;5;4
22087;5;4
22088;5;3
22089;5;4
22090;5;3
22091;5;3
22092;5;1
22093;5;3
22094;5;4
22095;5;4
22096;5;3
22097;5;3
22098;5;3
22099;5;3
22100;5;4
22101;5;1
22102;5;3
22103;5;3
22104;5;4
22105;5;4
22106;5;1
22107;5;1
22108;5;3
22109;5;4
22110;5;4
22111;5;3
22112;5;3
22113;5;4
22114;5;1
22115;5;3
22116;5;1
22117;5;3
22118;5;3
22119;5;1
22120;5;4
22121;5;1
22122;5;4
22123;5;1
22124;5;1
22125;5;4
22126;5;1
22127;5;4
22128;5;1
22129;5;4
22130;5;1
22131;5;3
22132;5;4
22133;5;4
22134;5;4
22135;5;4
22136;5;4
22137;5;3
22138;5;3
22139;5;1
22140;5;1
22141;5;1
22142;5;1
22143;5;1
22144;5;4
22145;5;1
22146;5;3
22147;5;1
22148;5;4
22149;5;1
22150;5;4
22151;5;4
22152;5;1
22153;5;3
22154;5;1
22155;5;4
22156;5;1
22157;5;4
22158;5;1
22159;5;4
22160;5;3
22161;5;4
22162;5;3
22163;5;1
22164;5;1
22165;5;3
22166;5;3
22167;5;1
22168;5;3
22169;5;4
22170;5;1
22171;5;1
22172;5;4
22173;5;4
22174;5;4
22175;5;1
22176;5;3
22177;5;3
22178;5;1
22179;5;1
22180;5;4
22181;5;1
22182;5;4
22183;5;4
22184;5;2
22185;5;1
22186;5;3
22187;5;3
22188;5;3
22189;5;1
22190;5;1
22191;5;1
22192;5;4
22193;5;3
22194;5;4
22195;5;3
22196;5;4
22197;5;3
22198;5;3
22199;5;3
22200;5;3
22201;5;4
22202;5;4
22203;5;3
22204;5;3
22205;5;3
22206;5;4
22207;5;3
22208;5;4
22209;5;1
22210;5;4
22211;5;3
22212;5;1
22213;5;1
22214;5;4
22215;5;1
22216;5;4
22217;5;4
22218;5;3
22219;5;3
22220;5;3
22221;5;4
22222;5;4
22223;5;3
22224;5;4
22225;5;3
22226;5;4
22227;5;4
22228;5;4
22229;5;3
22230;5;4
22231;5;1
22232;5;3
22233;5;4
22234;5;1
22235;5;4
22236;5;3
22237;5;3
22238;5;3
22239;5;4
22240;5;3
22241;5;1
22242;5;4
22243;5;1
22244;5;1
22245;5;3
22246;5;4
22247;5;1
22248;5;1
22249;5;4
22250;5;3
22251;5;4
22252;5;1
22253;5;3
22254;5;3
22255;5;4
22256;5;3
22257;5;4
22258;5;1
22259;5;4
22260;5;4
22261;5;3
22262;5;4
22263;5;4
22264;5;1
22265;5;1
22266;5;3
22267;5;3
22268;5;4
22269;5;3
22270;5;4
22271;5;3
22272;5;3
22273;5;4
22274;5;3
22275;5;3
22276;5;1
22277;5;3
22278;5;4
22279;5;3
22280;5;1
22281;5;4
22282;5;3
22283;5;1
22284;5;4
22285;5;4
22286;5;1
22287;5;3
22288;5;3
22289;5;2
22290;5;4
22291;5;4
22292;5;3
22293;5;3
22294;5;1
22295;5;2
22296;5;3
22297;5;4
22298;5;3
22299;5;3
22300;5;1
22301;5;1
22302;5;3
22303;5;1
22304;5;4
22305;5;3
22306;5;3
22307;5;3
22308;5;1
22309;5;1
22310;5;1
22311;5;4
22312;5;4
22313;5;1
22314;5;1
22315;5;1
22316;5;1
22317;5;4
22318;5;2
22319;5;1
22320;5;4
22321;5;4
22322;5;3
22323;5;1
22324;5;3
22325;5;4
22326;5;3
22327;5;4
22328;5;1
22329;5;3
22330;5;1
22331;5;1
22332;5;1
22333;5;3
22334;5;3
22335;5;3
22336;5;1
22337;5;4
22338;5;3
22339;5;2
22340;5;1
22341;5;1
22342;5;3
22343;5;1
22344;5;4
22345;5;1
22346;5;3
22347;5;3
22348;5;3
22349;5;4
22350;5;3
22351;5;3
22352;5;3
22353;5;4
22354;5;4
22355;5;4
22356;5;3
22357;5;4
22358;5;1
22359;5;4
22360;5;3
22361;5;1
22362;5;1
22363;5;3
22364;5;1
22365;5;1
22366;5;3
22367;5;4
22368;5;1
22369;5;3
22370;5;4
22371;5;3
22372;5;4
22373;5;1
22374;5;4
22375;5;4
22376;5;3
22377;5;3
22378;5;1
22379;5;1
22380;5;1
22381;5;1
22382;5;3
22383;5;1
22384;5;4
22385;5;4
22386;5;4
22387;5;4
22388;5;4
22389;5;1
22390;5;1
22391;5;4
22392;5;1
22393;5;1
22394;5;4
22395;5;4
22396;5;1
22397;5;4
22398;5;4
22399;5;1
22400;5;4
22401;5;3
22402;5;1
22403;5;3
22404;5;3
22405;5;1
22406;5;4
22407;5;3
22408;5;3
22409;5;1
22410;5;3
22411;5;4
22412;5;3
22413;5;3
22414;5;4
22415;5;3
22416;5;4
22417;5;3
22418;5;4
22419;5;4
22420;5;3
22421;5;3
22422;5;3
22423;5;1
22424;5;1
22425;5;3
22426;5;4
22427;5;3
22428;5;1
22429;5;4
22430;5;3
22431;5;1
22432;5;1
22433;5;3
22434;5;3
22435;5;3
22436;5;3
22437;5;4
22438;5;1
22439;5;1
22440;5;1
22441;5;3
22442;5;3
22443;5;4
22444;5;3
22445;5;3
22446;5;3
22447;5;4
22448;5;4
22449;5;4
22450;5;1
22451;5;1
22452;5;1
22453;5;4
22454;5;3
22455;5;3
22456;5;1
22457;5;1
22458;5;4
22459;5;1
22460;5;3
22461;5;4
22462;5;1
22463;5;3
22464;5;1
22465;5;4
22466;5;3
22467;5;4
22468;5;4
22469;5;4
22470;5;4
22471;5;3
22472;5;3
22473;5;3
22474;5;4
22475;5;3
22476;5;3
22477;5;4
22478;5;4
22479;5;4
22480;5;1
22481;5;3
22482;5;3
22483;5;3
22484;5;1
22485;5;1
22486;5;3
22487;5;3
22488;5;3
22489;5;2
22490;5;3
22491;5;1
22492;5;3
22493;5;1
22494;5;1
22495;5;3
22496;5;3
22497;5;1
22498;5;3
22499;5;3
22500;5;3
22501;5;1
22502;5;3
22503;5;1
22504;5;3
22505;5;3
22506;5;1
22507;5;1
22508;5;1
22509;5;4
22510;5;1
22511;5;4
22512;5;2
22513;5;1
22514;5;4
22515;5;4
22516;5;3
22517;5;1
22518;5;3
22519;5;3
22520;5;4
22521;5;3
22522;5;3
22523;5;3
22524;5;4
22525;5;3
22526;5;3
22527;5;4
22528;5;3
22529;5;3
22530;5;4
22531;5;3
22532;5;1
22533;5;4
22534;5;4
22535;5;3
22536;5;2
22537;5;1
22538;5;3
22539;5;4
22540;5;3
22541;5;3
22542;5;4
22543;5;4
22544;5;1
22545;5;4
22546;5;1
22547;5;4
22548;5;3
22549;5;3
22550;5;4
22551;5;4
22552;5;4
22553;5;3
22554;5;4
22555;5;1
22556;5;3
22557;5;4
22558;5;4
22559;5;1
22560;5;4
22561;5;4
22562;5;1
22563;5;4
22564;5;2
22565;5;3
22566;5;3
22567;5;4
22568;5;3
22569;5;3
22570;5;3
22571;5;4
22572;5;1
22573;5;4
22574;5;1
22575;5;3
22576;5;1
22577;5;4
22578;5;4
22579;5;3
22580;5;1
22581;5;4
22582;5;4
22583;5;1
22584;5;3
22585;5;3
22586;5;3
22587;5;3
22588;5;4
22589;5;3
22590;5;4
22591;5;1
22592;5;1
22593;5;4
22594;5;3
22595;5;4
22596;5;1
22597;5;4
22598;5;4
22599;5;4
22600;5;4
22601;5;4
22602;5;4
22603;5;4
22604;5;4
22605;5;1
22606;5;1
22607;5;4
22608;5;3
22609;5;4
22610;5;3
22611;5;4
22612;5;4
22613;5;1
22614;5;4
22615;5;4
22616;5;3
22617;5;3
22618;5;4
22619;5;1
22620;5;4
22621;5;4
22622;5;4
22623;5;4
22624;5;4
22625;5;3
22626;5;4
22627;5;2
22628;5;4
22629;5;4
22630;5;4
22631;5;1
22632;5;4
22633;5;1
22634;5;3
22635;5;3
22636;5;4
22637;5;1
22638;5;4
22639;5;4
22640;5;3
22641;5;1
22642;5;3
22643;5;3
22644;5;1
22645;5;3
22646;5;4
22647;5;3
22648;5;1
22649;5;3
22650;5;3
22651;5;1
22652;5;4
22653;5;1
22654;5;4
22655;5;4
22656;5;1
22657;5;3
22658;5;4
22659;5;3
22660;5;4
22661;5;4
22662;5;1
22663;5;3
22664;5;3
22665;5;3
22666;5;1
22667;5;3
22668;5;4
22669;5;3
22670;5;1
22671;5;1
22672;5;4
22673;5;1
22674;5;3
22675;5;4
22676;5;4
22677;5;4
22678;5;3
22679;5;3
22680;5;1
22681;5;4
22682;5;3
22683;5;1
22684;5;3
22685;5;3
22686;5;3
22687;5;4
22688;5;4
22689;5;4
22690;5;4
22691;5;3
22692;5;3
22693;5;3
22694;5;3
22695;5;3
22696;5;4
22697;5;1
22698;5;3
22699;5;4
22700;5;3
22701;5;2
22702;5;2
22703;5;3
22704;5;1
22705;5;3
22706;5;3
22707;5;4
22708;5;4
22709;5;1
22710;5;1
22711;5;4
22712;5;4
22713;5;3
22714;5;1
22715;5;3
22716;5;4
22717;5;1
22718;5;3
22719;5;3
22720;5;1
22721;5;3
22722;5;3
22723;5;4
22724;5;3
22725;5;4
22726;5;1
22727;5;4
22728;5;3
22729;5;4
22730;5;3
22731;5;1
22732;5;3
22733;5;4
22734;5;3
22735;5;4
22736;5;4
22737;5;4
22738;5;1
22739;5;4
22740;5;3
22741;5;4
22742;5;3
22743;5;1
22744;5;4
22745;5;1
22746;5;3
22747;5;4
22748;5;3
22749;5;1
22750;5;3
22751;5;4
22752;5;4
22753;5;3
22754;5;3
22755;5;4
22756;5;3
22757;5;3
22758;5;3
22759;5;4
22760;5;1
22761;5;1
22762;5;3
22763;5;1
22764;5;4
22765;5;4
22766;5;1
22767;5;4
22768;5;3
22769;5;4
22770;5;4
22771;5;1
22772;5;4
22773;5;3
22774;5;4
22775;5;1
22776;5;3
22777;5;3
22778;5;3
22779;5;1
22780;5;2
22781;5;4
22782;5;4
22783;5;3
22784;5;4
22785;5;3
22786;5;1
22787;5;4
22788;5;4
22789;5;3
22790;5;3
22791;5;3
22792;5;4
22793;5;3
22794;5;3
22795;5;3
22796;5;4
22797;5;4
22798;5;1
22799;5;1
22800;5;1
22801;5;4
22802;5;3
22803;5;4
22804;5;4
22805;5;4
22806;5;1
22807;5;1
22808;5;4
22809;5;1
22810;5;3
22811;5;4
22812;5;4
22813;5;3
22814;5;3
22815;5;4
22816;5;4
22817;5;1
22818;5;2
22819;5;4
22820;5;3
22821;5;3
22822;5;3
22823;5;3
22824;5;3
22825;5;4
22826;5;4
22827;5;4
22828;5;3
22829;5;1
22830;5;4
22831;5;3
22832;5;3
22833;5;4
22834;5;3
22835;5;3
22836;5;3
22837;5;4
22838;5;4
22839;5;1
22840;5;3
22841;5;1
22842;5;3
22843;5;3
22844;5;3
22845;5;4
22846;5;1
22847;5;1
22848;5;3
22849;5;1
22850;5;1
22851;5;3
22852;5;3
22853;5;4
22854;5;4
22855;5;4
22856;5;3
22857;5;1
22858;5;1
22859;5;4
22860;5;1
22861;5;1
22862;5;3
22863;5;4
22864;5;1
22865;5;4
22866;5;4
22867;5;4
22868;5;3
22869;5;4
22870;5;4
22871;5;3
22872;5;3
22873;5;4
22874;5;1
22875;5;3
22876;5;4
22877;5;4
22878;5;3
22879;5;4
22880;5;3
22881;5;1
22882;5;1
22883;5;4
22884;5;1
22885;5;4
22886;5;4
22887;5;4
22888;5;3
22889;5;3
22890;5;4
22891;5;1
22892;5;3
22893;5;4
22894;5;4
22895;5;4
22896;5;4
22897;5;1
22898;5;4
22899;5;3
22900;5;4
22901;5;1
22902;5;4
22903;5;4
22904;5;1
22905;5;4
22906;5;1
22907;5;3
22908;5;3
22909;5;4
22910;5;3
22911;5;4
22912;5;1
22913;5;1
22914;5;3
22915;5;3
22916;5;3
22917;5;3
22918;5;4
22919;5;4
22920;5;1
22921;5;3
22922;5;3
22923;5;4
22924;5;4
22925;5;3
22926;5;3
22927;5;1
22928;5;3
22929;5;1
22930;5;1
22931;5;4
22932;5;4
22933;5;1
22934;5;4
22935;5;3
22936;5;1
22937;5;3
22938;5;3
22939;5;3
22940;5;1
22941;5;1
22942;5;4
22943;5;3
22944;5;1
22945;5;4
22946;5;4
22947;5;1
22948;5;4
22949;5;1
22950;5;4
22951;5;4
22952;5;1
22953;5;4
22954;5;3
22955;5;4
22956;5;1
22957;5;4
22958;5;4
22959;5;1
22960;5;3
22961;5;3
22962;5;3
22963;5;2
22964;5;4
22965;5;4
22966;5;1
22967;5;4
22968;5;4
22969;5;1
22970;5;3
22971;5;3
22972;5;3
22973;5;1
22974;5;3
22975;5;3
22976;5;3
22977;5;4
22978;5;1
22979;5;4
22980;5;3
22981;5;4
22982;5;1
22983;5;1
22984;5;1
22985;5;2
22986;5;3
22987;5;1
22988;5;4
22989;5;3
22990;5;4
22991;5;1
22992;5;4
22993;5;4
22994;5;3
22995;5;3
22996;5;3
22997;5;4
22998;5;1
22999;5;3
23000;5;3
23001;5;4
23002;5;3
23003;5;3
23004;5;3
23005;5;3
23006;5;4
23007;5;3
23008;5;3
23009;5;3
23010;5;4
23011;5;3
23012;5;3
23013;5;3
23014;5;1
23015;5;1
23016;5;1
23017;5;4
23018;5;4
23019;5;3
23020;5;4
23021;5;3
23022;5;3
23023;5;3
23024;5;3
23025;5;3
23026;5;2
23027;5;3
23028;5;3
23029;5;3
23030;5;4
23031;5;3
23032;5;3
23033;5;4
23034;5;3
23035;5;4
23036;5;3
23037;5;3
23038;5;3
23039;5;4
23040;5;3
23041;5;1
23042;5;3
23043;5;4
23044;5;3
23045;5;1
23046;5;1
23047;5;3
23048;5;4
23049;5;1
23050;5;1
23051;5;4
23052;5;1
23053;5;1
23054;5;4
23055;5;3
23056;5;4
23057;5;2
23058;5;3
23059;5;2
23060;5;3
23061;5;3
23062;5;3
23063;5;3
23064;5;2
23065;5;3
23066;5;3
23067;5;3
23068;5;4
23069;5;4
23070;5;3
23071;5;3
23072;5;3
23073;5;4
23074;5;3
23075;5;3
23076;5;4
23077;5;1
23078;5;1
23079;5;4
23080;5;3
23081;5;4
23082;5;4
23083;5;4
23084;5;4
23085;5;1
23086;5;4
23087;5;1
23088;5;4
23089;5;4
23090;5;4
23091;5;3
23092;5;4
23093;5;4
23094;5;3
23095;5;4
23096;5;3
23097;5;1
23098;5;3
23099;5;3
23100;5;1
23101;5;1
23102;5;3
23103;5;1
23104;5;2
23105;5;4
23106;5;4
23107;5;3
23108;5;1
23109;5;4
23110;5;3
23111;5;4
23112;5;3
23113;5;4
23114;5;4
23115;5;4
23116;5;4
23117;5;4
23118;5;4
23119;5;4
23120;5;4
23121;5;4
23122;5;4
23123;5;4
23124;5;1
23125;5;1
23126;5;3
23127;5;1
23128;5;3
23129;5;1
23130;5;4
23131;5;4
23132;5;4
23133;5;3
23134;5;1
23135;5;3
23136;5;4
23137;5;4
23138;5;4
23139;5;3
23140;5;3
23141;5;3
23142;5;1
23143;5;1
23144;5;4
23145;5;3
23146;5;4
23147;5;1
23148;5;4
23149;5;3
23150;5;4
23151;5;3
23152;5;4
23153;5;4
23154;5;4
23155;5;1
23156;5;1
23157;5;1
23158;5;3
23159;5;4
23160;5;4
23161;5;4
23162;5;1
23163;5;4
23164;5;1
23165;5;4
23166;5;4
23167;5;1
23168;5;2
23169;5;1
23170;5;1
23171;5;4
23172;5;3
23173;5;3
23174;5;1
23175;5;3
23176;5;3
23177;5;4
23178;5;1
23179;5;4
23180;5;3
23181;5;3
23182;5;1
23183;5;1
23184;5;3
23185;5;4
23186;5;4
23187;5;1
23188;5;1
23189;5;1
23190;5;4
23191;5;4
23192;5;3
23193;5;4
23194;5;3
23195;5;1
23196;5;2
23197;5;3
23198;5;1
23199;5;3
23200;5;4
23201;5;3
23202;5;3
23203;5;4
23204;5;4
23205;5;3
23206;5;3
23207;5;3
23208;5;4
23209;5;3
23210;5;3
23211;5;3
23212;5;3
23213;5;4
23214;5;3
23215;5;1
23216;5;4
23217;5;4
23218;5;3
23219;5;3
23220;5;1
23221;5;4
23222;5;1
23223;5;1
23224;5;4
23225;5;4
23226;5;4
23227;5;4
23228;5;3
23229;5;1
23230;5;4
23231;5;4
23232;5;3
23233;5;3
23234;5;1
23235;5;3
23236;5;1
23237;5;3
23238;5;3
23239;5;4
23240;5;1
23241;5;3
23242;5;3
23243;5;4
23244;5;1
23245;5;3
23246;5;3
23247;5;3
23248;5;1
23249;5;4
23250;5;4
23251;5;3
23252;5;3
23253;5;4
23254;5;1
23255;5;4
23256;5;4
23257;5;3
23258;5;4
23259;5;3
23260;5;3
23261;5;4
23262;5;2
23263;5;4
23264;5;4
23265;5;3
23266;5;3
23267;5;3
23268;5;3
23269;5;1
23270;5;4
23271;5;1
23272;5;1
23273;5;3
23274;5;4
23275;5;4
23276;5;1
23277;5;3
23278;5;1
23279;5;2
23280;5;4
23281;5;3
23282;5;3
23283;5;3
23284;5;4
23285;5;4
23286;5;3
23287;5;3
23288;5;4
23289;5;3
23290;5;4
23291;5;4
23292;5;1
23293;5;1
23294;5;1
23295;5;1
23296;5;4
23297;5;3
23298;5;3
23299;5;4
23300;5;3
23301;5;3
23302;5;4
23303;5;3
23304;5;4
23305;5;4
23306;5;4
23307;5;4
23308;5;4
23309;5;4
23310;5;3
23311;5;4
23312;5;4
23313;5;1
23314;5;4
23315;5;4
23316;5;4
23317;5;1
23318;5;1
23319;5;4
23320;5;1
23321;5;4
23322;5;4
23323;5;4
23324;5;1
23325;5;3
23326;5;3
23327;5;3
23328;5;1
23329;5;4
23330;5;4
23331;5;3
23332;5;3
23333;5;1
23334;5;4
23335;5;4
23336;5;1
23337;5;1
23338;5;4
23339;5;1
23340;5;3
23341;5;3
23342;5;3
23343;5;4
23344;5;1
23345;5;3
23346;5;4
23347;5;1
23348;5;4
23349;5;3
23350;5;4
23351;5;4
23352;5;1
23353;5;4
23354;5;3
23355;5;1
23356;5;3
23357;5;2
23358;5;4
23359;5;1
23360;5;1
23361;5;4
23362;5;3
23363;5;4
23364;5;1
23365;5;4
23366;5;1
23367;5;1
23368;5;1
23369;5;1
23370;5;4
23371;5;1
23372;5;4
23373;5;4
23374;5;3
23375;5;4
23376;5;3
23377;5;1
23378;5;3
23379;5;1
23380;5;1
23381;5;1
23382;5;4
23383;5;1
23384;5;4
23385;5;1
23386;5;3
23387;5;4
23388;5;1
23389;5;4
23390;5;4
23391;5;3
23392;5;3
23393;5;4
23394;5;4
23395;5;1
23396;5;1
23397;5;3
23398;5;4
23399;5;1
23400;5;3
23401;5;1
23402;5;3
23403;5;4
23404;5;4
23405;5;4
23406;5;4
23407;5;4
23408;5;1
23409;5;1
23410;5;3
23411;5;1
23412;5;4
23413;5;4
23414;5;4
23415;5;1
23416;5;4
23417;5;1
23418;5;4
23419;5;4
23420;5;1
23421;5;4
23422;5;4
23423;5;4
23424;5;3
23425;5;4
23426;5;4
23427;5;4
23428;5;3
23429;5;1
23430;5;4
23431;5;3
23432;5;3
23433;5;3
23434;5;1
23435;5;3
23436;5;4
23437;5;4
23438;5;1
23439;5;3
23440;5;1
23441;5;2
23442;5;3
23443;5;3
23444;5;3
23445;5;3
23446;5;3
23447;5;3
23448;5;3
23449;5;4
23450;5;3
23451;5;4
23452;5;3
23453;5;4
23454;5;4
23455;5;3
23456;5;3
23457;5;1
23458;5;4
23459;5;4
23460;5;4
23461;5;3
23462;5;4
23463;5;3
23464;5;4
23465;5;3
23466;5;3
23467;5;3
23468;5;3
23469;5;4
23470;5;4
23471;5;3
23472;5;4
23473;5;3
23474;5;3
23475;5;4
23476;5;4
23477;5;4
23478;5;3
23479;5;3
23480;5;3
23481;5;1
23482;5;1
23483;5;3
23484;5;4
23485;5;3
23486;5;4
23487;5;1
23488;5;4
23489;5;3
23490;5;4
23491;5;2
23492;5;1
23493;5;1
23494;5;1
23495;5;4
23496;5;3
23497;5;1
23498;5;4
23499;5;4
23500;5;3
23501;5;3
23502;5;4
23503;5;4
23504;5;3
23505;5;1
23506;5;3
23507;5;4
23508;5;1
23509;5;3
23510;5;3
23511;5;4
23512;5;3
23513;5;3
23514;5;3
23515;5;4
23516;5;4
23517;5;3
23518;5;1
23519;5;4
23520;5;1
23521;5;1
23522;5;3
23523;5;1
23524;5;3
23525;5;1
23526;5;1
23527;5;1
23528;5;3
23529;5;4
23530;5;4
23531;5;4
23532;5;1
23533;5;1
23534;5;2
23535;5;3
23536;5;1
23537;5;3
23538;5;3
23539;5;1
23540;5;1
23541;5;4
23542;5;4
23543;5;4
23544;5;4
23545;5;4
23546;5;4
23547;5;4
23548;5;4
23549;5;3
23550;5;4
23551;5;1
23552;5;4
23553;5;4
23554;5;4
23555;5;3
23556;5;1
23557;5;4
23558;5;4
23559;5;1
23560;5;3
23561;5;1
23562;5;1
23563;5;4
23564;5;4
23565;5;4
23566;5;1
23567;5;3
23568;5;3
23569;5;3
23570;5;4
23571;5;1
23572;5;4
23573;5;4
23574;5;1
23575;5;1
23576;5;4
23577;5;4
23578;5;4
23579;5;3
23580;5;1
23581;5;3
23582;5;4
23583;5;1
23584;5;4
23585;5;3
23586;5;1
23587;5;4
23588;5;4
23589;5;1
23590;5;1
23591;5;1
23592;5;4
23593;5;1
23594;5;4
23595;5;1
23596;5;4
23597;5;4
23598;5;3
23599;5;3
23600;5;3
23601;5;3
23602;5;4
23603;5;3
23604;5;3
23605;5;4
23606;5;4
23607;5;3
23608;5;1
23609;5;1
23610;5;2
23611;5;4
23612;5;1
23613;5;4
23614;5;4
23615;5;1
23616;5;3
23617;5;3
23618;5;4
23619;5;3
23620;5;1
23621;5;3
23622;5;1
23623;5;1
23624;5;1
23625;5;4
23626;5;1
23627;5;4
23628;5;1
23629;5;1
23630;5;3
23631;5;3
23632;5;1
23633;5;1
23634;5;3
23635;5;4
23636;5;1
23637;5;4
23638;5;1
23639;5;3
23640;5;4
23641;5;4
23642;5;4
23643;5;3
23644;5;3
23645;5;4
23646;5;4
23647;5;4
23648;5;4
23649;5;3
23650;5;3
23651;5;4
23652;5;1
23653;5;1
23654;5;1
23655;5;3
23656;5;1
23657;5;4
23658;5;3
23659;5;4
23660;5;4
23661;5;3
23662;5;1
23663;5;3
23664;5;3
23665;5;4
23666;5;4
23667;5;3
23668;5;4
23669;5;1
23670;5;1
23671;5;3
23672;5;3
23673;5;4
23674;5;3
23675;5;1
23676;5;4
23677;5;3
23678;5;4
23679;5;3
23680;5;1
23681;5;4
23682;5;4
23683;5;1
23684;5;3
23685;5;3
23686;5;3
23687;5;1
23688;5;3
23689;5;1
23690;5;1
23691;5;3
23692;5;3
23693;5;1
23694;5;4
23695;5;4
23696;5;4
23697;5;4
23698;5;4
23699;5;3
23700;5;3
23701;5;3
23702;5;2
23703;5;1
23704;5;1
23705;5;4
23706;5;4
23707;5;4
23708;5;4
23709;5;1
23710;5;4
23711;5;3
23712;5;4
23713;5;3
23714;5;1
23715;5;2
23716;5;4
23717;5;3
23718;5;4
23719;5;1
23720;5;3
23721;5;1
23722;5;1
23723;5;1
23724;5;3
23725;5;4
23726;5;4
23727;5;4
23728;5;4
23729;5;3
23730;5;2
23731;5;1
23732;5;3
23733;5;4
23734;5;4
23735;5;3
23736;5;4
23737;5;3
23738;5;1
23739;5;3
23740;5;1
23741;5;3
23742;5;3
23743;5;4
23744;5;4
23745;5;3
23746;5;3
23747;5;3
23748;5;1
23749;5;3
23750;5;4
23751;5;3
23752;5;3
23753;5;3
23754;5;1
23755;5;4
23756;5;1
23757;5;4
23758;5;1
23759;5;1
23760;5;1
23761;5;1
23762;5;4
23763;5;3
23764;5;4
23765;5;3
23766;5;4
23767;5;1
23768;5;3
23769;5;3
23770;5;3
23771;5;4
23772;5;1
23773;5;3
23774;5;1
23775;5;1
23776;5;1
23777;5;1
23778;5;1
23779;5;3
23780;5;1
23781;5;1
23782;5;3
23783;5;4
23784;5;1
23785;5;4
23786;5;1
23787;5;4
23788;5;3
23789;5;3
23790;5;4
23791;5;4
23792;5;2
23793;5;3
23794;5;4
23795;5;1
23796;5;4
23797;5;4
23798;5;4
23799;5;3
23800;5;1
23801;5;3
23802;5;1
23803;5;3
23804;5;4
23805;5;1
23806;5;1
23807;5;1
23808;5;4
23809;5;4
23810;5;4
23811;5;3
23812;5;4
23813;5;3
23814;5;3
23815;5;3
23816;5;1
23817;5;3
23818;5;1
23819;5;4
23820;5;1
23821;5;4
23822;5;4
23823;5;4
23824;5;3
23825;5;3
23826;5;3
23827;5;3
23828;5;3
23829;5;1
23830;5;1
23831;5;1
23832;5;1
23833;5;2
23834;5;1
23835;5;4
23836;5;3
23837;5;3
23838;5;3
23839;5;4
23840;5;3
23841;5;3
23842;5;1
23843;5;4
23844;5;1
23845;5;4
23846;5;1
23847;5;1
23848;5;1
23849;5;1
23850;5;4
23851;5;4
23852;5;4
23853;5;1
23854;5;3
23855;5;4
23856;5;4
23857;5;4
23858;5;3
23859;5;3
23860;5;4
23861;5;3
23862;5;1
23863;5;4
23864;5;1
23865;5;3
23866;5;4
23867;5;3
23868;5;1
23869;5;3
23870;5;3
23871;5;4
23872;5;4
23873;5;4
23874;5;1
23875;5;1
23876;5;3
23877;5;1
23878;5;1
23879;5;3
23880;5;3
23881;5;3
23882;5;1
23883;5;3
23884;5;3
23885;5;3
23886;5;3
23887;5;1
23888;5;4
23889;5;3
23890;5;3
23891;5;1
23892;5;1
23893;5;4
23894;5;3
23895;5;3
23896;5;4
23897;5;1
23898;5;3
23899;5;3
23900;5;1
23901;5;1
23902;5;4
23903;5;4
23904;5;1
23905;5;1
23906;5;4
23907;5;1
23908;5;4
23909;5;4
23910;5;1
23911;5;1
23912;5;3
23913;5;3
23914;5;4
23915;5;4
23916;5;3
23917;5;4
23918;5;3
23919;5;1
23920;5;3
23921;5;3
23922;5;4
23923;5;1
23924;5;1
23925;5;3
23926;5;3
23927;5;3
23928;5;4
23929;5;1
23930;5;3
23931;5;4
23932;5;4
23933;5;4
23934;5;3
23935;5;3
23936;5;1
23937;5;4
23938;5;3
23939;5;4
23940;5;3
23941;5;4
23942;5;2
23943;5;3
23944;5;4
23945;5;4
23946;5;1
23947;5;4
23948;5;1
23949;5;4
23950;5;1
23951;5;4
23952;5;4
23953;5;3
23954;5;4
23955;5;3
23956;5;3
23957;5;3
23958;5;4
23959;5;1
23960;5;1
23961;5;4
23962;5;4
23963;5;1
23964;5;3
23965;5;4
23966;5;4
23967;5;3
23968;5;1
23969;5;1
23970;5;3
23971;5;3
23972;5;3
23973;5;4
23974;5;4
23975;5;4
23976;5;3
23977;5;1
23978;5;3
23979;5;3
23980;5;1
23981;5;3
23982;5;3
23983;5;3
23984;5;3
23985;5;3
23986;5;3
23987;5;2
23988;5;3
23989;5;4
23990;5;3
23991;5;3
23992;5;3
23993;5;3
23994;5;3
23995;5;4
23996;5;4
23997;5;4
23998;5;3
23999;5;3
24000;5;4
24001;5;3
24002;5;1
24003;5;3
24004;5;3
24005;5;4
24006;5;1
24007;5;3
24008;5;3
24009;5;3
24010;5;4
24011;5;4
24012;5;4
24013;5;3
24014;5;3
24015;5;4
24016;5;4
24017;5;3
24018;5;1
24019;5;1
24020;5;1
24021;5;4
24022;5;1
24023;5;3
24024;5;3
24025;5;1
24026;5;3
24027;5;1
24028;5;1
24029;5;1
24030;5;4
24031;5;1
24032;5;4
24033;5;4
24034;5;3
24035;5;4
24036;5;3
24037;5;4
24038;5;4
24039;5;3
24040;5;4
24041;5;4
24042;5;4
24043;5;4
24044;5;4
24045;5;1
24046;5;1
24047;5;1
24048;5;1
24049;5;3
24050;5;1
24051;5;1
24052;5;4
24053;5;3
24054;5;1
24055;5;4
24056;5;3
24057;5;1
24058;5;3
24059;5;4
24060;5;1
24061;5;1
24062;5;3
24063;5;4
24064;5;3
24065;5;3
24066;5;4
24067;5;1
24068;5;4
24069;5;3
24070;5;1
24071;5;4
24072;5;4
24073;5;4
24074;5;4
24075;5;3
24076;5;3
24077;5;3
24078;5;4
24079;5;4
24080;5;1
24081;5;1
24082;5;4
24083;5;4
24084;5;4
24085;5;1
24086;5;3
24087;5;3
24088;5;4
24089;5;1
24090;5;4
24091;5;4
24092;5;3
24093;5;4
24094;5;4
24095;5;1
24096;5;4
24097;5;3
24098;5;4
24099;5;4
24100;5;1
24101;5;3
24102;5;4
24103;5;3
24104;5;4
24105;5;3
24106;5;4
24107;5;3
24108;5;4
24109;5;1
24110;5;4
24111;5;4
24112;5;1
24113;5;4
24114;5;4
24115;5;1
24116;5;3
24117;5;4
24118;5;1
24119;5;1
24120;5;1
24121;5;1
24122;5;4
24123;5;4
24124;5;4
24125;5;4
24126;5;3
24127;5;1
24128;5;2
24129;5;1
24130;5;4
24131;5;4
24132;5;3
24133;5;3
24134;5;4
24135;5;4
24136;5;4
24137;5;4
24138;5;4
24139;5;4
24140;5;1
24141;5;3
24142;5;3
24143;5;1
24144;5;3
24145;5;3
24146;5;1
24147;5;3
24148;5;4
24149;5;4
24150;5;1
24151;5;1
24152;5;1
24153;5;3
24154;5;1
24155;5;3
24156;5;4
24157;5;3
24158;5;4
24159;5;3
24160;5;3
24161;5;3
24162;5;3
24163;5;3
24164;5;1
24165;5;1
24166;5;3
24167;5;3
24168;5;4
24169;5;4
24170;5;4
24171;5;3
24172;5;3
24173;5;3
24174;5;2
24175;5;4
24176;5;4
24177;5;3
24178;5;4
24179;5;1
24180;5;3
24181;5;4
24182;5;4
24183;5;1
24184;5;3
24185;5;3
24186;5;4
24187;5;4
24188;5;1
24189;5;1
24190;5;1
24191;5;3
24192;5;1
24193;5;4
24194;5;1
24195;5;3
24196;5;3
24197;5;4
24198;5;4
24199;5;4
24200;5;3
24201;5;3
24202;5;1
24203;5;3
24204;5;3
24205;5;3
24206;5;1
24207;5;1
24208;5;1
24209;5;1
24210;5;1
24211;5;3
24212;5;4
24213;5;3
24214;5;3
24215;5;4
24216;5;4
24217;5;4
24218;5;1
24219;5;4
24220;5;4
24221;5;1
24222;5;4
24223;5;1
24224;5;4
24225;5;3
24226;5;1
24227;5;4
24228;5;1
24229;5;4
24230;5;3
24231;5;4
24232;5;1
24233;5;4
24234;5;1
24235;5;4
24236;5;1
24237;5;4
24238;5;3
24239;5;3
24240;5;3
24241;5;3
24242;5;4
24243;5;3
24244;5;4
24245;5;4
24246;5;3
24247;5;4
24248;5;1
24249;5;3
24250;5;3
24251;5;1
24252;5;4
24253;5;4
24254;5;3
24255;5;1
24256;5;3
24257;5;4
24258;5;1
24259;5;4
24260;5;4
24261;5;3
24262;5;3
24263;5;4
24264;5;1
24265;5;4
24266;5;4
24267;5;4
24268;5;1
24269;5;3
24270;5;1
24271;5;4
24272;5;3
24273;5;1
24274;5;1
24275;5;3
24276;5;1
24277;5;4
24278;5;4
24279;5;1
24280;5;2
24281;5;1
24282;5;4
24283;5;1
24284;5;3
24285;5;4
24286;5;2
24287;5;4
24288;5;3
24289;5;3
24290;5;4
24291;5;4
24292;5;4
24293;5;3
24294;5;4
24295;5;3
24296;5;1
24297;5;3
24298;5;4
24299;5;4
24300;5;1
24301;5;3
24302;5;3
24303;5;3
24304;5;4
24305;5;3
24306;5;3
24307;5;3
24308;5;3
24309;5;4
24310;5;3
24311;5;4
24312;5;2
24313;5;1
24314;5;1
24315;5;4
24316;5;1
24317;5;3
24318;5;3
24319;5;3
24320;5;4
24321;5;3
24322;5;4
24323;5;1
24324;5;3
24325;5;4
24326;5;1
24327;5;4
24328;5;1
24329;5;4
24330;5;2
24331;5;4
24332;5;1
24333;5;3
24334;5;1
24335;5;1
24336;5;1
24337;5;4
24338;5;3
24339;5;3
24340;5;3
24341;5;4
24342;5;4
24343;5;4
24344;5;4
24345;5;3
24346;5;4
24347;5;3
24348;5;4
24349;5;1
24350;5;3
24351;5;4
24352;5;4
24353;5;4
24354;5;3
24355;5;1
24356;5;3
24357;5;1
24358;5;1
24359;5;1
24360;5;1
24361;5;3
24362;5;1
24363;5;4
24364;5;2
24365;5;4
24366;5;3
24367;5;1
24368;5;1
24369;5;4
24370;5;4
24371;5;4
24372;5;3
24373;5;3
24374;5;4
24375;5;3
24376;5;4
24377;5;1
24378;5;3
24379;5;2
24380;5;3
24381;5;4
24382;5;3
24383;5;3
24384;5;4
24385;5;4
24386;5;4
24387;5;1
24388;5;4
24389;5;3
24390;5;3
24391;5;3
24392;5;1
24393;5;3
24394;5;4
24395;5;4
24396;5;1
24397;5;1
24398;5;3
24399;5;3
24400;5;3
24401;5;4
24402;5;4
24403;5;3
24404;5;4
24405;5;3
24406;5;3
24407;5;3
24408;5;1
24409;5;3
24410;5;3
24411;5;3
24412;5;4
24413;5;1
24414;5;4
24415;5;3
24416;5;1
24417;5;4
24418;5;3
24419;5;3
24420;5;3
24421;5;4
24422;5;4
24423;5;4
24424;5;3
24425;5;4
24426;5;4
24427;5;4
24428;5;1
24429;5;4
24430;5;3
24431;5;4
24432;5;3
24433;5;4
24434;5;4
24435;5;2
24436;5;1
24437;5;1
24438;5;4
24439;5;4
24440;5;4
24441;5;3
24442;5;1
24443;5;4
24444;5;4
24445;5;3
24446;5;4
24447;5;4
24448;5;3
24449;5;1
24450;5;3
24451;5;1
24452;5;3
24453;5;4
24454;5;4
24455;5;1
24456;5;3
24457;5;4
24458;5;1
24459;5;3
24460;5;4
24461;5;3
24462;5;4
24463;5;3
24464;5;1
24465;5;1
24466;5;3
24467;5;4
24468;5;4
24469;5;3
24470;5;4
24471;5;3
24472;5;3
24473;5;3
24474;5;3
24475;5;3
24476;5;3
24477;5;1
24478;5;3
24479;5;3
24480;5;1
24481;5;1
24482;5;1
24483;5;4
24484;5;1
24485;5;1
24486;5;3
24487;5;3
24488;5;4
24489;5;3
24490;5;1
24491;5;1
24492;5;3
24493;5;1
24494;5;3
24495;5;1
24496;5;4
24497;5;4
24498;5;3
24499;5;1
24500;5;4
24501;5;4
24502;5;4
24503;5;4
24504;5;4
24505;5;4
24506;5;4
24507;5;4
24508;5;4
24509;5;4
24510;5;4
24511;5;1
24512;5;1
24513;5;4
24514;5;4
24515;5;1
24516;5;1
24517;5;3
24518;5;1
24519;5;1
24520;5;1
24521;5;4
24522;5;4
24523;5;4
24524;5;3
24525;5;1
24526;5;1
24527;5;1
24528;5;4
24529;5;3
24530;5;4
24531;5;1
24532;5;1
24533;5;1
24534;5;3
24535;5;1
24536;5;3
24537;5;3
24538;5;1
24539;5;1
24540;5;1
24541;5;4
24542;5;3
24543;5;4
24544;5;1
24545;5;4
24546;5;3
24547;5;1
24548;5;4
24549;5;3
24550;5;4
24551;5;3
24552;5;3
24553;5;3
24554;5;4
24555;5;4
24556;5;1
24557;5;3
24558;5;4
24559;5;3
24560;5;4
24561;5;4
24562;5;1
24563;5;3
24564;5;4
24565;5;4
24566;5;3
24567;5;3
24568;5;1
24569;5;1
24570;5;3
24571;5;3
24572;5;1
24573;5;3
24574;5;4
24575;5;4
24576;5;1
24577;5;4
24578;5;4
24579;5;3
24580;5;1
24581;5;4
24582;5;1
24583;5;4
24584;5;4
24585;5;3
24586;5;1
24587;5;1
24588;5;3
24589;5;4
24590;5;4
24591;5;4
24592;5;3
24593;5;3
24594;5;1
24595;5;3
24596;5;1
24597;5;3
24598;5;4
24599;5;3
24600;5;1
24601;5;3
24602;5;3
24603;5;3
24604;5;3
24605;5;4
24606;5;1
24607;5;4
24608;5;1
24609;5;1
24610;5;3
24611;5;4
24612;5;3
24613;5;3
24614;5;4
24615;5;4
24616;5;3
24617;5;3
24618;5;3
24619;5;2
24620;5;3
24621;5;4
24622;5;1
24623;5;3
24624;5;1
24625;5;4
24626;5;3
24627;5;4
24628;5;1
24629;5;4
24630;5;4
24631;5;1
24632;5;3
24633;5;3
24634;5;3
24635;5;4
24636;5;3
24637;5;1
24638;5;3
24639;5;3
24640;5;2
24641;5;3
24642;5;4
24643;5;4
24644;5;4
24645;5;4
24646;5;4
24647;5;1
24648;5;4
24649;5;1
24650;5;3
24651;5;4
24652;5;3
24653;5;3
24654;5;1
24655;5;4
24656;5;3
24657;5;3
24658;5;3
24659;5;4
24660;5;4
24661;5;3
24662;5;3
24663;5;1
24664;5;1
24665;5;3
24666;5;4
24667;5;4
24668;5;2
24669;5;3
24670;5;3
24671;5;4
24672;5;4
24673;5;3
24674;5;3
24675;5;4
24676;5;1
24677;5;3
24678;5;3
24679;5;1
24680;5;4
24681;5;1
24682;5;4
24683;5;4
24684;5;4
24685;5;4
24686;5;4
24687;5;3
24688;5;3
24689;5;1
24690;5;4
24691;5;3
24692;5;3
24693;5;3
24694;5;1
24695;5;2
24696;5;4
24697;5;4
24698;5;3
24699;5;3
24700;5;1
24701;5;3
24702;5;4
24703;5;3
24704;5;4
24705;5;3
24706;5;1
24707;5;3
24708;5;3
24709;5;3
24710;5;3
24711;5;1
24712;5;3
24713;5;1
24714;5;4
24715;5;1
24716;5;3
24717;5;4
24718;5;4
24719;5;1
24720;5;1
24721;5;1
24722;5;1
24723;5;3
24724;5;4
24725;5;4
24726;5;4
24727;5;3
24728;5;4
24729;5;4
24730;5;1
24731;5;4
24732;5;4
24733;5;1
24734;5;1
24735;5;3
24736;5;3
24737;5;4
24738;5;3
24739;5;1
24740;5;3
24741;5;1
24742;5;4
24743;5;3
24744;5;1
24745;5;3
24746;5;1
24747;5;4
24748;5;4
24749;5;3
24750;5;1
24751;5;3
24752;5;1
24753;5;4
24754;5;3
24755;5;4
24756;5;1
24757;5;3
24758;5;3
24759;5;1
24760;5;3
24761;5;3
24762;5;4
24763;5;1
24764;5;1
24765;5;1
24766;5;1
24767;5;3
24768;5;4
24769;5;1
24770;5;4
24771;5;4
24772;5;4
24773;5;4
24774;5;4
24775;5;4
24776;5;3
24777;5;3
24778;5;3
24779;5;3
24780;5;3
24781;5;4
24782;5;3
24783;5;2
24784;5;3
24785;5;3
24786;5;4
24787;5;3
24788;5;1
24789;5;3
24790;5;3
24791;5;1
24792;5;4
24793;5;1
24794;5;1
24795;5;4
24796;5;3
24797;5;1
24798;5;2
24799;5;3
24800;5;4
24801;5;3
24802;5;1
24803;5;3
24804;5;3
24805;5;3
24806;5;1
24807;5;3
24808;5;1
24809;5;3
24810;5;3
24811;5;3
24812;5;3
24813;5;3
24814;5;4
24815;5;3
24816;5;3
24817;5;3
24818;5;3
24819;5;3
24820;5;3
24821;5;3
24822;5;3
24823;5;4
24824;5;3
24825;5;3
24826;5;3
24827;5;1
24828;5;3
24829;5;1
24830;5;3
24831;5;4
24832;5;4
24833;5;3
24834;5;4
24835;5;4
24836;5;4
24837;5;4
24838;5;1
24839;5;4
24840;5;4
24841;5;3
24842;5;3
24843;5;4
24844;5;1
24845;5;1
24846;5;1
24847;5;3
24848;5;4
24849;5;1
24850;5;1
24851;5;1
24852;5;4
24853;5;4
24854;5;4
24855;5;1
24856;5;3
24857;5;1
24858;5;4
24859;5;3
24860;5;3
24861;5;1
24862;5;3
24863;5;4
24864;5;3
24865;5;1
24866;5;4
24867;5;1
24868;5;3
24869;5;3
24870;5;4
24871;5;4
24872;5;1
24873;5;1
24874;5;4
24875;5;4
24876;5;3
24877;5;4
24878;5;3
24879;5;3
24880;5;3
24881;5;1
24882;5;4
24883;5;1
24884;5;4
24885;5;3
24886;5;3
24887;5;2
24888;5;3
24889;5;4
24890;5;4
24891;5;1
24892;5;4
24893;5;1
24894;5;3
24895;5;4
24896;5;3
24897;5;1
24898;5;4
24899;5;4
24900;5;3
24901;5;3
24902;5;3
24903;5;3
24904;5;3
24905;5;3
24906;5;1
24907;5;1
24908;5;4
24909;5;4
24910;5;1
24911;5;3
24912;5;1
24913;5;4
24914;5;4
24915;5;1
24916;5;3
24917;5;3
24918;5;3
24919;5;1
24920;5;4
24921;5;3
24922;5;4
24923;5;1
24924;5;4
24925;5;3
24926;5;4
24927;5;4
24928;5;4
24929;5;3
24930;5;3
24931;5;3
24932;5;1
24933;5;4
24934;5;4
24935;5;3
24936;5;3
24937;5;3
24938;5;3
24939;5;4
24940;5;3
24941;5;4
24942;5;4
24943;5;4
24944;5;4
24945;5;3
24946;5;4
24947;5;3
24948;5;4
24949;5;1
24950;5;4
24951;5;3
24952;5;4
24953;5;3
24954;5;3
24955;5;3
24956;5;3
24957;5;3
24958;5;4
24959;5;3
24960;5;4
24961;5;3
24962;5;3
24963;5;3
24964;5;3
24965;5;1
24966;5;1
24967;5;1
24968;5;4
24969;5;3
24970;5;1
24971;5;4
24972;5;4
24973;5;4
24974;5;1
24975;5;4
24976;5;4
24977;5;4
24978;5;3
24979;5;1
24980;5;4
24981;5;1
24982;5;3
24983;5;1
24984;5;3
24985;5;1
24986;5;3
24987;5;1
24988;5;1
24989;5;4
24990;5;4
24991;5;1
24992;5;4
24993;5;1
24994;5;3
24995;5;4
24996;5;4
24997;5;3
24998;5;1
24999;5;3
25000;5;3
25001;5;1
25002;5;1
25003;5;1
25004;5;4
25005;5;4
25006;5;4
25007;5;4
25008;5;4
25009;5;4
25010;5;4
25011;5;4
25012;5;4
25013;5;4
25014;5;4
25015;5;4
25016;5;3
25017;5;3
25018;5;4
25019;5;1
25020;5;4
25021;5;4
25022;5;3
25023;5;3
25024;5;4
25025;5;3
25026;5;3
25027;5;3
25028;5;3
25029;5;3
25030;5;3
25031;5;3
25032;5;3
25033;5;3
25034;5;4
25035;5;4
25036;5;3
25037;5;3
25038;5;1
25039;5;1
25040;5;3
25041;5;3
25042;5;3
25043;5;3
25044;5;3
25045;5;3
25046;5;1
25047;5;3
25048;5;1
25049;5;3
25050;5;3
25051;5;3
25052;5;3
25053;5;3
25054;5;3
25055;5;3
25056;5;3
25057;5;3
25058;5;3
25059;5;3
25060;5;4
25061;5;2
25062;5;3
25063;5;3
25064;5;4
25065;5;1
25066;5;4
25067;5;3
25068;5;3
25069;5;1
25070;5;3
25071;5;3
25072;5;4
25073;5;4
25074;5;4
25075;5;4
25076;5;1
25077;5;4
25078;5;3
25079;5;3
25080;5;4
25081;5;1
25082;5;4
25083;5;3
25084;5;4
25085;5;4
25086;5;4
25087;5;3
25088;5;3
25089;5;3
25090;5;1
25091;5;1
25092;5;3
25093;5;2
25094;5;3
25095;5;1
25096;5;4
25097;5;4
25098;5;3
25099;5;2
25100;5;3
25101;5;1
25102;5;4
25103;5;3
25104;5;3
25105;5;3
25106;5;3
25107;5;3
25108;5;3
25109;5;1
25110;5;1
25111;5;4
25112;5;1
25113;5;1
25114;5;1
25115;5;3
25116;5;1
25117;5;4
25118;5;1
25119;5;1
25120;5;3
25121;5;4
25122;5;3
25123;5;1
25124;5;4
25125;5;2
25126;5;1
25127;5;1
25128;5;1
25129;5;1
25130;5;3
25131;5;1
25132;5;4
25133;5;4
25134;5;1
25135;5;3
25136;5;3
25137;5;3
25138;5;4
25139;5;1
25140;5;3
25141;5;1
25142;5;4
25143;5;3
25144;5;3
25145;5;1
25146;5;3
25147;5;3
25148;5;3
25149;5;1
25150;5;4
25151;5;4
25152;5;4
25153;5;4
25154;5;3
25155;5;3
25156;5;3
25157;5;3
25158;5;3
25159;5;4
25160;5;4
25161;5;1
25162;5;1
25163;5;3
25164;5;1
25165;5;1
25166;5;1
25167;5;4
25168;5;4
25169;5;3
25170;5;2
25171;5;4
25172;5;4
25173;5;1
25174;5;4
25175;5;3
25176;5;3
25177;5;3
25178;5;3
25179;5;3
25180;5;3
25181;5;3
25182;5;3
25183;5;3
25184;5;3
25185;5;1
25186;5;1
25187;5;3
25188;5;3
25189;5;1
25190;5;2
25191;5;4
25192;5;3
25193;5;4
25194;5;4
25195;5;4
25196;5;3
25197;5;1
25198;5;3
25199;5;3
25200;5;3
25201;5;4
25202;5;3
25203;5;1
25204;5;3
25205;5;4
25206;5;4
25207;5;3
25208;5;4
25209;5;1
25210;5;3
25211;5;4
25212;5;4
25213;5;3
25214;5;1
25215;5;1
25216;5;4
25217;5;4
25218;5;4
25219;5;3
25220;5;2
25221;5;3
25222;5;4
25223;5;3
25224;5;1
25225;5;4
25226;5;3
25227;5;3
25228;5;1
25229;5;4
25230;5;3
25231;5;3
25232;5;3
25233;5;3
25234;5;3
25235;5;1
25236;5;3
25237;5;3
25238;5;3
25239;5;4
25240;5;3
25241;5;4
25242;5;4
25243;5;3
25244;5;4
25245;5;4
25246;5;3
25247;5;3
25248;5;3
25249;5;3
25250;5;3
25251;5;3
25252;5;3
25253;5;4
25254;5;3
25255;5;3
25256;5;4
25257;5;1
25258;5;3
25259;5;4
25260;5;4
25261;5;3
25262;5;3
25263;5;1
25264;5;3
25265;5;3
25266;5;3
25267;5;3
25268;5;3
25269;5;3
25270;5;4
25271;5;3
25272;5;3
25273;5;4
25274;5;3
25275;5;3
25276;5;4
25277;5;1
25278;5;1
25279;5;3
25280;5;3
25281;5;1
25282;5;3
25283;5;4
25284;5;3
25285;5;4
25286;5;4
25287;5;4
25288;5;2
25289;5;4
25290;5;4
25291;5;1
25292;5;3
25293;5;4
25294;5;3
25295;5;1
25296;5;3
25297;5;3
25298;5;3
25299;5;3
25300;5;3
25301;5;1
25302;5;4
25303;5;4
25304;5;4
25305;5;1
25306;5;3
25307;5;3
25308;5;4
25309;5;4
25310;5;4
25311;5;3
25312;5;1
25313;5;3
25314;5;3
25315;5;4
25316;5;3
25317;5;3
25318;5;1
25319;5;3
25320;5;4
25321;5;1
25322;5;4
25323;5;1
25324;5;1
25325;5;4
25326;5;3
25327;5;1
25328;5;3
25329;5;2
25330;5;1
25331;5;4
25332;5;3
25333;5;1
25334;5;4
25335;5;1
25336;5;1
25337;5;4
25338;5;1
25339;5;1
25340;5;1
25341;5;1
25342;5;4
25343;5;3
25344;5;4
25345;5;3
25346;5;4
25347;5;4
25348;5;4
25349;5;4
25350;5;4
25351;5;4
25352;5;3
25353;5;4
25354;5;3
25355;5;3
25356;5;3
25357;5;1
25358;5;3
25359;5;1
25360;5;4
25361;5;1
25362;5;4
25363;5;3
25364;5;3
25365;5;3
25366;5;3
25367;5;3
25368;5;4
25369;5;3
25370;5;3
25371;5;3
25372;5;3
25373;5;3
25374;5;3
25375;5;3
25376;5;1
25377;5;4
25378;5;3
25379;5;4
25380;5;1
25381;5;4
25382;5;1
25383;5;4
25384;5;3
25385;5;3
25386;5;4
25387;5;3
25388;5;3
25389;5;4
25390;5;4
25391;5;4
25392;5;4
25393;5;4
25394;5;3
25395;5;3
25396;5;3
25397;5;3
25398;5;3
25399;5;3
25400;5;3
25401;5;4
25402;5;1
25403;5;3
25404;5;4
25405;5;3
25406;5;1
25407;5;4
25408;5;3
25409;5;1
25410;5;3
25411;5;4
25412;5;3
25413;5;3
25414;5;3
25415;5;4
25416;5;1
25417;5;1
25418;5;4
25419;5;1
25420;5;4
25421;5;3
25422;5;3
25423;5;3
25424;5;3
25425;5;3
25426;5;4
25427;5;1
25428;5;4
25429;5;4
25430;5;4
25431;5;3
25432;5;4
25433;5;4
25434;5;3
25435;5;3
25436;5;4
25437;5;3
25438;5;3
25439;5;4
25440;5;3
25441;5;3
25442;5;1
25443;5;1
25444;5;3
25445;5;3
25446;5;3
25447;5;3
25448;5;4
25449;5;3
25450;5;1
25451;5;4
25452;5;3
25453;5;3
25454;5;4
25455;5;4
25456;5;4
25457;5;1
25458;5;4
25459;5;1
25460;5;3
25461;5;3
25462;5;3
25463;5;4
25464;5;3
25465;5;1
25466;5;3
25467;5;4
25468;5;4
25469;5;3
25470;5;4
25471;5;4
25472;5;4
25473;5;3
25474;5;4
25475;5;3
25476;5;4
25477;5;3
25478;5;2
25479;5;3
25480;5;4
25481;5;4
25482;5;1
25483;5;3
25484;5;4
25485;5;1
25486;5;3
25487;5;1
25488;5;3
25489;5;3
25490;5;4
25491;5;4
25492;5;3
25493;5;3
25494;5;3
25495;5;3
25496;5;1
25497;5;4
25498;5;4
25499;5;4
25500;5;1
25501;5;4
25502;5;4
25503;5;3
25504;5;3
25505;5;3
25506;5;4
25507;5;4
25508;5;4
25509;5;3
25510;5;3
25511;5;3
25512;5;3
25513;5;3
25514;5;1
25515;5;3
25516;5;4
25517;5;4
25518;5;3
25519;5;3
25520;5;4
25521;5;4
25522;5;4
25523;5;3
25524;5;1
25525;5;3
25526;5;4
25527;5;4
25528;5;1
25529;5;3
25530;5;4
25531;5;4
25532;5;3
25533;5;1
25534;5;4
25535;5;1
25536;5;4
25537;5;4
25538;5;4
25539;5;2
25540;5;3
25541;5;1
25542;5;1
25543;5;3
25544;5;3
25545;5;3
25546;5;1
25547;5;3
25548;5;3
25549;5;4
25550;5;4
25551;5;3
25552;5;3
25553;5;1
25554;5;3
25555;5;3
25556;5;4
25557;5;2
25558;5;4
25559;5;3
25560;5;3
25561;5;3
25562;5;1
25563;5;4
25564;5;4
25565;5;3
25566;5;1
25567;5;3
25568;5;3
25569;5;4
25570;5;4
25571;5;3
25572;5;3
25573;5;3
25574;5;4
25575;5;3
25576;5;4
25577;5;4
25578;5;4
25579;5;3
25580;5;1
25581;5;4
25582;5;4
25583;5;4
25584;5;4
25585;5;1
25586;5;4
25587;5;3
25588;5;3
25589;5;3
25590;5;4
25591;5;1
25592;5;3
25593;5;4
25594;5;4
25595;5;3
25596;5;3
25597;5;3
25598;5;3
25599;5;1
25600;5;1
25601;5;3
25602;5;4
25603;5;3
25604;5;4
25605;5;1
25606;5;4
25607;5;3
25608;5;4
25609;5;1
25610;5;3
25611;5;4
25612;5;4
25613;5;4
25614;5;4
25615;5;3
25616;5;3
25617;5;1
25618;5;4
25619;5;3
25620;5;3
25621;5;4
25622;5;1
25623;5;1
25624;5;3
25625;5;3
25626;5;3
25627;5;3
25628;5;3
25629;5;4
25630;5;3
25631;5;3
25632;5;4
25633;5;3
25634;5;3
25635;5;1
25636;5;1
25637;5;1
25638;5;3
25639;5;4
25640;5;1
25641;5;4
25642;5;4
25643;5;4
25644;5;3
25645;5;4
25646;5;3
25647;5;1
25648;5;3
25649;5;1
25650;5;4
25651;5;3
25652;5;3
25653;5;3
25654;5;4
25655;5;3
25656;5;3
25657;5;3
25658;5;4
25659;5;3
25660;5;1
25661;5;4
25662;5;1
25663;5;3
25664;5;3
25665;5;3
25666;5;3
25667;5;1
25668;5;3
25669;5;4
25670;5;3
25671;5;4
25672;5;3
25673;5;3
25674;5;3
25675;5;3
25676;5;3
25677;5;3
25678;5;4
25679;5;3
25680;5;1
25681;5;1
25682;5;1
25683;5;1
25684;5;4
25685;5;1
25686;5;4
25687;5;3
25688;5;4
25689;5;4
25690;5;1
25691;5;1
25692;5;2
25693;5;1
25694;5;4
25695;5;3
25696;5;4
25697;5;4
25698;5;1
25699;5;1
25700;5;4
25701;5;4
25702;5;3
25703;5;4
25704;5;4
25705;5;4
25706;5;4
25707;5;4
25708;5;4
25709;5;3
25710;5;3
25711;5;1
25712;5;1
25713;5;4
25714;5;4
25715;5;1
25716;5;1
25717;5;4
25718;5;1
25719;5;1
25720;5;1
25721;5;3
25722;5;1
25723;5;4
25724;5;3
25725;5;1
25726;5;3
25727;5;1
25728;5;1
25729;5;4
25730;5;1
25731;5;1
25732;5;1
25733;5;3
25734;5;3
25735;5;4
25736;5;4
25737;5;1
25738;5;4
25739;5;4
25740;5;4
25741;5;1
25742;5;4
25743;5;4
25744;5;4
25745;5;4
25746;5;4
25747;5;3
25748;5;3
25749;5;4
25750;5;2
25751;5;3
25752;5;4
25753;5;1
25754;5;1
25755;5;2
25756;5;4
25757;5;3
25758;5;4
25759;5;4
25760;5;3
25761;5;1
25762;5;4
25763;5;3
25764;5;1
25765;5;3
25766;5;3
25767;5;4
25768;5;3
25769;5;4
25770;5;3
25771;5;1
25772;5;4
25773;5;4
25774;5;4
25775;5;4
25776;5;1
25777;5;4
25778;5;3
25779;5;1
25780;5;3
25781;5;3
25782;5;4
25783;5;4
25784;5;3
25785;5;3
25786;5;3
25787;5;3
25788;5;3
25789;5;3
25790;5;1
25791;5;4
25792;5;1
25793;5;1
25794;5;3
25795;5;4
25796;5;3
25797;5;4
25798;5;3
25799;5;1
25800;5;3
25801;5;3
25802;5;3
25803;5;1
25804;5;4
25805;5;4
25806;5;3
25807;5;3
25808;5;3
25809;5;1
25810;5;3
25811;5;3
25812;5;1
25813;5;1
25814;5;4
25815;5;4
25816;5;1
25817;5;4
25818;5;4
25819;5;1
25820;5;4
25821;5;1
25822;5;4
25823;5;4
25824;5;1
25825;5;1
25826;5;3
25827;5;2
25828;5;3
25829;5;1
25830;5;3
25831;5;4
25832;5;3
25833;5;3
25834;5;1
25835;5;4
25836;5;4
25837;5;1
25838;5;4
25839;5;3
25840;5;3
25841;5;3
25842;5;4
25843;5;1
25844;5;3
25845;5;4
25846;5;3
25847;5;1
25848;5;4
25849;5;4
25850;5;3
25851;5;1
25852;5;1
25853;5;3
25854;5;4
25855;5;3
25856;5;1
25857;5;1
25858;5;1
25859;5;4
25860;5;2
25861;5;3
25862;5;4
25863;5;3
25864;5;4
25865;5;3
25866;5;3
25867;5;1
25868;5;3
25869;5;3
25870;5;4
25871;5;3
25872;5;2
25873;5;1
25874;5;3
25875;5;1
25876;5;1
25877;5;4
25878;5;1
25879;5;1
25880;5;1
25881;5;4
25882;5;3
25883;5;4
25884;5;4
25885;5;3
25886;5;1
25887;5;1
25888;5;3
25889;5;1
25890;5;1
25891;5;4
25892;5;3
25893;5;3
25894;5;3
25895;5;1
25896;5;1
25897;5;4
25898;5;1
25899;5;3
25900;5;3
25901;5;3
25902;5;3
25903;5;4
25904;5;4
25905;5;3
25906;5;3
25907;5;3
25908;5;4
25909;5;4
25910;5;3
25911;5;1
25912;5;3
25913;5;3
25914;5;3
25915;5;3
25916;5;4
25917;5;1
25918;5;3
25919;5;4
25920;5;1
25921;5;3
25922;5;3
25923;5;3
25924;5;4
25925;5;3
25926;5;3
25927;5;4
25928;5;1
25929;5;4
25930;5;1
25931;5;4
25932;5;1
25933;5;4
25934;5;1
25935;5;3
25936;5;4
25937;5;4
25938;5;1
25939;5;3
25940;5;4
25941;5;4
25942;5;4
25943;5;4
25944;5;4
25945;5;1
25946;5;1
25947;5;4
25948;5;1
25949;5;4
25950;5;4
25951;5;4
25952;5;3
25953;5;2
25954;5;4
25955;5;4
25956;5;4
25957;5;1
25958;5;3
25959;5;1
25960;5;1
25961;5;1
25962;5;4
25963;5;1
25964;5;1
25965;5;4
25966;5;3
25967;5;4
25968;5;3
25969;5;1
25970;5;3
25971;5;4
25972;5;4
25973;5;4
25974;5;4
25975;5;3
25976;5;3
25977;5;3
25978;5;3
25979;5;4
25980;5;3
25981;5;1
25982;5;3
25983;5;3
25984;5;4
25985;5;4
25986;5;1
25987;5;3
25988;5;3
25989;5;1
25990;5;3
25991;5;3
25992;5;3
25993;5;3
25994;5;4
25995;5;4
25996;5;4
25997;5;1
25998;5;4
25999;5;1
26000;5;4
26001;5;1
26002;5;1
26003;5;4
26004;5;1
26005;5;3
26006;5;1
26007;5;3
26008;5;3
26009;5;1
26010;5;4
26011;5;3
26012;5;1
26013;5;4
26014;5;1
26015;5;4
26016;5;4
26017;5;1
26018;5;4
26019;5;1
26020;5;1
26021;5;4
26022;5;4
26023;5;3
26024;5;4
26025;5;2
26026;5;3
26027;5;4
26028;5;3
26029;5;1
26030;5;1
26031;5;4
26032;5;1
26033;5;3
26034;5;3
26035;5;4
26036;5;3
26037;5;4
26038;5;4
26039;5;3
26040;5;1
26041;5;1
26042;5;1
26043;5;1
26044;5;3
26045;5;3
26046;5;4
26047;5;4
26048;5;4
26049;5;3
26050;5;1
26051;5;3
26052;5;1
26053;5;1
26054;5;1
26055;5;1
26056;5;4
26057;5;1
26058;5;1
26059;5;4
26060;5;2
26061;5;1
26062;5;4
26063;5;4
26064;5;1
26065;5;1
26066;5;2
26067;5;3
26068;5;3
26069;5;4
26070;5;1
26071;5;1
26072;5;3
26073;5;4
26074;5;4
26075;5;4
26076;5;1
26077;5;4
26078;5;4
26079;5;3
26080;5;4
26081;5;3
26082;5;3
26083;5;4
26084;5;4
26085;5;3
26086;5;4
26087;5;1
26088;5;3
26089;5;1
26090;5;3
26091;5;4
26092;5;3
26093;5;1
26094;5;1
26095;5;1
26096;5;4
26097;5;1
26098;5;3
26099;5;3
26100;5;3
26101;5;1
26102;5;3
26103;5;3
26104;5;1
26105;5;3
26106;5;1
26107;5;1
26108;5;3
26109;5;3
26110;5;3
26111;5;3
26112;5;1
26113;5;3
26114;5;1
26115;5;4
26116;5;3
26117;5;1
26118;5;4
26119;5;3
26120;5;1
26121;5;1
26122;5;1
26123;5;3
26124;5;3
26125;5;3
26126;5;1
26127;5;3
26128;5;3
26129;5;4
26130;5;3
26131;5;4
26132;5;3
26133;5;4
26134;5;3
26135;5;4
26136;5;4
26137;5;4
26138;5;3
26139;5;3
26140;5;3
26141;5;1
26142;5;3
26143;5;4
26144;5;3
26145;5;3
26146;5;3
26147;5;3
26148;5;2
26149;5;3
26150;5;3
26151;5;4
26152;5;3
26153;5;3
26154;5;3
26155;5;1
26156;5;1
26157;5;1
26158;5;1
26159;5;1
26160;5;4
26161;5;1
26162;5;1
26163;5;3
26164;5;4
26165;5;1
26166;5;4
26167;5;4
26168;5;4
26169;5;1
26170;5;4
26171;5;1
26172;5;3
26173;5;4
26174;5;4
26175;5;4
26176;5;1
26177;5;1
26178;5;4
26179;5;4
26180;5;4
26181;5;3
26182;5;4
26183;5;4
26184;5;4
26185;5;4
26186;5;1
26187;5;1
26188;5;1
26189;5;1
26190;5;1
26191;5;1
26192;5;4
26193;5;4
26194;5;4
26195;5;3
26196;5;1
26197;5;3
26198;5;4
26199;5;4
26200;5;3
26201;5;1
26202;5;4
26203;5;3
26204;5;3
26205;5;4
26206;5;3
26207;5;4
26208;5;4
26209;5;3
26210;5;4
26211;5;4
26212;5;4
26213;5;1
26214;5;3
26215;5;1
26216;5;4
26217;5;1
26218;5;1
26219;5;1
26220;5;3
26221;5;1
26222;5;4
26223;5;3
26224;5;4
26225;5;4
26226;5;4
26227;5;4
26228;5;4
26229;5;1
26230;5;3
26231;5;4
26232;5;1
26233;5;1
26234;5;4
26235;5;3
26236;5;3
26237;5;3
26238;5;3
26239;5;3
26240;5;4
26241;5;3
26242;5;1
26243;5;1
26244;5;1
26245;5;3
26246;5;4
26247;5;4
26248;5;1
26249;5;1
26250;5;3
26251;5;3
26252;5;3
26253;5;1
26254;5;4
26255;5;1
26256;5;3
26257;5;4
26258;5;3
26259;5;3
26260;5;4
26261;5;3
26262;5;3
26263;5;3
26264;5;4
26265;5;3
26266;5;1
26267;5;3
26268;5;1
26269;5;4
26270;5;3
26271;5;3
26272;5;3
26273;5;3
26274;5;1
26275;5;3
26276;5;1
26277;5;3
26278;5;4
26279;5;1
26280;5;3
26281;5;4
26282;5;3
26283;5;3
26284;5;4
26285;5;3
26286;5;3
26287;5;4
26288;5;3
26289;5;4
26290;5;1
26291;5;3
26292;5;1
26293;5;4
26294;5;3
26295;5;3
26296;5;3
26297;5;4
26298;5;4
26299;5;4
26300;5;4
26301;5;4
26302;5;4
26303;5;4
26304;5;4
26305;5;4
26306;5;3
26307;5;3
26308;5;4
26309;5;3
26310;5;4
26311;5;4
26312;5;1
26313;5;3
26314;5;3
26315;5;3
26316;5;3
26317;5;3
26318;5;3
26319;5;3
26320;5;1
26321;5;4
26322;5;3
26323;5;4
26324;5;1
26325;5;1
26326;5;1
26327;5;2
26328;5;4
26329;5;4
26330;5;1
26331;5;1
26332;5;4
26333;5;1
26334;5;3
26335;5;1
26336;5;2
26337;5;3
26338;5;1
26339;5;4
26340;5;1
26341;5;3
26342;5;2
26343;5;1
26344;5;4
26345;5;1
26346;5;4
26347;5;1
26348;5;4
26349;5;1
26350;5;3
26351;5;4
26352;5;1
26353;5;1
26354;5;4
26355;5;1
26356;5;1
26357;5;2
26358;5;1
26359;5;1
26360;5;2
26361;5;3
26362;5;3
26363;5;1
26364;5;3
26365;5;4
26366;5;4
26367;5;1
26368;5;3
26369;5;2
26370;5;3
26371;5;3
26372;5;3
26373;5;1
26374;5;3
26375;5;3
26376;5;4
26377;5;3
26378;5;4
26379;5;4
26380;5;4
26381;5;3
26382;5;4
26383;5;4
26384;5;1
26385;5;4
26386;5;1
26387;5;4
26388;5;4
26389;5;1
26390;5;4
26391;5;4
26392;5;3
26393;5;1
26394;5;4
26395;5;4
26396;5;4
26397;5;4
26398;5;4
26399;5;3
26400;5;3
26401;5;1
26402;5;3
26403;5;1
26404;5;3
26405;5;4
26406;5;1
26407;5;1
26408;5;1
26409;5;4
26410;5;3
26411;5;1
26412;5;3
26413;5;3
26414;5;3
26415;5;4
26416;5;1
26417;5;3
26418;5;4
26419;5;4
26420;5;4
26421;5;4
26422;5;4
26423;5;3
26424;5;4
26425;5;4
26426;5;4
26427;5;2
26428;5;1
26429;5;4
26430;5;4
26431;5;1
26432;5;4
26433;5;3
26434;5;3
26435;5;3
26436;5;1
26437;5;4
26438;5;1
26439;5;4
26440;5;4
26441;5;1
26442;5;1
26443;5;1
26444;5;4
26445;5;1
26446;5;4
26447;5;4
26448;5;4
26449;5;3
26450;5;3
26451;5;4
26452;5;4
26453;5;1
26454;5;3
26455;5;4
26456;5;1
26457;5;1
26458;5;1
26459;5;3
26460;5;1
26461;5;2
26462;5;2
26463;5;1
26464;5;4
26465;5;4
26466;5;4
26467;5;4
26468;5;1
26469;5;3
26470;5;1
26471;5;1
26472;5;4
26473;5;2
26474;5;4
26475;5;3
26476;5;3
26477;5;3
26478;5;4
26479;5;3
26480;5;3
26481;5;3
26482;5;3
26483;5;1
26484;5;3
26485;5;3
26486;5;4
26487;5;3
26488;5;2
26489;5;4
26490;5;3
26491;5;4
26492;5;4
26493;5;3
26494;5;4
26495;5;1
26496;5;3
26497;5;3
26498;5;1
26499;5;4
26500;5;3
26501;5;4
26502;5;4
26503;5;4
26504;5;4
26505;5;4
26506;5;4
26507;5;3
26508;5;1
26509;5;4
26510;5;1
26511;5;3
26512;5;4
26513;5;4
26514;5;4
26515;5;4
26516;5;1
26517;5;4
26518;5;2
26519;5;1
26520;5;3
26521;5;1
26522;5;1
26523;5;3
26524;5;4
26525;5;4
26526;5;4
26527;5;3
26528;5;3
26529;5;1
26530;5;1
26531;5;4
26532;5;3
26533;5;4
26534;5;3
26535;5;1
26536;5;1
26537;5;3
26538;5;4
26539;5;4
26540;5;4
26541;5;4
26542;5;1
26543;5;1
26544;5;1
26545;5;3
26546;5;1
26547;5;3
26548;5;4
26549;5;4
26550;5;1
26551;5;3
26552;5;1
26553;5;4
26554;5;1
26555;5;4
26556;5;4
26557;5;3
26558;5;1
26559;5;1
26560;5;3
26561;5;1
26562;5;3
26563;5;3
26564;5;3
26565;5;4
26566;5;3
26567;5;1
26568;5;1
26569;5;4
26570;5;4
26571;5;3
26572;5;4
26573;5;4
26574;5;3
26575;5;3
26576;5;3
26577;5;3
26578;5;4
26579;5;3
26580;5;4
26581;5;3
26582;5;1
26583;5;4
26584;5;3
26585;5;3
26586;5;4
26587;5;2
26588;5;1
26589;5;1
26590;5;1
26591;5;1
26592;5;4
26593;5;4
26594;5;4
26595;5;1
26596;5;1
26597;5;3
26598;5;3
26599;5;3
26600;5;4
26601;5;3
26602;5;4
26603;5;4
26604;5;4
26605;5;3
26606;5;4
26607;5;3
26608;5;1
26609;5;1
26610;5;3
26611;5;3
26612;5;4
26613;5;1
26614;5;3
26615;5;3
26616;5;1
26617;5;1
26618;5;3
26619;5;1
26620;5;4
26621;5;3
26622;5;3
26623;5;4
26624;5;3
26625;5;1
26626;5;1
26627;5;1
26628;5;3
26629;5;1
26630;5;3
26631;5;1
26632;5;2
26633;5;1
26634;5;3
26635;5;3
26636;5;3
26637;5;3
26638;5;3
26639;5;4
26640;5;3
26641;5;1
26642;5;1
26643;5;3
26644;5;4
26645;5;3
26646;5;4
26647;5;3
26648;5;3
26649;5;1
26650;5;4
26651;5;4
26652;5;3
26653;5;3
26654;5;3
26655;5;3
26656;5;4
26657;5;3
26658;5;3
26659;5;3
26660;5;3
26661;5;4
26662;5;3
26663;5;1
26664;5;3
26665;5;1
26666;5;3
26667;5;4
26668;5;4
26669;5;1
26670;5;1
26671;5;4
26672;5;1
26673;5;3
26674;5;3
26675;5;4
26676;5;1
26677;5;3
26678;5;3
26679;5;3
26680;5;1
26681;5;4
26682;5;3
26683;5;4
26684;5;1
26685;5;1
26686;5;1
26687;5;1
26688;5;1
26689;5;4
26690;5;1
26691;5;4
26692;5;1
26693;5;1
26694;5;3
26695;5;1
26696;5;4
26697;5;4
26698;5;4
26699;5;4
26700;5;4
26701;5;4
26702;5;4
26703;5;4
26704;5;4
26705;5;4
26706;5;4
26707;5;4
26708;5;4
26709;5;1
26710;5;3
26711;5;3
26712;5;3
26713;5;4
26714;5;1
26715;5;4
26716;5;1
26717;5;3
26718;5;1
26719;5;4
26720;5;1
26721;5;3
26722;5;3
26723;5;4
26724;5;3
26725;5;4
26726;5;3
26727;5;4
26728;5;3
26729;5;3
26730;5;3
26731;5;3
26732;5;3
26733;5;4
26734;5;3
26735;5;4
26736;5;4
26737;5;4
26738;5;1
26739;5;3
26740;5;4
26741;5;4
26742;5;3
26743;5;4
26744;5;1
26745;5;3
26746;5;1
26747;5;1
26748;5;1
26749;5;1
26750;5;4
26751;5;4
26752;5;1
26753;5;4
26754;5;3
26755;5;1
26756;5;3
26757;5;4
26758;5;2
26759;5;3
26760;5;1
26761;5;3
26762;5;1
26763;5;3
26764;5;3
26765;5;1
26766;5;4
26767;5;4
26768;5;4
26769;5;1
26770;5;1
26771;5;3
26772;5;3
26773;5;1
26774;5;1
26775;5;3
26776;5;3
26777;5;1
26778;5;4
26779;5;4
26780;5;2
26781;5;1
26782;5;1
26783;5;3
26784;5;3
26785;5;3
26786;5;1
26787;5;1
26788;5;1
26789;5;3
26790;5;4
26791;5;3
26792;5;3
26793;5;3
26794;5;1
26795;5;4
26796;5;4
26797;5;4
26798;5;4
26799;5;1
26800;5;4
26801;5;4
26802;5;1
26803;5;1
26804;5;4
26805;5;1
26806;5;2
26807;5;3
26808;5;1
26809;5;1
26810;5;3
26811;5;4
26812;5;1
26813;5;3
26814;5;1
26815;5;3
26816;5;3
26817;5;4
26818;5;4
26819;5;1
26820;5;1
26821;5;4
26822;5;1
26823;5;1
26824;5;4
26825;5;1
26826;5;4
26827;5;1
26828;5;4
26829;5;1
26830;5;3
26831;5;4
26832;5;1
26833;5;3
26834;5;1
26835;5;4
26836;5;4
26837;5;3
26838;5;4
26839;5;4
26840;5;3
26841;5;3
26842;5;4
26843;5;3
26844;5;1
26845;5;3
26846;5;1
26847;5;4
26848;5;3
26849;5;1
26850;5;3
26851;5;3
26852;5;3
26853;5;3
26854;5;4
26855;5;3
26856;5;3
26857;5;3
26858;5;2
26859;5;1
26860;5;3
26861;5;4
26862;5;1
26863;5;1
26864;5;1
26865;5;1
26866;5;1
26867;5;4
26868;5;3
26869;5;1
26870;5;4
26871;5;3
26872;5;1
26873;5;3
26874;5;3
26875;5;1
26876;5;4
26877;5;4
26878;5;4
26879;5;1
26880;5;4
26881;5;1
26882;5;1
26883;5;1
26884;5;1
26885;5;3
26886;5;1
26887;5;4
26888;5;1
26889;5;1
26890;5;4
26891;5;1
26892;5;3
26893;5;1
26894;5;1
26895;5;1
26896;5;3
26897;5;1
26898;5;1
26899;5;2
26900;5;4
26901;5;1
26902;5;1
26903;5;3
26904;5;1
26905;5;4
26906;5;1
26907;5;3
26908;5;3
26909;5;4
26910;5;3
26911;5;3
26912;5;3
26913;5;4
26914;5;1
26915;5;3
26916;5;3
26917;5;1
26918;5;3
26919;5;4
26920;5;4
26921;5;3
26922;5;1
26923;5;1
26924;5;4
26925;5;1
26926;5;4
26927;5;1
26928;5;1
26929;5;3
26930;5;1
26931;5;4
26932;5;4
26933;5;4
26934;5;4
26935;5;4
26936;5;4
26937;5;1
26938;5;4
26939;5;3
26940;5;4
26941;5;3
26942;5;4
26943;5;4
26944;5;2
26945;5;3
26946;5;3
26947;5;1
26948;5;1
26949;5;1
26950;5;1
26951;5;1
26952;5;3
26953;5;2
26954;5;4
26955;5;4
26956;5;1
26957;5;1
26958;5;1
26959;5;3
26960;5;4
26961;5;1
26962;5;1
26963;5;2
26964;5;1
26965;5;1
26966;5;3
26967;5;4
26968;5;3
26969;5;3
26970;5;4
26971;5;4
26972;5;4
26973;5;4
26974;5;1
26975;5;4
26976;5;1
26977;5;1
26978;5;3
26979;5;1
26980;5;3
26981;5;4
26982;5;1
26983;5;3
26984;5;4
26985;5;3
26986;5;4
26987;5;4
26988;5;3
26989;5;4
26990;5;1
26991;5;1
26992;5;1
26993;5;3
26994;5;3
26995;5;1
26996;5;1
26997;5;4
26998;5;4
26999;5;3
27000;5;4
27001;5;4
27002;5;4
27003;5;4
27004;5;1
27005;5;4
27006;5;3
27007;5;3
27008;5;1
27009;5;4
27010;5;3
27011;5;3
27012;5;4
27013;5;3
27014;5;3
27015;5;3
27016;5;1
27017;5;4
27018;5;1
27019;5;3
27020;5;4
27021;5;4
27022;5;4
27023;5;1
27024;5;4
27025;5;3
27026;5;1
27027;5;3
27028;5;4
27029;5;1
27030;5;4
27031;5;3
27032;5;3
27033;5;4
27034;5;1
27035;5;4
27036;5;1
27037;5;4
27038;5;3
27039;5;4
27040;5;3
27041;5;3
27042;5;4
27043;5;4
27044;5;1
27045;5;4
27046;5;3
27047;5;3
27048;5;4
27049;5;1
27050;5;3
27051;5;1
27052;5;4
27053;5;1
27054;5;1
27055;5;3
27056;5;3
27057;5;4
27058;5;3
27059;5;3
27060;5;3
27061;5;3
27062;5;3
27063;5;1
27064;5;4
27065;5;3
27066;5;3
27067;5;3
27068;5;4
27069;5;4
27070;5;1
27071;5;3
27072;5;3
27073;5;4
27074;5;4
27075;5;3
27076;5;4
27077;5;3
27078;5;1
27079;5;3
27080;5;1
27081;5;1
27082;5;4
27083;5;3
27084;5;1
27085;5;4
27086;5;4
27087;5;4
27088;5;3
27089;5;1
27090;5;1
27091;5;3
27092;5;4
27093;5;3
27094;5;1
27095;5;1
27096;5;4
27097;5;4
27098;5;1
27099;5;4
27100;5;4
27101;5;1
27102;5;1
27103;5;4
27104;5;1
27105;5;4
27106;5;4
27107;5;4
27108;5;4
27109;5;3
27110;5;4
27111;5;4
27112;5;1
27113;5;3
27114;5;3
27115;5;4
27116;5;4
27117;5;2
27118;5;3
27119;5;3
27120;5;2
27121;5;2
27122;5;2
27123;5;4
27124;5;2
27125;5;4
27126;5;4
27127;5;3
27128;5;4
27129;5;1
27130;5;1
27131;5;2
27132;5;4
27133;5;1
27134;5;3
27135;5;3
27136;5;4
27137;5;3
27138;5;4
27139;5;2
27140;5;2
27141;5;2
27142;5;4
27143;5;1
27144;5;3
27145;5;3
27146;5;4
27147;5;3
27148;5;1
27149;5;4
27150;5;4
27151;5;4
27152;5;1
27153;5;1
27154;5;4
27155;5;4
27156;5;1
27157;5;3
27158;5;1
27159;5;1
27160;5;1
27161;5;4
27162;5;4
27163;5;4
27164;5;4
27165;5;3
27166;5;3
27167;5;3
27168;5;3
27169;5;3
27170;5;3
27171;5;2
27172;5;3
27173;5;1
27174;5;1
27175;5;3
27176;5;4
27177;5;3
27178;5;3
27179;5;1
27180;5;3
27181;5;3
27182;5;1
27183;5;3
27184;5;4
27185;5;4
27186;5;4
27187;5;4
27188;5;4
27189;5;4
27190;5;4
27191;5;4
27192;5;3
27193;5;2
27194;5;4
27195;5;3
27196;5;3
27197;5;4
27198;5;1
27199;5;3
27200;5;4
27201;5;1
27202;5;1
27203;5;3
27204;5;1
27205;5;4
27206;5;4
27207;5;1
27208;5;3
27209;5;4
27210;5;1
27211;5;4
27212;5;3
27213;5;1
27214;5;1
27215;5;1
27216;5;1
27217;5;4
27218;5;3
27219;5;4
27220;5;4
27221;5;4
27222;5;4
27223;5;3
27224;5;1
27225;5;4
27226;5;3
27227;5;3
27228;5;3
27229;5;1
27230;5;4
27231;5;4
27232;5;1
27233;5;3
27234;5;3
27235;5;3
27236;5;3
27237;5;3
27238;5;4
27239;5;3
27240;5;3
27241;5;3
27242;5;4
27243;5;3
27244;5;3
27245;5;3
27246;5;4
27247;5;4
27248;5;3
27249;5;2
27250;5;3
27251;5;1
27252;5;4
27253;5;3
27254;5;3
27255;5;4
27256;5;3
27257;5;1
27258;5;3
27259;5;3
27260;5;4
27261;5;4
27262;5;1
27263;5;1
27264;5;4
27265;5;3
27266;5;4
27267;5;3
27268;5;1
27269;5;3
27270;5;4
27271;5;3
27272;5;4
27273;5;3
27274;5;3
27275;5;1
27276;5;3
27277;5;4
27278;5;4
27279;5;3
27280;5;4
27281;5;1
27282;5;1
27283;5;4
27284;5;3
27285;5;3
27286;5;1
27287;5;4
27288;5;1
27289;5;4
27290;5;3
27291;5;2
27292;5;1
27293;5;4
27294;5;4
27295;5;4
27296;5;3
27297;5;1
27298;5;3
27299;5;3
27300;5;4
27301;5;3
27302;5;3
27303;5;3
27304;5;1
27305;5;3
27306;5;3
27307;5;1
27308;5;3
27309;5;3
27310;5;1
27311;5;3
27312;5;4
27313;5;4
27314;5;3
27315;5;4
27316;5;3
27317;5;3
27318;5;3
27319;5;4
27320;5;4
27321;5;4
27322;5;4
27323;5;1
27324;5;4
27325;5;3
27326;5;3
27327;5;3
27328;5;3
27329;5;3
27330;5;4
27331;5;3
27332;5;4
27333;5;4
27334;5;1
27335;5;3
27336;5;4
27337;5;2
27338;5;1
27339;5;3
27340;5;1
27341;5;4
27342;5;4
27343;5;1
27344;5;4
27345;5;1
27346;5;3
27347;5;3
27348;5;4
27349;5;4
27350;5;4
27351;5;3
27352;5;3
27353;5;4
27354;5;3
27355;5;4
27356;5;4
27357;5;4
27358;5;4
27359;5;4
27360;5;4
27361;5;4
27362;5;1
27363;5;3
27364;5;1
27365;5;1
27366;5;3
27367;5;1
27368;5;3
27369;5;4
27370;5;4
27371;5;1
27372;5;4
27373;5;1
27374;5;1
27375;5;4
27376;5;3
27377;5;4
27378;5;3
27379;5;4
27380;5;3
27381;5;3
27382;5;1
27383;5;4
27384;5;1
27385;5;3
27386;5;3
27387;5;4
27388;5;4
27389;5;1
27390;5;1
27391;5;1
27392;5;4
27393;5;4
27394;5;1
27395;5;4
27396;5;1
27397;5;3
27398;5;1
27399;5;4
27400;5;4
27401;5;4
27402;5;3
27403;5;4
27404;5;1
27405;5;4
27406;5;4
27407;5;1
27408;5;3
27409;5;4
27410;5;3
27411;5;3
27412;5;4
27413;5;4
27414;5;4
27415;5;4
27416;5;1
27417;5;3
27418;5;3
27419;5;3
27420;5;3
27421;5;3
27422;5;4
27423;5;1
27424;5;4
27425;5;4
27426;5;1
27427;5;1
27428;5;4
27429;5;4
27430;5;1
27431;5;1
27432;5;1
27433;5;4
27434;5;1
27435;5;3
27436;5;4
27437;5;4
27438;5;1
27439;5;4
27440;5;4
27441;5;1
27442;5;3
27443;5;4
27444;5;1
27445;5;4
27446;5;3
27447;5;1
27448;5;1
27449;5;3
27450;5;3
27451;5;1
27452;5;3
27453;5;4
27454;5;1
27455;5;1
27456;5;1
27457;5;3
27458;5;4
27459;5;3
27460;5;3
27461;5;3
27462;5;4
27463;5;4
27464;5;1
27465;5;3
27466;5;1
27467;5;3
27468;5;1
27469;5;1
27470;5;1
27471;5;3
27472;5;1
27473;5;3
27474;5;1
27475;5;4
27476;5;1
27477;5;4
27478;5;4
27479;5;3
27480;5;4
27481;5;4
27482;5;4
27483;5;3
27484;5;4
27485;5;3
27486;5;4
27487;5;4
27488;5;4
27489;5;4
27490;5;3
27491;5;3
27492;5;3
27493;5;3
27494;5;3
27495;5;3
27496;5;4
27497;5;4
27498;5;4
27499;5;1
27500;5;4
27501;5;1
27502;5;4
27503;5;3
27504;5;3
27505;5;3
27506;5;3
27507;5;4
27508;5;1
27509;5;1
27510;5;3
27511;5;3
27512;5;3
27513;5;3
27514;5;3
27515;5;4
27516;5;4
27517;5;4
27518;5;1
27519;5;1
27520;5;1
27521;5;3
27522;5;3
27523;5;4
27524;5;4
27525;5;3
27526;5;4
27527;5;3
27528;5;4
27529;5;1
27530;5;3
27531;5;4
27532;5;4
27533;5;3
27534;5;1
27535;5;3
27536;5;4
27537;5;1
27538;5;2
27539;5;4
27540;5;3
27541;5;3
27542;5;3
27543;5;1
27544;5;4
27545;5;3
27546;5;3
27547;5;4
27548;5;3
27549;5;3
27550;5;4
27551;5;4
27552;5;4
27553;5;3
27554;5;4
27555;5;3
27556;5;4
27557;5;3
27558;5;3
27559;5;2
27560;5;1
27561;5;3
27562;5;1
27563;5;1
27564;5;1
27565;5;3
27566;5;1
27567;5;1
27568;5;4
27569;5;4
27570;5;4
27571;5;4
27572;5;1
27573;5;3
27574;5;3
27575;5;1
27576;5;3
27577;5;4
27578;5;1
27579;5;3
27580;5;1
27581;5;3
27582;5;4
27583;5;3
27584;5;3
27585;5;4
27586;5;1
27587;5;3
27588;5;4
27589;5;2
27590;5;4
27591;5;1
27592;5;1
27593;5;3
27594;5;4
27595;5;3
27596;5;1
27597;5;1
27598;5;3
27599;5;3
27600;5;1
27601;5;3
27602;5;4
27603;5;3
27604;5;3
27605;5;3
27606;5;3
27607;5;4
27608;5;4
27609;5;4
27610;5;3
27611;5;4
27612;5;3
27613;5;4
27614;5;4
27615;5;4
27616;5;1
27617;5;1
27618;5;1
27619;5;4
27620;5;1
27621;5;1
27622;5;3
27623;5;1
27624;5;1
27625;5;3
27626;5;1
27627;5;1
27628;5;4
27629;5;1
27630;5;1
27631;5;1
27632;5;4
27633;5;3
27634;5;4
27635;5;1
27636;5;4
27637;5;1
27638;5;3
27639;5;4
27640;5;1
27641;5;4
27642;5;4
27643;5;4
27644;5;4
27645;5;3
27646;5;2
27647;5;1
27648;5;1
27649;5;1
27650;5;4
27651;5;3
27652;5;1
27653;5;4
27654;5;1
27655;5;3
27656;5;1
27657;5;1
27658;5;3
27659;5;1
27660;5;1
27661;5;1
27662;5;1
27663;5;1
27664;5;3
27665;5;1
27666;5;1
27667;5;1
27668;5;1
27669;5;1
27670;5;1
27671;5;3
27672;5;4
27673;5;4
27674;5;4
27675;5;4
27676;5;3
27677;5;3
27678;5;3
27679;5;1
27680;5;4
27681;5;3
27682;5;4
27683;5;4
27684;5;4
27685;5;1
27686;5;1
27687;5;4
27688;5;4
27689;5;3
27690;5;3
27691;5;1
27692;5;3
27693;5;1
27694;5;1
27695;5;4
27696;5;4
27697;5;4
27698;5;4
27699;5;4
27700;5;3
27701;5;3
27702;5;4
27703;5;1
27704;5;4
27705;5;2
27706;5;4
27707;5;4
27708;5;1
27709;5;4
27710;5;3
27711;5;1
27712;5;4
27713;5;3
27714;5;3
27715;5;4
27716;5;3
27717;5;3
27718;5;4
27719;5;1
27720;5;4
27721;5;1
27722;5;1
27723;5;3
27724;5;1
27725;5;3
27726;5;1
27727;5;3
27728;5;3
27729;5;4
27730;5;3
27731;5;3
27732;5;3
27733;5;4
27734;5;3
27735;5;3
27736;5;3
27737;5;3
27738;5;4
27739;5;4
27740;5;2
27741;5;3
27742;5;3
27743;5;4
27744;5;3
27745;5;4
27746;5;3
27747;5;1
27748;5;4
27749;5;1
27750;5;3
27751;5;1
27752;5;1
27753;5;3
27754;5;4
27755;5;3
27756;5;1
27757;5;3
27758;5;3
27759;5;3
27760;5;3
27761;5;1
27762;5;3
27763;5;2
27764;5;1
27765;5;1
27766;5;1
27767;5;3
27768;5;3
27769;5;4
27770;5;3
27771;5;3
27772;5;4
27773;5;1
27774;5;4
27775;5;4
27776;5;3
27777;5;3
27778;5;3
27779;5;4
27780;5;4
27781;5;4
27782;5;1
27783;5;3
27784;5;3
27785;5;4
27786;5;1
27787;5;1
27788;5;3
27789;5;3
27790;5;1
27791;5;3
27792;5;4
27793;5;3
27794;5;3
27795;5;3
27796;5;4
27797;5;3
27798;5;3
27799;5;1
27800;5;3
27801;5;4
27802;5;3
27803;5;1
27804;5;4
27805;5;1
27806;5;1
27807;5;3
27808;5;3
27809;5;3
27810;5;3
27811;5;4
27812;5;4
27813;5;4
27814;5;4
27815;5;4
27816;5;4
27817;5;4
27818;5;4
27819;5;4
27820;5;4
27821;5;4
27822;5;4
27823;5;3
27824;5;1
27825;5;1
27826;5;4
27827;5;4
27828;5;4
27829;5;1
27830;5;3
27831;5;4
27832;5;4
27833;5;1
27834;5;3
27835;5;4
27836;5;4
27837;5;4
27838;5;3
27839;5;1
27840;5;4
27841;5;1
27842;5;3
27843;5;1
27844;5;1
27845;5;3
27846;5;3
27847;5;3
27848;5;3
27849;5;3
27850;5;3
27851;5;3
27852;5;1
27853;5;2
27854;5;1
27855;5;1
27856;5;3
27857;5;1
27858;5;3
27859;5;4
27860;5;3
27861;5;1
27862;5;3
27863;5;4
27864;5;3
27865;5;1
27866;5;4
27867;5;1
27868;5;4
27869;5;4
27870;5;1
27871;5;1
27872;5;1
27873;5;3
27874;5;1
27875;5;3
27876;5;3
27877;5;3
27878;5;3
27879;5;3
27880;5;4
27881;5;3
27882;5;4
27883;5;1
27884;5;3
27885;5;3
27886;5;3
27887;5;3
27888;5;4
27889;5;1
27890;5;3
27891;5;4
27892;5;3
27893;5;4
27894;5;4
27895;5;4
27896;5;3
27897;5;3
27898;5;4
27899;5;3
27900;5;4
27901;5;1
27902;5;3
27903;5;3
27904;5;3
27905;5;4
27906;5;4
27907;5;3
27908;5;3
27909;5;3
27910;5;1
27911;5;3
27912;5;1
27913;5;1
27914;5;4
27915;5;1
27916;5;4
27917;5;4
27918;5;3
27919;5;1
27920;5;4
27921;5;3
27922;5;3
27923;5;4
27924;5;4
27925;5;1
27926;5;1
27927;5;3
27928;5;4
27929;5;1
27930;5;3
27931;5;4
27932;5;4
27933;5;3
27934;5;4
27935;5;3
27936;5;4
27937;5;2
27938;5;2
27939;5;1
27940;5;1
27941;5;3
27942;5;4
27943;5;1
27944;5;4
27945;5;4
27946;5;2
27947;5;3
27948;5;4
27949;5;3
27950;5;4
27951;5;1
27952;5;4
27953;5;4
27954;5;4
27955;5;3
27956;5;4
27957;5;3
27958;5;4
27959;5;4
27960;5;3
27961;5;1
27962;5;3
27963;5;3
27964;5;4
27965;5;1
27966;5;3
27967;5;3
27968;5;3
27969;5;1
27970;5;4
27971;5;4
27972;5;1
27973;5;3
27974;5;1
27975;5;1
27976;5;1
27977;5;4
27978;5;1
27979;5;3
27980;5;1
27981;5;3
27982;5;1
27983;5;3
27984;5;1
27985;5;1
27986;5;1
27987;5;1
27988;5;4
27989;5;3
27990;5;1
27991;5;3
27992;5;3
27993;5;3
27994;5;3
27995;5;3
27996;5;2
27997;5;4
27998;5;3
27999;5;1
28000;5;3
28001;5;3
28002;5;1
28003;5;3
28004;5;1
28005;5;4
28006;5;3
28007;5;3
28008;5;3
28009;5;3
28010;5;1
28011;5;4
28012;5;3
28013;5;3
28014;5;3
28015;5;3
28016;5;4
28017;5;3
28018;5;1
28019;5;1
28020;5;1
28021;5;1
28022;5;1
28023;5;3
28024;5;4
28025;5;3
28026;5;2
28027;5;3
28028;5;3
28029;5;4
28030;5;4
28031;5;3
28032;5;1
28033;5;1
28034;5;4
28035;5;1
28036;5;4
28037;5;1
28038;5;1
28039;5;3
28040;5;3
28041;5;4
28042;5;4
28043;5;3
28044;5;1
28045;5;3
28046;5;3
28047;5;4
28048;5;3
28049;5;3
28050;5;3
28051;5;3
28052;5;4
28053;5;3
28054;5;3
28055;5;3
28056;5;3
28057;5;3
28058;5;3
28059;5;1
28060;5;1
28061;5;3
28062;5;4
28063;5;4
28064;5;3
28065;5;3
28066;5;1
28067;5;1
28068;5;1
28069;5;4
28070;5;1
28071;5;1
28072;5;4
28073;5;4
28074;5;1
28075;5;1
28076;5;1
28077;5;3
28078;5;1
28079;5;1
28080;5;1
28081;5;1
28082;5;4
28083;5;1
28084;5;4
28085;5;3
28086;5;3
28087;5;4
28088;5;1
28089;5;4
28090;5;3
28091;5;1
28092;5;4
28093;5;4
28094;5;4
28095;5;1
28096;5;4
28097;5;3
28098;5;1
28099;5;3
28100;5;1
28101;5;3
28102;5;4
28103;5;4
28104;5;1
28105;5;3
28106;5;1
28107;5;4
28108;5;1
28109;5;1
28110;5;1
28111;5;1
28112;5;1
28113;5;1
28114;5;4
28115;5;3
28116;5;4
28117;5;3
28118;5;1
28119;5;4
28120;5;3
28121;5;4
28122;5;4
28123;5;3
28124;5;3
28125;5;1
28126;5;1
28127;5;4
28128;5;1
28129;5;4
28130;5;3
28131;5;4
28132;5;1
28133;5;1
28134;5;4
28135;5;1
28136;5;1
28137;5;3
28138;5;4
28139;5;4
28140;5;1
28141;5;1
28142;5;3
28143;5;1
28144;5;4
28145;5;4
28146;5;4
28147;5;1
28148;5;4
28149;5;3
28150;5;1
28151;5;1
28152;5;1
28153;5;4
28154;5;3
28155;5;4
28156;5;1
28157;5;1
28158;5;1
28159;5;1
28160;5;3
28161;5;4
28162;5;1
28163;5;4
28164;5;4
28165;5;4
28166;5;3
28167;5;1
28168;5;1
28169;5;1
28170;5;3
28171;5;1
28172;5;4
28173;5;4
28174;5;4
28175;5;1
28176;5;1
28177;5;3
28178;5;3
28179;5;4
28180;5;1
28181;5;1
28182;5;4
28183;5;1
28184;5;4
28185;5;4
28186;5;1
28187;5;4
28188;5;1
28189;5;4
28190;5;1
28191;5;2
28192;5;1
28193;5;3
28194;5;3
28195;5;4
28196;5;4
28197;5;1
28198;5;3
28199;5;3
28200;5;1
28201;5;4
28202;5;1
28203;5;3
28204;5;3
28205;5;1
28206;5;4
28207;5;1
28208;5;4
28209;5;3
28210;5;4
28211;5;1
28212;5;1
28213;5;3
28214;5;4
28215;5;3
28216;5;4
28217;5;3
28218;5;4
28219;5;4
28220;5;3
28221;5;4
28222;5;3
28223;5;3
28224;5;4
28225;5;1
28226;5;1
28227;5;1
28228;5;3
28229;5;1
28230;5;4
28231;5;4
28232;5;3
28233;5;1
28234;5;3
28235;5;3
28236;5;3
28237;5;3
28238;5;3
28239;5;3
28240;5;1
28241;5;3
28242;5;3
28243;5;3
28244;5;1
28245;5;4
28246;5;4
28247;5;4
28248;5;4
28249;5;1
28250;5;3
28251;5;1
28252;5;4
28253;5;3
28254;5;1
28255;5;3
28256;5;4
28257;5;4
28258;5;3
28259;5;3
28260;5;1
28261;5;3
28262;5;1
28263;5;1
28264;5;3
28265;5;3
28266;5;3
28267;5;3
28268;5;1
28269;5;4
28270;5;1
28271;5;3
28272;5;1
28273;5;3
28274;5;3
28275;5;4
28276;5;4
28277;5;3
28278;5;4
28279;5;4
28280;5;4
28281;5;3
28282;5;3
28283;5;1
28284;5;1
28285;5;1
28286;5;1
28287;5;1
28288;5;4
28289;5;4
28290;5;3
28291;5;3
28292;5;1
28293;5;1
28294;5;4
28295;5;1
28296;5;4
28297;5;1
28298;5;3
28299;5;3
28300;5;3
28301;5;3
28302;5;4
28303;5;1
28304;5;4
28305;5;3
28306;5;3
28307;5;3
28308;5;1
28309;5;1
28310;5;4
28311;5;3
28312;5;1
28313;5;1
28314;5;1
28315;5;4
28316;5;1
28317;5;1
28318;5;4
28319;5;3
28320;5;3
28321;5;4
28322;5;1
28323;5;1
28324;5;3
28325;5;4
28326;5;1
28327;5;4
28328;5;4
28329;5;1
28330;5;1
28331;5;2
28332;5;3
28333;5;3
28334;5;3
28335;5;4
28336;5;3
28337;5;3
28338;5;4
28339;5;3
28340;5;4
28341;5;3
28342;5;4
28343;5;4
28344;5;3
28345;5;3
28346;5;3
28347;5;3
28348;5;3
28349;5;4
28350;5;1
28351;5;3
28352;5;3
28353;5;3
28354;5;4
28355;5;3
28356;5;1
28357;5;1
28358;5;4
28359;5;4
28360;5;4
28361;5;3
28362;5;4
28363;5;4
28364;5;4
28365;5;3
28366;5;3
28367;5;3
28368;5;4
28369;5;1
28370;5;3
28371;5;1
28372;5;4
28373;5;2
28374;5;3
28375;5;1
28376;5;4
28377;5;3
28378;5;1
28379;5;4
28380;5;4
28381;5;3
28382;5;3
28383;5;2
28384;5;3
28385;5;3
28386;5;1
28387;5;3
28388;5;1
28389;5;3
28390;5;2
28391;5;3
28392;5;3
28393;5;3
28394;5;1
28395;5;4
28396;5;3
28397;5;3
28398;5;1
28399;5;3
28400;5;3
28401;5;3
28402;5;4
28403;5;1
28404;5;4
28405;5;3
28406;5;4
28407;5;4
28408;5;1
28409;5;4
28410;5;1
28411;5;3
28412;5;4
28413;5;4
28414;5;3
28415;5;1
28416;5;4
28417;5;3
28418;5;4
28419;5;3
28420;5;1
28421;5;1
28422;5;3
28423;5;3
28424;5;1
28425;5;1
28426;5;3
28427;5;3
28428;5;3
28429;5;3
28430;5;3
28431;5;1
28432;5;3
28433;5;1
28434;5;3
28435;5;3
28436;5;1
28437;5;3
28438;5;3
28439;5;4
28440;5;4
28441;5;1
28442;5;1
28443;5;1
28444;5;4
28445;5;4
28446;5;4
28447;5;1
28448;5;3
28449;5;3
28450;5;3
28451;5;1
28452;5;4
28453;5;4
28454;5;4
28455;5;1
28456;5;3
28457;5;3
28458;5;3
28459;5;4
28460;5;4
28461;5;1
28462;5;3
28463;5;4
28464;5;4
28465;5;3
28466;5;4
28467;5;4
28468;5;1
28469;5;1
28470;5;1
28471;5;4
28472;5;1
28473;5;3
28474;5;1
28475;5;3
28476;5;4
28477;5;4
28478;5;1
28479;5;3
28480;5;4
28481;5;1
28482;5;1
28483;5;1
28484;5;3
28485;5;3
28486;5;4
28487;5;3
28488;5;3
28489;5;4
28490;5;3
28491;5;3
28492;5;3
28493;5;4
28494;5;3
28495;5;3
28496;5;3
28497;5;3
28498;5;3
28499;5;4
28500;5;3
28501;5;3
28502;5;3
28503;5;3
28504;5;4
28505;5;1
28506;5;3
28507;5;1
28508;5;1
28509;5;3
28510;5;3
28511;5;3
28512;5;4
28513;5;4
28514;5;3
28515;5;3
28516;5;3
28517;5;2
28518;5;3
28519;5;3
28520;5;1
28521;5;4
28522;5;3
28523;5;4
28524;5;3
28525;5;4
28526;5;3
28527;5;4
28528;5;3
28529;5;3
28530;5;4
28531;5;3
28532;5;1
28533;5;3
28534;5;4
28535;5;3
28536;5;1
28537;5;1
28538;5;4
28539;5;4
28540;5;2
28541;5;1
28542;5;1
28543;5;1
28544;5;3
28545;5;3
28546;5;2
28547;5;1
28548;5;4
28549;5;1
28550;5;1
28551;5;1
28552;5;4
28553;5;1
28554;5;4
28555;5;1
28556;5;1
28557;5;4
28558;5;4
28559;5;3
28560;5;3
28561;5;4
28562;5;4
28563;5;4
28564;5;4
28565;5;1
28566;5;4
28567;5;4
28568;5;1
28569;5;4
28570;5;1
28571;5;4
28572;5;4
28573;5;4
28574;5;4
28575;5;1
28576;5;4
28577;5;3
28578;5;4
28579;5;3
28580;5;3
28581;5;3
28582;5;3
28583;5;1
28584;5;4
28585;5;1
28586;5;4
28587;5;3
28588;5;1
28589;5;1
28590;5;4
28591;5;1
28592;5;4
28593;5;4
28594;5;3
28595;5;1
28596;5;4
28597;5;4
28598;5;4
28599;5;4
28600;5;1
28601;5;3
28602;5;3
28603;5;4
28604;5;1
28605;5;1
28606;5;4
28607;5;4
28608;5;3
28609;5;4
28610;5;4
28611;5;3
28612;5;3
28613;5;4
28614;5;1
28615;5;4
28616;5;3
28617;5;3
28618;5;4
28619;5;3
28620;5;4
28621;5;3
28622;5;4
28623;5;3
28624;5;2
28625;5;4
28626;5;3
28627;5;3
28628;5;4
28629;5;1
28630;5;3
28631;5;3
28632;5;2
28633;5;1
28634;5;2
28635;5;3
28636;5;3
28637;5;4
28638;5;1
28639;5;4
28640;5;4
28641;5;4
28642;5;3
28643;5;4
28644;5;1
28645;5;3
28646;5;3
28647;5;4
28648;5;4
28649;5;4
28650;5;3
28651;5;4
28652;5;1
28653;5;1
28654;5;1
28655;5;1
28656;5;4
28657;5;3
28658;5;4
28659;5;4
28660;5;3
28661;5;4
28662;5;4
28663;5;4
28664;5;1
28665;5;4
28666;5;1
28667;5;2
28668;5;1
28669;5;4
28670;5;3
28671;5;1
28672;5;3
28673;5;4
28674;5;2
28675;5;4
28676;5;3
28677;5;3
28678;5;3
28679;5;4
28680;5;4
28681;5;4
28682;5;1
28683;5;1
28684;5;4
28685;5;3
28686;5;4
28687;5;3
28688;5;3
28689;5;4
28690;5;4
28691;5;1
28692;5;3
28693;5;3
28694;5;3
28695;5;4
28696;5;1
28697;5;4
28698;5;4
28699;5;4
28700;5;4
28701;5;3
28702;5;3
28703;5;4
28704;5;4
28705;5;4
28706;5;3
28707;5;4
28708;5;1
28709;5;3
28710;5;3
28711;5;3
28712;5;4
28713;5;3
28714;5;4
28715;5;2
28716;5;3
28717;5;3
28718;5;4
28719;5;3
28720;5;1
28721;5;1
28722;5;3
28723;5;4
28724;5;4
28725;5;3
28726;5;3
28727;5;3
28728;5;3
28729;5;3
28730;5;4
28731;5;1
28732;5;1
28733;5;1
28734;5;3
28735;5;3
28736;5;3
28737;5;4
28738;5;4
28739;5;4
28740;5;4
28741;5;4
28742;5;4
28743;5;4
28744;5;3
28745;5;1
28746;5;1
28747;5;1
28748;5;2
28749;5;1
28750;5;1
28751;5;4
28752;5;1
28753;5;3
28754;5;1
28755;5;1
28756;5;1
28757;5;4
28758;5;3
28759;5;3
28760;5;2
28761;5;4
28762;5;3
28763;5;3
28764;5;3
28765;5;3
28766;5;4
28767;5;4
28768;5;1
28769;5;3
28770;5;4
28771;5;4
28772;5;3
28773;5;3
28774;5;3
28775;5;4
28776;5;3
28777;5;4
28778;5;4
28779;5;1
28780;5;1
28781;5;1
28782;5;4
28783;5;1
28784;5;1
28785;5;1
28786;5;1
28787;5;1
28788;5;1
28789;5;3
28790;5;4
28791;5;1
28792;5;1
28793;5;3
28794;5;3
28795;5;3
28796;5;1
28797;5;4
28798;5;4
28799;5;3
28800;5;4
28801;5;4
28802;5;3
28803;5;3
28804;5;3
28805;5;1
28806;5;1
28807;5;4
28808;5;1
28809;5;3
28810;5;3
28811;5;3
28812;5;3
28813;5;1
28814;5;1
28815;5;3
28816;5;1
28817;5;1
28818;5;1
28819;5;4
28820;5;4
28821;5;3
28822;5;4
28823;5;3
28824;5;1
28825;5;3
28826;5;3
28827;5;2
28828;5;3
28829;5;3
28830;5;3
28831;5;1
28832;5;1
28833;5;1
28834;5;4
28835;5;3
28836;5;3
28837;5;3
28838;5;3
28839;5;1
28840;5;4
28841;5;1
28842;5;4
28843;5;3
28844;5;1
28845;5;3
28846;5;3
28847;5;4
28848;5;3
28849;5;1
28850;5;1
28851;5;1
28852;5;3
28853;5;3
28854;5;1
28855;5;1
28856;5;1
28857;5;4
28858;5;3
28859;5;4
28860;5;1
28861;5;4
28862;5;4
28863;5;4
28864;5;3
28865;5;4
28866;5;4
28867;5;3
28868;5;1
28869;5;4
28870;5;3
28871;5;3
28872;5;1
28873;5;3
28874;5;1
28875;5;4
28876;5;4
28877;5;1
28878;5;4
28879;5;3
28880;5;3
28881;5;1
28882;5;1
28883;5;3
28884;5;4
28885;5;3
28886;5;3
28887;5;3
28888;5;4
28889;5;1
28890;5;1
28891;5;4
28892;5;3
28893;5;1
28894;5;3
28895;5;1
28896;5;3
28897;5;1
28898;5;3
28899;5;1
28900;5;4
28901;5;1
28902;5;3
28903;5;1
28904;5;4
28905;5;4
28906;5;4
28907;5;3
28908;5;1
28909;5;1
28910;5;1
28911;5;1
28912;5;4
28913;5;1
28914;5;1
28915;5;3
28916;5;3
28917;5;3
28918;5;3
28919;5;1
28920;5;3
28921;5;4
28922;5;1
28923;5;3
28924;5;4
28925;5;1
28926;5;1
28927;5;4
28928;5;1
28929;5;3
28930;5;4
28931;5;1
28932;5;1
28933;5;4
28934;5;3
28935;5;1
28936;5;3
28937;5;4
28938;5;3
28939;5;4
28940;5;4
28941;5;4
28942;5;4
28943;5;4
28944;5;4
28945;5;4
28946;5;4
28947;5;4
28948;5;4
28949;5;3
28950;5;4
28951;5;4
28952;5;3
28953;5;1
28954;5;4
28955;5;2
28956;5;3
28957;5;3
28958;5;1
28959;5;4
28960;5;4
28961;5;3
28962;5;3
28963;5;4
28964;5;4
28965;5;2
28966;5;1
28967;5;3
28968;5;3
28969;5;4
28970;5;4
28971;5;1
28972;5;3
28973;5;4
28974;5;1
28975;5;4
28976;5;4
28977;5;3
28978;5;3
28979;5;4
28980;5;3
28981;5;3
28982;5;1
28983;5;3
28984;5;1
28985;5;4
28986;5;1
28987;5;4
28988;5;3
28989;5;3
28990;5;1
28991;5;1
28992;5;4
28993;5;3
28994;5;3
28995;5;4
28996;5;2
28997;5;1
28998;5;4
28999;5;4
29000;5;3
29001;5;4
29002;5;4
29003;5;4
29004;5;1
29005;5;3
29006;5;1
29007;5;1
29008;5;1
29009;5;1
29010;5;1
29011;5;4
29012;5;1
29013;5;4
29014;5;4
29015;5;1
29016;5;1
29017;5;1
29018;5;1
29019;5;4
29020;5;3
29021;5;3
29022;5;4
29023;5;3
29024;5;3
29025;5;3
29026;5;3
29027;5;1
29028;5;4
29029;5;4
29030;5;1
29031;5;4
29032;5;1
29033;5;4
29034;5;4
29035;5;4
29036;5;2
29037;5;3
29038;5;1
29039;5;1
29040;5;4
29041;5;4
29042;5;4
29043;5;1
29044;5;4
29045;5;1
29046;5;4
29047;5;4
29048;5;4
29049;5;4
29050;5;3
29051;5;4
29052;5;1
29053;5;1
29054;5;3
29055;5;3
29056;5;4
29057;5;4
29058;5;1
29059;5;4
29060;5;4
29061;5;1
29062;5;3
29063;5;3
29064;5;1
29065;5;4
29066;5;4
29067;5;3
29068;5;4
29069;5;3
29070;5;1
29071;5;4
29072;5;1
29073;5;1
29074;5;4
29075;5;3
29076;5;3
29077;5;1
29078;5;3
29079;5;4
29080;5;4
29081;5;3
29082;5;4
29083;5;1
29084;5;1
29085;5;1
29086;5;2
29087;5;4
29088;5;3
29089;5;4
29090;5;3
29091;5;1
29092;5;4
29093;5;4
29094;5;1
29095;5;4
29096;5;4
29097;5;1
29098;5;4
29099;5;3
29100;5;4
29101;5;4
29102;5;3
29103;5;1
29104;5;4
29105;5;3
29106;5;3
29107;5;4
29108;5;3
29109;5;4
29110;5;3
29111;5;3
29112;5;3
29113;5;1
29114;5;4
29115;5;4
29116;5;3
29117;5;4
29118;5;3
29119;5;3
29120;5;3
29121;5;3
29122;5;1
29123;5;1
29124;5;1
29125;5;1
29126;5;3
29127;5;4
29128;5;1
29129;5;4
29130;5;1
29131;5;1
29132;5;1
29133;5;3
29134;5;3
29135;5;3
29136;5;3
29137;5;1
29138;5;1
29139;5;1
29140;5;3
29141;5;1
29142;5;2
29143;5;1
29144;5;1
29145;5;3
29146;5;1
29147;5;1
29148;5;3
29149;5;1
29150;5;3
29151;5;1
29152;5;3
29153;5;3
29154;5;1
29155;5;4
29156;5;1
29157;5;4
29158;5;1
29159;5;1
29160;5;4
29161;5;1
29162;5;1
29163;5;4
29164;5;2
29165;5;4
29166;5;1
29167;5;4
29168;5;4
29169;5;1
29170;5;4
29171;5;1
29172;5;3
29173;5;4
29174;5;1
29175;5;4
29176;5;1
29177;5;1
29178;5;1
29179;5;3
29180;5;1
29181;5;4
29182;5;4
29183;5;1
29184;5;3
29185;5;3
29186;5;1
29187;5;4
29188;5;1
29189;5;1
29190;5;1
29191;5;3
29192;5;1
29193;5;3
29194;5;4
29195;5;3
29196;5;4
29197;5;3
29198;5;4
29199;5;4
29200;5;2
29201;5;4
29202;5;4
29203;5;1
29204;5;3
29205;5;4
29206;5;4
29207;5;4
29208;5;3
29209;5;1
29210;5;3
29211;5;4
29212;5;3
29213;5;1
29214;5;3
29215;5;4
29216;5;4
29217;5;1
29218;5;1
29219;5;1
29220;5;1
29221;5;3
29222;5;1
29223;5;1
29224;5;1
29225;5;1
29226;5;4
29227;5;1
29228;5;2
29229;5;1
29230;5;4
29231;5;1
29232;5;4
29233;5;1
29234;5;3
29235;5;3
29236;5;3
29237;5;1
29238;5;4
29239;5;3
29240;5;1
29241;5;4
29242;5;1
29243;5;1
29244;5;4
29245;5;1
29246;5;3
29247;5;1
29248;5;1
29249;5;1
29250;5;4
29251;5;2
29252;5;3
29253;5;3
29254;5;1
29255;5;4
29256;5;4
29257;5;1
29258;5;1
29259;5;2
29260;5;4
29261;5;1
29262;5;3
29263;5;1
29264;5;3
29265;5;3
29266;5;1
29267;5;4
29268;5;1
29269;5;3
29270;5;1
29271;5;3
29272;5;4
29273;5;3
29274;5;4
29275;5;3
29276;5;4
29277;5;1
29278;5;4
29279;5;1
29280;5;1
29281;5;1
29282;5;1
29283;5;1
29284;5;1
29285;5;3
29286;5;3
29287;5;1
29288;5;3
29289;5;1
29290;5;3
29291;5;3
29292;5;4
29293;5;4
29294;5;1
29295;5;1
29296;5;4
29297;5;4
29298;5;4
29299;5;4
29300;5;1
29301;5;4
29302;5;4
29303;5;1
29304;5;1
29305;5;3
29306;5;4
29307;5;1
29308;5;1
29309;5;4
29310;5;3
29311;5;3
29312;5;3
29313;5;1
29314;5;3
29315;5;1
29316;5;4
29317;5;3
29318;5;1
29319;5;1
29320;5;4
29321;5;4
29322;5;1
29323;5;2
29324;5;1
29325;5;3
29326;5;3
29327;5;1
29328;5;3
29329;5;4
29330;5;4
29331;5;4
29332;5;2
29333;5;1
29334;5;1
29335;5;4
29336;5;4
29337;5;1
29338;5;1
29339;5;4
29340;5;1
29341;5;3
29342;5;4
29343;5;4
29344;5;3
29345;5;3
29346;5;4
29347;5;3
29348;5;3
29349;5;1
29350;5;3
29351;5;4
29352;5;3
29353;5;3
29354;5;3
29355;5;4
29356;5;3
29357;5;4
29358;5;3
29359;5;1
29360;5;1
29361;5;3
29362;5;1
29363;5;4
29364;5;3
29365;5;3
29366;5;3
29367;5;4
29368;5;1
29369;5;4
29370;5;1
29371;5;4
29372;5;3
29373;5;4
29374;5;1
29375;5;4
29376;5;3
29377;5;3
29378;5;3
29379;5;4
29380;5;3
29381;5;4
29382;5;3
29383;5;1
29384;5;4
29385;5;4
29386;5;1
29387;5;4
29388;5;1
29389;5;4
29390;5;3
29391;5;3
29392;5;4
29393;5;4
29394;5;4
29395;5;4
29396;5;4
29397;5;4
29398;5;1
29399;5;3
29400;5;1
29401;5;4
29402;5;1
29403;5;1
29404;5;4
29405;5;3
29406;5;3
29407;5;1
29408;5;1
29409;5;2
29410;5;3
29411;5;3
29412;5;2
29413;5;3
29414;5;1
29415;5;4
29416;5;4
29417;5;4
29418;5;4
29419;5;4
29420;5;4
29421;5;4
29422;5;4
29423;5;4
29424;5;4
29425;5;2
29426;5;1
29427;5;4
29428;5;4
29429;5;1
29430;5;4
29431;5;4
29432;5;1
29433;5;4
29434;5;1
29435;5;1
29436;5;1
29437;5;1
29438;5;3
29439;5;1
29440;5;4
29441;5;3
29442;5;1
29443;5;4
29444;5;1
29445;5;4
29446;5;1
29447;5;1
29448;5;3
29449;5;1
29450;5;4
29451;5;3
29452;5;3
29453;5;4
29454;5;3
29455;5;2
29456;5;4
29457;5;1
29458;5;1
29459;5;1
29460;5;4
29461;5;3
29462;5;3
29463;5;4
29464;5;3
29465;5;4
29466;5;1
29467;5;3
29468;5;4
29469;5;1
29470;5;3
29471;5;4
29472;5;4
29473;5;1
29474;5;1
29475;5;4
29476;5;1
29477;5;4
29478;5;4
29479;5;1
29480;5;4
29481;5;1
29482;5;1
29483;5;1
29484;5;1
29485;5;1
29486;5;4
29487;5;1
29488;5;4
29489;5;4
29490;5;4
29491;5;4
29492;5;2
29493;5;1
29494;5;4
29495;5;4
29496;5;3
29497;5;3
29498;5;1
29499;5;1
29500;5;1
29501;5;4
29502;5;4
29503;5;4
29504;5;3
29505;5;3
29506;5;4
29507;5;1
29508;5;1
29509;5;1
29510;5;3
29511;5;1
29512;5;1
29513;5;1
29514;5;4
29515;5;1
29516;5;3
29517;5;4
29518;5;1
29519;5;3
29520;5;2
29521;5;3
29522;5;4
29523;5;1
29524;5;3
29525;5;4
29526;5;4
29527;5;4
29528;5;4
29529;5;1
29530;5;4
29531;5;3
29532;5;4
29533;5;4
29534;5;4
29535;5;4
29536;5;4
29537;5;3
29538;5;1
29539;5;2
29540;5;3
29541;5;3
29542;5;3
29543;5;4
29544;5;1
29545;5;3
29546;5;1
29547;5;4
29548;5;3
29549;5;4
29550;5;1
29551;5;1
29552;5;1
29553;5;4
29554;5;1
29555;5;4
29556;5;3
29557;5;1
29558;5;4
29559;5;3
29560;5;3
29561;5;4
29562;5;1
29563;5;4
29564;5;3
29565;5;4
29566;5;4
29567;5;1
29568;5;3
29569;5;1
29570;5;4
29571;5;4
29572;5;4
29573;5;3
29574;5;1
29575;5;1
29576;5;4
29577;5;4
29578;5;1
29579;5;3
29580;5;1
29581;5;4
29582;5;3
29583;5;4
29584;5;1
29585;5;3
29586;5;2
29587;5;1
29588;5;4
29589;5;1
29590;5;4
29591;5;4
29592;5;1
29593;5;4
29594;5;3
29595;5;4
29596;5;1
29597;5;3
29598;5;3
29599;5;1
29600;5;3
29601;5;3
29602;5;1
29603;5;1
29604;5;2
29605;5;4
29606;5;1
29607;5;3
29608;5;1
29609;5;4
29610;5;3
29611;5;3
29612;5;4
29613;5;1
29614;5;1
29615;5;4
29616;5;3
29617;5;1
29618;5;1
29619;5;1
29620;5;3
29621;5;1
29622;5;4
29623;5;3
29624;5;4
29625;5;3
29626;5;3
29627;5;1
29628;5;4
29629;5;4
29630;5;1
29631;5;4
29632;5;4
29633;5;3
29634;5;2
29635;5;4
29636;5;4
29637;5;4
29638;5;1
29639;5;4
29640;5;3
29641;5;1
29642;5;4
29643;5;3
29644;5;4
29645;5;4
29646;5;3
29647;5;1
29648;5;4
29649;5;4
29650;5;1
29651;5;1
29652;5;1
29653;5;1
29654;5;4
29655;5;1
29656;5;4
29657;5;4
29658;5;1
29659;5;1
29660;5;1
29661;5;1
29662;5;3
29663;5;4
29664;5;4
29665;5;3
29666;5;4
29667;5;4
29668;5;1
29669;5;3
29670;5;4
29671;5;4
29672;5;4
29673;5;1
29674;5;1
29675;5;4
29676;5;3
29677;5;3
29678;5;4
29679;5;3
29680;5;3
29681;5;1
29682;5;1
29683;5;3
29684;5;1
29685;5;4
29686;5;3
29687;5;1
29688;5;3
29689;5;1
29690;5;3
29691;5;3
29692;5;3
29693;5;1
29694;5;3
29695;5;4
29696;5;3
29697;5;3
29698;5;1
29699;5;4
29700;5;3
29701;5;4
29702;5;3
29703;5;1
29704;5;4
29705;5;3
29706;5;3
29707;5;4
29708;5;3
29709;5;4
29710;5;1
29711;5;1
29712;5;1
29713;5;1
29714;5;4
29715;5;3
29716;5;2
29717;5;4
29718;5;1
29719;5;2
29720;5;1
29721;5;1
29722;5;4
29723;5;4
29724;5;4
29725;5;3
29726;5;1
29727;5;3
29728;5;3
29729;5;4
29730;5;3
29731;5;3
29732;5;3
29733;5;4
29734;5;3
29735;5;3
29736;5;3
29737;5;1
29738;5;4
29739;5;1
29740;5;1
29741;5;1
29742;5;4
29743;5;1
29744;5;4
29745;5;1
29746;5;3
29747;5;1
29748;5;4
29749;5;4
29750;5;4
29751;5;4
29752;5;1
29753;5;3
29754;5;4
29755;5;4
29756;5;1
29757;5;3
29758;5;3
29759;5;3
29760;5;3
29761;5;4
29762;5;1
29763;5;4
29764;5;3
29765;5;4
29766;5;2
29767;5;3
29768;5;4
29769;5;3
29770;5;1
29771;5;1
29772;5;4
29773;5;4
29774;5;3
29775;5;4
29776;5;1
29777;5;4
29778;5;3
29779;5;1
29780;5;3
29781;5;4
29782;5;3
29783;5;1
29784;5;4
29785;5;4
29786;5;4
29787;5;4
29788;5;3
29789;5;3
29790;5;4
29791;5;4
29792;5;4
29793;5;3
29794;5;3
29795;5;4
29796;5;3
29797;5;4
29798;5;3
29799;5;3
29800;5;1
29801;5;1
29802;5;4
29803;5;2
29804;5;4
29805;5;3
29806;5;3
29807;5;1
29808;5;1
29809;5;4
29810;5;3
29811;5;4
29812;5;3
29813;5;4
29814;5;1
29815;5;1
29816;5;1
29817;5;4
29818;5;3
29819;5;4
29820;5;4
29821;5;4
29822;5;2
29823;5;4
29824;5;4
29825;5;1
29826;5;3
29827;5;1
29828;5;1
29829;5;1
29830;5;4
29831;5;3
29832;5;3
29833;5;3
29834;5;3
29835;5;4
29836;5;3
29837;5;4
29838;5;3
29839;5;1
29840;5;4
29841;5;3
29842;5;3
29843;5;3
29844;5;4
29845;5;3
29846;5;4
29847;5;3
29848;5;3
29849;5;4
29850;5;1
29851;5;4
29852;5;3
29853;5;1
29854;5;4
29855;5;4
29856;5;4
29857;5;4
29858;5;4
29859;5;1
29860;5;4
29861;5;3
29862;5;4
29863;5;4
29864;5;3
29865;5;3
29866;5;3
29867;5;3
29868;5;4
29869;5;4
29870;5;1
29871;5;1
29872;5;1
29873;5;1
29874;5;1
29875;5;1
29876;5;1
29877;5;4
29878;5;4
29879;5;3
29880;5;3
29881;5;1
29882;5;3
29883;5;1
29884;5;1
29885;5;4
29886;5;4
29887;5;4
29888;5;4
29889;5;4
29890;5;4
29891;5;4
29892;5;4
29893;5;4
29894;5;3
29895;5;2
29896;5;1
29897;5;4
29898;5;1
29899;5;3
29900;5;1
29901;5;3
29902;5;4
29903;5;3
29904;5;4
29905;5;4
29906;5;3
29907;5;3
29908;5;1
29909;5;4
29910;5;4
29911;5;3
29912;5;3
29913;5;3
29914;5;4
29915;5;1
29916;5;1
29917;5;3
29918;5;3
29919;5;1
29920;5;3
29921;5;4
29922;5;1
29923;5;4
29924;5;1
29925;5;3
29926;5;4
29927;5;4
29928;5;3
29929;5;1
29930;5;4
29931;5;4
29932;5;1
29933;5;4
29934;5;3
29935;5;3
29936;5;4
29937;5;4
29938;5;3
29939;5;4
29940;5;1
29941;5;1
29942;5;1
29943;5;3
29944;5;3
29945;5;3
29946;5;4
29947;5;4
29948;5;1
29949;5;3
29950;5;3
29951;5;1
29952;5;4
29953;5;3
29954;5;4
29955;5;1
29956;5;4
29957;5;4
29958;5;3
29959;5;3
29960;5;4
29961;5;4
29962;5;1
29963;5;4
29964;5;4
29965;5;1
29966;5;1
29967;5;4
29968;5;4
29969;5;3
29970;5;4
29971;5;1
29972;5;1
29973;5;3
29974;5;3
29975;5;4
29976;5;4
29977;5;1
29978;5;3
29979;5;3
29980;5;3
29981;5;3
29982;5;1
29983;5;4
29984;5;4
29985;5;3
29986;5;1
29987;5;3
29988;5;4
29989;5;1
29990;5;4
29991;5;3
29992;5;3
29993;5;3
29994;5;3
29995;5;1
29996;5;1
29997;5;4
29998;5;3
29999;5;3
30000;5;3
30001;5;4
30002;5;1
30003;5;1
30004;5;3
30005;5;1
30006;5;1
30007;5;1
30008;5;1
30009;5;4
30010;5;3
30011;5;3
30012;5;4
30013;5;4
30014;5;3
30015;5;3
30016;5;3
30017;5;4
30018;5;1
30019;5;3
30020;5;3
30021;5;4
30022;5;4
30023;5;4
30024;5;4
30025;5;4
30026;5;3
30027;5;3
30028;5;4
30029;5;3
30030;5;1
30031;5;3
30032;5;1
30033;5;3
30034;5;3
30035;5;4
30036;5;1
30037;5;4
30038;5;4
30039;5;4
30040;5;1
30041;5;3
30042;5;4
30043;5;3
30044;5;4
30045;5;1
30046;5;3
30047;5;1
30048;5;4
30049;5;1
30050;5;4
30051;5;1
30052;5;3
30053;5;1
30054;5;1
30055;5;4
30056;5;3
30057;5;1
30058;5;4
30059;5;4
30060;5;3
30061;5;1
30062;5;4
30063;5;1
30064;5;4
30065;5;4
30066;5;1
30067;5;3
30068;5;1
30069;5;3
30070;5;3
30071;5;4
30072;5;1
30073;5;3
30074;5;3
30075;5;3
30076;5;4
30077;5;3
30078;5;1
30079;5;4
30080;5;3
30081;5;3
30082;5;1
30083;5;4
30084;5;1
30085;5;4
30086;5;3
30087;5;3
30088;5;4
30089;5;1
30090;5;3
30091;5;1
30092;5;3
30093;5;3
30094;5;3
30095;5;1
30096;5;3
30097;5;4
30098;5;1
30099;5;1
30100;5;4
30101;5;4
30102;5;3
30103;5;4
30104;5;1
30105;5;4
30106;5;4
30107;5;1
30108;5;1
30109;5;1
30110;5;1
30111;5;1
30112;5;3
30113;5;3
30114;5;4
30115;5;3
30116;5;3
30117;5;4
30118;5;4
30119;5;1
30120;5;1
30121;5;4
30122;5;4
30123;5;3
30124;5;1
30125;5;4
30126;5;4
30127;5;4
30128;5;4
30129;5;3
30130;5;3
30131;5;3
30132;5;4
30133;5;4
30134;5;3
30135;5;4
30136;5;4
30137;5;3
30138;5;3
30139;5;1
30140;5;3
30141;5;1
30142;5;4
30143;5;4
30144;5;1
30145;5;4
30146;5;3
30147;5;4
30148;5;3
30149;5;3
30150;5;1
30151;5;3
30152;5;3
30153;5;3
30154;5;3
30155;5;1
30156;5;4
30157;5;4
30158;5;4
30159;5;1
30160;5;1
30161;5;3
30162;5;4
30163;5;3
30164;5;3
30165;5;4
30166;5;1
30167;5;3
30168;5;3
30169;5;3
30170;5;1
30171;5;4
30172;5;3
30173;5;4
30174;5;3
30175;5;3
30176;5;3
30177;5;3
30178;5;3
30179;5;4
30180;5;1
30181;5;1
30182;5;1
30183;5;3
30184;5;3
30185;5;1
30186;5;4
30187;5;4
30188;5;4
30189;5;3
30190;5;1
30191;5;4
30192;5;4
30193;5;1
30194;5;1
30195;5;4
30196;5;4
30197;5;3
30198;5;4
30199;5;1
30200;5;1
30201;5;1
30202;5;1
30203;5;3
30204;5;1
30205;5;3
30206;5;1
30207;5;1
30208;5;4
30209;5;4
30210;5;4
30211;5;1
30212;5;3
30213;5;1
30214;5;1
30215;5;3
30216;5;4
30217;5;4
30218;5;4
30219;5;1
30220;5;1
30221;5;3
30222;5;2
30223;5;3
30224;5;2
30225;5;3
30226;5;3
30227;5;4
30228;5;4
30229;5;3
30230;5;4
30231;5;3
30232;5;4
30233;5;1
30234;5;1
30235;5;3
30236;5;3
30237;5;4
30238;5;3
30239;5;4
30240;5;1
30241;5;3
30242;5;3
30243;5;4
30244;5;1
30245;5;1
30246;5;3
30247;5;4
30248;5;4
30249;5;1
30250;5;1
30251;5;3
30252;5;4
30253;5;4
30254;5;3
30255;5;4
30256;5;3
30257;5;3
30258;5;3
30259;5;1
30260;5;4
30261;5;4
30262;5;1
30263;5;3
30264;5;1
30265;5;1
30266;5;4
30267;5;3
30268;5;3
30269;5;1
30270;5;1
30271;5;1
30272;5;3
30273;5;3
30274;5;1
30275;5;4
30276;5;2
30277;5;2
30278;5;4
30279;5;3
30280;5;3
30281;5;3
30282;5;2
30283;5;3
30284;5;2
30285;5;3
30286;5;4
30287;5;4
30288;5;1
30289;5;1
30290;5;1
30291;5;1
30292;5;3
30293;5;3
30294;5;3
30295;5;3
30296;5;4
30297;5;1
30298;5;1
30299;5;3
30300;5;3
30301;5;1
30302;5;4
30303;5;3
30304;5;3
30305;5;4
30306;5;3
30307;5;4
30308;5;4
30309;5;3
30310;5;2
30311;5;3
30312;5;3
30313;5;4
30314;5;3
30315;5;4
30316;5;3
30317;5;1
30318;5;3
30319;5;1
30320;5;4
30321;5;1
30322;5;4
30323;5;3
30324;5;4
30325;5;4
30326;5;4
30327;5;3
30328;5;1
30329;5;1
30330;5;1
30331;5;1
30332;5;4
30333;5;1
30334;5;3
30335;5;1
30336;5;3
30337;5;4
30338;5;1
30339;5;4
30340;5;4
30341;5;4
30342;5;1
30343;5;4
30344;5;4
30345;5;4
30346;5;4
30347;5;1
30348;5;1
30349;5;2
30350;5;3
30351;5;3
30352;5;1
30353;5;3
30354;5;3
30355;5;3
30356;5;1
30357;5;3
30358;5;4
30359;5;3
30360;5;3
30361;5;4
30362;5;1
30363;5;1
30364;5;4
30365;5;3
30366;5;4
30367;5;4
30368;5;1
30369;5;1
30370;5;1
30371;5;4
30372;5;4
30373;5;3
30374;5;1
30375;5;1
30376;5;1
30377;5;1
30378;5;3
30379;5;4
30380;5;4
30381;5;4
30382;5;3
30383;5;2
30384;5;4
30385;5;4
30386;5;4
30387;5;4
30388;5;1
30389;5;4
30390;5;3
30391;5;1
30392;5;1
30393;5;3
30394;5;4
30395;5;3
30396;5;1
30397;5;3
30398;5;4
30399;5;1
30400;5;3
30401;5;3
30402;5;1
30403;5;4
30404;5;3
30405;5;3
30406;5;1
30407;5;4
30408;5;3
30409;5;4
30410;5;1
30411;5;3
30412;5;4
30413;5;3
30414;5;3
30415;5;3
30416;5;3
30417;5;1
30418;5;4
30419;5;4
30420;5;3
30421;5;1
30422;5;3
30423;5;3
30424;5;4
30425;5;3
30426;5;3
30427;5;1
30428;5;4
30429;5;1
30430;5;1
30431;5;4
30432;5;1
30433;5;3
30434;5;3
30435;5;4
30436;5;3
30437;5;4
30438;5;1
30439;5;4
30440;5;1
30441;5;1
30442;5;4
30443;5;1
30444;5;3
30445;5;4
30446;5;3
30447;5;4
30448;5;4
30449;5;4
30450;5;4
30451;5;3
30452;5;3
30453;5;1
30454;5;3
30455;5;3
30456;5;3
30457;5;3
30458;5;4
30459;5;4
30460;5;3
30461;5;3
30462;5;4
30463;5;1
30464;5;3
30465;5;4
30466;5;4
30467;5;4
30468;5;4
30469;5;4
30470;5;4
30471;5;1
30472;5;3
30473;5;4
30474;5;3
30475;5;3
30476;5;1
30477;5;1
30478;5;4
30479;5;1
30480;5;4
30481;5;3
30482;5;3
30483;5;4
30484;5;4
30485;5;4
30486;5;2
30487;5;4
30488;5;1
30489;5;2
30490;5;4
30491;5;3
30492;5;2
30493;5;4
30494;5;3
30495;5;3
30496;5;3
30497;5;3
30498;5;4
30499;5;1
30500;5;4
30501;5;1
30502;5;3
30503;5;4
30504;5;1
30505;5;4
30506;5;4
30507;5;4
30508;5;3
30509;5;3
30510;5;1
30511;5;4
30512;5;1
30513;5;4
30514;5;4
30515;5;3
30516;5;4
30517;5;3
30518;5;3
30519;5;3
30520;5;3
30521;5;3
30522;5;3
30523;5;4
30524;5;4
30525;5;4
30526;5;4
30527;5;3
30528;5;3
30529;5;4
30530;5;4
30531;5;4
30532;5;4
30533;5;1
30534;5;4
30535;5;3
30536;5;3
30537;5;1
30538;5;3
30539;5;1
30540;5;3
30541;5;3
30542;5;3
30543;5;3
30544;5;3
30545;5;4
30546;5;4
30547;5;1
30548;5;1
30549;5;4
30550;5;1
30551;5;4
30552;5;3
30553;5;1
30554;5;1
30555;5;3
30556;5;4
30557;5;4
30558;5;4
30559;5;1
30560;5;1
30561;5;3
30562;5;3
30563;5;3
30564;5;3
30565;5;1
30566;5;3
30567;5;3
30568;5;3
30569;5;3
30570;5;1
30571;5;4
30572;5;3
30573;5;4
30574;5;4
30575;5;1
30576;5;1
30577;5;1
30578;5;4
30579;5;1
30580;5;1
30581;5;1
30582;5;1
30583;5;1
30584;5;1
30585;5;1
30586;5;3
30587;5;4
30588;5;3
30589;5;4
30590;5;3
30591;5;2
30592;5;4
30593;5;4
30594;5;1
30595;5;3
30596;5;3
30597;5;3
30598;5;4
30599;5;3
30600;5;4
30601;5;4
30602;5;1
30603;5;4
30604;5;4
30605;5;4
30606;5;1
30607;5;3
30608;5;3
30609;5;1
30610;5;3
30611;5;3
30612;5;4
30613;5;1
30614;5;4
30615;5;4
30616;5;1
30617;5;1
30618;5;4
30619;5;3
30620;5;3
30621;5;1
30622;5;3
30623;5;4
30624;5;3
30625;5;3
30626;5;3
30627;5;4
30628;5;4
30629;5;1
30630;5;1
30631;5;2
30632;5;1
30633;5;1
30634;5;4
30635;5;4
30636;5;3
30637;5;3
30638;5;4
30639;5;3
30640;5;3
30641;5;3
30642;5;1
30643;5;4
30644;5;4
30645;5;4
30646;5;3
30647;5;1
30648;5;4
30649;5;1
30650;5;1
30651;5;3
30652;5;4
30653;5;4
30654;5;1
30655;5;1
30656;5;4
30657;5;4
30658;5;1
30659;5;1
30660;5;4
30661;5;3
30662;5;3
30663;5;1
30664;5;3
30665;5;3
30666;5;3
30667;5;4
30668;5;4
30669;5;3
30670;5;1
30671;5;3
30672;5;4
30673;5;4
30674;5;3
30675;5;3
30676;5;3
30677;5;3
30678;5;3
30679;5;1
30680;5;3
30681;5;1
30682;5;3
30683;5;4
30684;5;4
30685;5;4
30686;5;4
30687;5;4
30688;5;4
30689;5;3
30690;5;4
30691;5;3
30692;5;4
30693;5;4
30694;5;4
30695;5;3
30696;5;4
30697;5;3
30698;5;3
30699;5;3
30700;5;3
30701;5;3
30702;5;3
30703;5;1
30704;5;3
30705;5;3
30706;5;3
30707;5;1
30708;5;4
30709;5;3
30710;5;3
30711;5;4
30712;5;3
30713;5;3
30714;5;1
30715;5;3
30716;5;4
30717;5;3
30718;5;3
30719;5;3
30720;5;3
30721;5;3
30722;5;3
30723;5;3
30724;5;3
30725;5;4
30726;5;3
30727;5;4
30728;5;3
30729;5;1
30730;5;4
30731;5;4
30732;5;1
30733;5;3
30734;5;3
30735;5;4
30736;5;3
30737;5;4
30738;5;3
30739;5;3
30740;5;4
30741;5;3
30742;5;3
30743;5;3
30744;5;3
30745;5;4
30746;5;4
30747;5;3
30748;5;4
30749;5;4
30750;5;4
30751;5;3
30752;5;3
30753;5;4
30754;5;1
30755;5;4
30756;5;3
30757;5;3
30758;5;4
30759;5;4
30760;5;1
30761;5;1
30762;5;3
30763;5;4
30764;5;3
30765;5;1
30766;5;4
30767;5;3
30768;5;4
30769;5;4
30770;5;1
30771;5;4
30772;5;1
30773;5;3
30774;5;1
30775;5;1
30776;5;1
30777;5;4
30778;5;4
30779;5;4
30780;5;4
30781;5;3
30782;5;4
30783;5;4
30784;5;1
30785;5;4
30786;5;4
30787;5;1
30788;5;4
30789;5;4
30790;5;4
30791;5;1
30792;5;1
30793;5;4
30794;5;4
30795;5;4
30796;5;4
30797;5;3
30798;5;4
30799;5;4
30800;5;4
30801;5;1
30802;5;4
30803;5;4
30804;5;3
30805;5;2
30806;5;3
30807;5;4
30808;5;2
30809;5;4
30810;5;1
30811;5;3
30812;5;3
30813;5;3
30814;5;3
30815;5;3
30816;5;3
30817;5;4
30818;5;4
30819;5;4
30820;5;1
30821;5;4
30822;5;4
30823;5;3
30824;5;2
30825;5;4
30826;5;3
30827;5;4
30828;5;4
30829;5;1
30830;5;1
30831;5;1
30832;5;4
30833;5;4
30834;5;4
30835;5;1
30836;5;2
30837;5;1
30838;5;3
30839;5;1
30840;5;4
30841;5;4
30842;5;4
30843;5;1
30844;5;4
30845;5;4
30846;5;3
30847;5;4
30848;5;3
30849;5;3
30850;5;4
30851;5;1
30852;5;3
30853;5;4
30854;5;4
30855;5;4
30856;5;4
30857;5;4
30858;5;3
30859;5;3
30860;5;1
30861;5;4
30862;5;4
30863;5;4
30864;5;4
30865;5;1
30866;5;3
30867;5;4
30868;5;1
30869;5;3
30870;5;1
30871;5;4
30872;5;1
30873;5;1
30874;5;4
30875;5;3
30876;5;4
30877;5;4
30878;5;4
30879;5;3
30880;5;3
30881;5;4
30882;5;1
30883;5;1
30884;5;3
30885;5;3
30886;5;4
30887;5;4
30888;5;3
30889;5;4
30890;5;1
30891;5;4
30892;5;1
30893;5;3
30894;5;3
30895;5;1
30896;5;3
30897;5;3
30898;5;4
30899;5;1
30900;5;1
30901;5;3
30902;5;1
30903;5;3
30904;5;2
30905;5;4
30906;5;3
30907;5;4
30908;5;4
30909;5;4
30910;5;4
30911;5;3
30912;5;4
30913;5;1
30914;5;3
30915;5;4
30916;5;4
30917;5;3
30918;5;2
30919;5;4
30920;5;3
30921;5;3
30922;5;3
30923;5;4
30924;5;1
30925;5;3
30926;5;3
30927;5;4
30928;5;4
30929;5;4
30930;5;4
30931;5;3
30932;5;4
30933;5;4
30934;5;3
30935;5;4
30936;5;3
30937;5;4
30938;5;4
30939;5;1
30940;5;1
30941;5;4
30942;5;3
30943;5;3
30944;5;4
30945;5;4
30946;5;4
30947;5;3
30948;5;4
30949;5;4
30950;5;1
30951;5;3
30952;5;1
30953;5;1
30954;5;4
30955;5;3
30956;5;4
30957;5;3
30958;5;1
30959;5;4
30960;5;3
30961;5;3
30962;5;4
30963;5;1
30964;5;3
30965;5;3
30966;5;3
30967;5;3
30968;5;3
30969;5;3
30970;5;1
30971;5;4
30972;5;3
30973;5;4
30974;5;4
30975;5;3
30976;5;1
30977;5;4
30978;5;4
30979;5;4
30980;5;4
30981;5;4
30982;5;4
30983;5;4
30984;5;4
30985;5;4
30986;5;4
30987;5;3
30988;5;4
30989;5;4
30990;5;1
30991;5;3
30992;5;4
30993;5;3
30994;5;4
30995;5;3
30996;5;4
30997;5;1
30998;5;3
30999;5;4
31000;5;1
31001;5;1
31002;5;3
31003;5;4
31004;5;3
31005;5;1
31006;5;3
31007;5;4
31008;5;1
31009;5;3
31010;5;3
31011;5;4
31012;5;4
31013;5;4
31014;5;4
31015;5;4
31016;5;3
31017;5;3
31018;5;1
31019;5;3
31020;5;1
31021;5;3
31022;5;4
31023;5;1
31024;5;3
31025;5;3
31026;5;4
31027;5;1
31028;5;4
31029;5;1
31030;5;3
31031;5;4
31032;5;1
31033;5;1
31034;5;3
31035;5;3
31036;5;4
31037;5;3
31038;5;3
31039;5;4
31040;5;3
31041;5;3
31042;5;3
31043;5;3
31044;5;1
31045;5;3
31046;5;4
31047;5;1
31048;5;1
31049;5;4
31050;5;4
31051;5;4
31052;5;1
31053;5;3
31054;5;4
31055;5;4
31056;5;4
31057;5;3
31058;5;1
31059;5;1
31060;5;4
31061;5;4
31062;5;3
31063;5;3
31064;5;1
31065;5;3
31066;5;1
31067;5;2
31068;5;1
31069;5;1
31070;5;1
31071;5;2
31072;5;2
31073;5;3
31074;5;1
31075;5;4
31076;5;1
31077;5;1
31078;5;1
31079;5;3
31080;5;3
31081;5;3
31082;5;3
31083;5;3
31084;5;4
31085;5;1
31086;5;1
31087;5;3
31088;5;3
31089;5;4
31090;5;3
31091;5;1
31092;5;1
31093;5;4
31094;5;1
31095;5;1
31096;5;3
31097;5;1
31098;5;3
31099;5;4
31100;5;4
31101;5;3
31102;5;1
31103;5;1
31104;5;4
31105;5;4
31106;5;1
31107;5;4
31108;5;1
31109;5;1
31110;5;3
31111;5;3
31112;5;3
31113;5;1
31114;5;3
31115;5;3
31116;5;3
31117;5;1
31118;5;3
31119;5;3
31120;5;4
31121;5;1
31122;5;1
31123;5;1
31124;5;1
31125;5;1
31126;5;3
31127;5;3
31128;5;4
31129;5;4
31130;5;4
31131;5;3
31132;5;4
31133;5;3
31134;5;4
31135;5;1
31136;5;3
31137;5;4
31138;5;3
31139;5;4
31140;5;3
31141;5;2
31142;5;1
31143;5;4
31144;5;1
31145;5;1
31146;5;3
31147;5;1
31148;5;3
31149;5;4
31150;5;4
31151;5;1
31152;5;4
31153;5;3
31154;5;3
31155;5;3
31156;5;1
31157;5;2
31158;5;3
31159;5;3
31160;5;1
31161;5;4
31162;5;1
31163;5;3
31164;5;3
31165;5;2
31166;5;3
31167;5;4
31168;5;3
31169;5;4
31170;5;1
31171;5;4
31172;5;4
31173;5;4
31174;5;1
31175;5;3
31176;5;1
31177;5;1
31178;5;1
31179;5;1
31180;5;4
31181;5;1
31182;5;1
31183;5;1
31184;5;4
31185;5;1
31186;5;1
31187;5;1
31188;5;4
31189;5;1
31190;5;4
31191;5;1
31192;5;1
31193;5;1
31194;5;3
31195;5;1
31196;5;4
31197;5;4
31198;5;1
31199;5;1
31200;5;1
31201;5;2
31202;5;4
31203;5;4
31204;5;1
31205;5;3
31206;5;3
31207;5;1
31208;5;1
31209;5;3
31210;5;3
31211;5;3
31212;5;4
31213;5;1
31214;5;4
31215;5;3
31216;5;4
31217;5;1
31218;5;2
31219;5;1
31220;5;1
31221;5;4
31222;5;1
31223;5;3
31224;5;3
31225;5;1
31226;5;3
31227;5;4
31228;5;3
31229;5;3
31230;5;3
31231;5;3
31232;5;3
31233;5;4
31234;5;4
31235;5;1
31236;5;2
31237;5;3
31238;5;4
31239;5;3
31240;5;4
31241;5;1
31242;5;4
31243;5;3
31244;5;3
31245;5;4
31246;5;3
31247;5;1
31248;5;1
31249;5;4
31250;5;3
31251;5;4
31252;5;3
31253;5;1
31254;5;4
31255;5;3
31256;5;4
31257;5;3
31258;5;3
31259;5;1
31260;5;3
31261;5;1
31262;5;3
31263;5;4
31264;5;1
31265;5;3
31266;5;1
31267;5;3
31268;5;1
31269;5;4
31270;5;3
31271;5;3
31272;5;3
31273;5;1
31274;5;3
31275;5;3
31276;5;4
31277;5;3
31278;5;4
31279;5;3
31280;5;3
31281;5;3
31282;5;2
31283;5;3
31284;5;4
31285;5;4
31286;5;3
31287;5;4
31288;5;3
31289;5;3
31290;5;3
31291;5;4
31292;5;4
31293;5;3
31294;5;4
31295;5;3
31296;5;3
31297;5;3
31298;5;1
31299;5;3
31300;5;1
31301;5;3
31302;5;3
31303;5;3
31304;5;4
31305;5;3
31306;5;3
31307;5;3
31308;5;4
31309;5;3
31310;5;3
31311;5;4
31312;5;1
31313;5;1
31314;5;4
31315;5;3
31316;5;3
31317;5;4
31318;5;4
31319;5;3
31320;5;3
31321;5;3
31322;5;3
31323;5;1
31324;5;4
31325;5;3
31326;5;1
31327;5;4
31328;5;3
31329;5;3
31330;5;3
31331;5;1
31332;5;4
31333;5;3
31334;5;3
31335;5;3
31336;5;1
31337;5;4
31338;5;3
31339;5;3
31340;5;4
31341;5;3
31342;5;4
31343;5;3
31344;5;1
31345;5;4
31346;5;1
31347;5;3
31348;5;3
31349;5;4
31350;5;4
31351;5;3
31352;5;1
31353;5;4
31354;5;1
31355;5;4
31356;5;4
31357;5;4
31358;5;3
31359;5;4
31360;5;4
31361;5;1
31362;5;3
31363;5;4
31364;5;4
31365;5;4
31366;5;3
31367;5;4
31368;5;3
31369;5;1
31370;5;4
31371;5;4
31372;5;1
31373;5;3
31374;5;2
31375;5;2
31376;5;2
31377;5;3
31378;5;3
31379;5;4
31380;5;3
31381;5;3
31382;5;1
31383;5;4
31384;5;1
31385;5;1
31386;5;4
31387;5;4
31388;5;4
31389;5;4
31390;5;1
31391;5;3
31392;5;4
31393;5;4
31394;5;3
31395;5;3
31396;5;1
31397;5;1
31398;5;4
31399;5;3
31400;5;4
31401;5;3
31402;5;3
31403;5;3
31404;5;3
31405;5;1
31406;5;4
31407;5;1
31408;5;3
31409;5;3
31410;5;4
31411;5;3
31412;5;4
31413;5;1
31414;5;1
31415;5;4
31416;5;3
31417;5;4
31418;5;4
31419;5;4
31420;5;4
31421;5;4
31422;5;4
31423;5;1
31424;5;4
31425;5;3
31426;5;3
31427;5;3
31428;5;4
31429;5;4
31430;5;1
31431;5;1
31432;5;4
31433;5;4
31434;5;4
31435;5;3
31436;5;3
31437;5;3
31438;5;3
31439;5;3
31440;5;3
31441;5;4
31442;5;3
31443;5;3
31444;5;4
31445;5;4
31446;5;3
31447;5;4
31448;5;3
31449;5;1
31450;5;3
31451;5;1
31452;5;3
31453;5;1
31454;5;3
31455;5;1
31456;5;4
31457;5;1
31458;5;4
31459;5;4
31460;5;1
31461;5;4
31462;5;3
31463;5;3
31464;5;1
31465;5;1
31466;5;4
31467;5;3
31468;5;3
31469;5;1
31470;5;1
31471;5;4
31472;5;4
31473;5;4
31474;5;1
31475;5;3
31476;5;1
31477;5;4
31478;5;4
31479;5;1
31480;5;4
31481;5;1
31482;5;4
31483;5;4
31484;5;1
31485;5;3
31486;5;3
31487;5;3
31488;5;1
31489;5;1
31490;5;1
31491;5;4
31492;5;3
31493;5;1
31494;5;3
31495;5;4
31496;5;1
31497;5;4
31498;5;1
31499;5;1
31500;5;1
31501;5;4
31502;5;3
31503;5;1
31504;5;3
31505;5;3
31506;5;4
31507;5;3
31508;5;4
31509;5;1
31510;5;3
31511;5;1
31512;5;1
31513;5;3
31514;5;1
31515;5;1
31516;5;4
31517;5;1
31518;5;1
31519;5;1
31520;5;3
31521;5;4
31522;5;1
31523;5;1
31524;5;4
31525;5;4
31526;5;1
31527;5;1
31528;5;3
31529;5;3
31530;5;1
31531;5;4
31532;5;4
31533;5;3
31534;5;4
31535;5;1
31536;5;3
31537;5;1
31538;5;4
31539;5;4
31540;5;4
31541;5;3
31542;5;4
31543;5;4
31544;5;4
31545;5;2
31546;5;1
31547;5;4
31548;5;4
31549;5;3
31550;5;2
31551;5;4
31552;5;1
31553;5;4
31554;5;1
31555;5;2
31556;5;3
31557;5;1
31558;5;4
31559;5;3
31560;5;3
31561;5;1
31562;5;4
31563;5;4
31564;5;1
31565;5;4
31566;5;4
31567;5;4
31568;5;1
31569;5;3
31570;5;1
31571;5;1
31572;5;4
31573;5;4
31574;5;1
31575;5;4
31576;5;1
31577;5;4
31578;5;1
31579;5;4
31580;5;1
31581;5;1
31582;5;1
31583;5;3
31584;5;4
31585;5;3
31586;5;3
31587;5;3
31588;5;4
31589;5;3
31590;5;3
31591;5;4
31592;5;2
31593;5;4
31594;5;2
31595;5;1
31596;5;3
31597;5;3
31598;5;4
31599;5;4
31600;5;4
31601;5;1
31602;5;4
31603;5;4
31604;5;4
31605;5;4
31606;5;4
31607;5;3
31608;5;4
31609;5;4
31610;5;1
31611;5;4
31612;5;4
31613;5;1
31614;5;1
31615;5;3
31616;5;1
31617;5;4
31618;5;1
31619;5;1
31620;5;1
31621;5;3
31622;5;4
31623;5;4
31624;5;4
31625;5;1
31626;5;1
31627;5;3
31628;5;4
31629;5;1
31630;5;4
31631;5;4
31632;5;3
31633;5;3
31634;5;1
31635;5;3
31636;5;4
31637;5;3
31638;5;1
31639;5;3
31640;5;1
31641;5;1
31642;5;3
31643;5;1
31644;5;1
31645;5;1
31646;5;2
31647;5;4
31648;5;4
31649;5;3
31650;5;3
31651;5;1
31652;5;4
31653;5;1
31654;5;3
31655;5;1
31656;5;4
31657;5;3
31658;5;4
31659;5;1
31660;5;1
31661;5;1
31662;5;1
31663;5;4
31664;5;1
31665;5;3
31666;5;3
31667;5;4
31668;5;4
31669;5;1
31670;5;4
31671;5;4
31672;5;2
31673;5;3
31674;5;1
31675;5;4
31676;5;1
31677;5;2
31678;5;3
31679;5;4
31680;5;3
31681;5;4
31682;5;1
31683;5;4
31684;5;3
31685;5;4
31686;5;1
31687;5;1
31688;5;1
31689;5;4
31690;5;3
31691;5;3
31692;5;4
31693;5;4
31694;5;3
31695;5;4
31696;5;4
31697;5;1
31698;5;4
31699;5;1
31700;5;1
31701;5;4
31702;5;4
31703;5;3
31704;5;3
31705;5;4
31706;5;1
31707;5;4
31708;5;3
31709;5;4
31710;5;4
31711;5;3
31712;5;3
31713;5;1
31714;5;1
31715;5;2
31716;5;4
31717;5;3
31718;5;3
31719;5;4
31720;5;3
31721;5;4
31722;5;3
31723;5;2
31724;5;1
31725;5;1
31726;5;1
31727;5;1
31728;5;4
31729;5;3
31730;5;4
31731;5;1
31732;5;3
31733;5;1
31734;5;1
31735;5;1
31736;5;1
31737;5;1
31738;5;1
31739;5;1
31740;5;3
31741;5;1
31742;5;1
31743;5;1
31744;5;3
31745;5;1
31746;5;3
31747;5;4
31748;5;3
31749;5;4
31750;5;3
31751;5;1
31752;5;3
31753;5;1
31754;5;3
31755;5;4
31756;5;4
31757;5;3
31758;5;4
31759;5;1
31760;5;4
31761;5;3
31762;5;3
31763;5;4
31764;5;1
31765;5;4
31766;5;3
31767;5;4
31768;5;1
31769;5;4
31770;5;4
31771;5;4
31772;5;1
31773;5;2
31774;5;4
31775;5;4
31776;5;3
31777;5;3
31778;5;4
31779;5;4
31780;5;1
31781;5;4
31782;5;4
31783;5;4
31784;5;2
31785;5;4
31786;5;2
31787;5;4
31788;5;4
31789;5;3
31790;5;1
31791;5;2
31792;5;3
31793;5;1
31794;5;4
31795;5;3
31796;5;3
31797;5;4
31798;5;3
31799;5;3
31800;5;3
31801;5;4
31802;5;3
31803;5;2
31804;5;1
31805;5;1
31806;5;1
31807;5;3
31808;5;4
31809;5;4
31810;5;4
31811;5;3
31812;5;1
31813;5;1
31814;5;3
31815;5;4
31816;5;3
31817;5;3
31818;5;4
31819;5;4
31820;5;1
31821;5;3
31822;5;4
31823;5;4
31824;5;1
31825;5;4
31826;5;4
31827;5;3
31828;5;4
31829;5;1
31830;5;3
31831;5;4
31832;5;1
31833;5;1
31834;5;1
31835;5;1
31836;5;1
31837;5;1
31838;5;1
31839;5;1
31840;5;4
31841;5;4
31842;5;3
31843;5;4
31844;5;3
31845;5;4
31846;5;1
31847;5;3
31848;5;3
31849;5;3
31850;5;4
31851;5;4
31852;5;4
31853;5;2
31854;5;4
31855;5;4
31856;5;4
31857;5;4
31858;5;4
31859;5;2
31860;5;4
31861;5;1
31862;5;1
31863;5;3
31864;5;1
31865;5;1
31866;5;1
31867;5;1
31868;5;4
31869;5;4
31870;5;4
31871;5;3
31872;5;1
31873;5;3
31874;5;3
31875;5;4
31876;5;4
31877;5;3
31878;5;1
31879;5;4
31880;5;3
31881;5;4
31882;5;4
31883;5;4
31884;5;3
31885;5;4
31886;5;4
31887;5;4
31888;5;1
31889;5;4
31890;5;4
31891;5;4
31892;5;4
31893;5;1
31894;5;4
31895;5;1
31896;5;1
31897;5;4
31898;5;1
31899;5;4
31900;5;1
31901;5;4
31902;5;4
31903;5;3
31904;5;1
31905;5;4
31906;5;4
31907;5;1
31908;5;4
31909;5;4
31910;5;1
31911;5;1
31912;5;1
31913;5;1
31914;5;4
31915;5;2
31916;5;1
31917;5;1
31918;5;4
31919;5;4
31920;5;1
31921;5;4
31922;5;4
31923;5;4
31924;5;4
31925;5;1
31926;5;4
31927;5;1
31928;5;4
31929;5;3
31930;5;4
31931;5;4
31932;5;1
31933;5;4
31934;5;1
31935;5;1
31936;5;4
31937;5;1
31938;5;4
31939;5;4
31940;5;1
31941;5;1
31942;5;4
31943;5;1
31944;5;3
31945;5;1
31946;5;1
31947;5;4
31948;5;3
31949;5;4
31950;5;1
31951;5;4
31952;5;1
31953;5;4
31954;5;1
31955;5;4
31956;5;1
31957;5;1
31958;5;4
31959;5;4
31960;5;3
31961;5;4
31962;5;1
31963;5;4
31964;5;3
31965;5;4
31966;5;1
31967;5;1
31968;5;3
31969;5;4
31970;5;3
31971;5;4
31972;5;4
31973;5;4
31974;5;1
31975;5;4
31976;5;4
31977;5;3
31978;5;4
31979;5;4
31980;5;1
31981;5;4
31982;5;4
31983;5;4
31984;5;3
31985;5;3
31986;5;4
31987;5;4
31988;5;4
31989;5;4
31990;5;3
31991;5;4
31992;5;3
31993;5;3
31994;5;3
31995;5;1
31996;5;4
31997;5;3
31998;5;3
31999;5;3
32000;5;3
32001;5;3
32002;5;4
32003;5;4
32004;5;3
32005;5;3
32006;5;1
32007;5;3
32008;5;1
32009;5;3
32010;5;3
32011;5;4
32012;5;4
32013;5;3
32014;5;2
32015;5;4
32016;5;3
32017;5;3
32018;5;4
32019;5;3
32020;5;4
32021;5;1
32022;5;4
32023;5;3
32024;5;1
32025;5;3
32026;5;4
32027;5;3
32028;5;1
32029;5;1
32030;5;3
32031;5;1
32032;5;2
32033;5;3
32034;5;3
32035;5;3
32036;5;4
32037;5;4
32038;5;3
32039;5;4
32040;5;4
32041;5;2
32042;5;3
32043;5;3
32044;5;3
32045;5;4
32046;5;3
32047;5;4
32048;5;1
32049;5;1
32050;5;2
32051;5;2
32052;5;3
32053;5;3
32054;5;3
32055;5;3
32056;5;4
32057;5;4
32058;5;4
32059;5;4
32060;5;1
32061;5;4
32062;5;1
32063;5;1
32064;5;2
32065;5;3
32066;5;3
32067;5;1
32068;5;1
32069;5;3
32070;5;1
32071;5;4
32072;5;3
32073;5;4
32074;5;3
32075;5;3
32076;5;1
32077;5;4
32078;5;3
32079;5;4
32080;5;4
32081;5;4
32082;5;3
32083;5;4
32084;5;4
32085;5;1
32086;5;4
32087;5;3
32088;5;4
32089;5;4
32090;5;3
32091;5;2
32092;5;4
32093;5;4
32094;5;4
32095;5;3
32096;5;1
32097;5;3
32098;5;3
32099;5;3
32100;5;3
32101;5;1
32102;5;3
32103;5;4
32104;5;4
32105;5;1
32106;5;3
32107;5;4
32108;5;3
32109;5;1
32110;5;4
32111;5;3
32112;5;3
32113;5;4
32114;5;1
32115;5;3
32116;5;3
32117;5;4
32118;5;4
32119;5;3
32120;5;1
32121;5;3
32122;5;4
32123;5;1
32124;5;1
32125;5;1
32126;5;1
32127;5;4
32128;5;4
32129;5;4
32130;5;4
32131;5;4
32132;5;4
32133;5;3
32134;5;3
32135;5;1
32136;5;3
32137;5;1
32138;5;3
32139;5;3
32140;5;1
32141;5;3
32142;5;4
32143;5;1
32144;5;3
32145;5;3
32146;5;4
32147;5;3
32148;5;1
32149;5;1
32150;5;4
32151;5;3
32152;5;4
32153;5;1
32154;5;1
32155;5;1
32156;5;4
32157;5;4
32158;5;3
32159;5;1
32160;5;3
32161;5;1
32162;5;3
32163;5;3
32164;5;4
32165;5;3
32166;5;4
32167;5;4
32168;5;1
32169;5;3
32170;5;4
32171;5;3
32172;5;4
32173;5;3
32174;5;1
32175;5;1
32176;5;4
32177;5;3
32178;5;3
32179;5;3
32180;5;4
32181;5;3
32182;5;1
32183;5;1
32184;5;3
32185;5;4
32186;5;3
32187;5;3
32188;5;3
32189;5;3
32190;5;3
32191;5;4
32192;5;3
32193;5;3
32194;5;4
32195;5;3
32196;5;4
32197;5;3
32198;5;1
32199;5;4
32200;5;3
32201;5;4
32202;5;3
32203;5;3
32204;5;4
32205;5;1
32206;5;1
32207;5;4
32208;5;3
32209;5;3
32210;5;4
32211;5;1
32212;5;3
32213;5;1
32214;5;3
32215;5;4
32216;5;4
32217;5;4
32218;5;4
32219;5;3
32220;5;4
32221;5;2
32222;5;4
32223;5;3
32224;5;3
32225;5;3
32226;5;4
32227;5;1
32228;5;3
32229;5;1
32230;5;3
32231;5;3
32232;5;1
32233;5;3
32234;5;1
32235;5;1
32236;5;4
32237;5;2
32238;5;3
32239;5;1
32240;5;1
32241;5;3
32242;5;4
32243;5;3
32244;5;3
32245;5;3
32246;5;3
32247;5;4
32248;5;3
32249;5;4
32250;5;1
32251;5;3
32252;5;1
32253;5;4
32254;5;3
32255;5;3
32256;5;3
32257;5;4
32258;5;4
32259;5;4
32260;5;4
32261;5;1
32262;5;3
32263;5;3
32264;5;3
32265;5;3
32266;5;1
32267;5;3
32268;5;3
32269;5;3
32270;5;3
32271;5;4
32272;5;3
32273;5;4
32274;5;1
32275;5;1
32276;5;3
32277;5;4
32278;5;2
32279;5;4
32280;5;3
32281;5;3
32282;5;4
32283;5;4
32284;5;3
32285;5;4
32286;5;4
32287;5;4
32288;5;4
32289;5;4
32290;5;4
32291;5;4
32292;5;1
32293;5;3
32294;5;3
32295;5;3
32296;5;1
32297;5;3
32298;5;3
32299;5;3
32300;5;4
32301;5;4
32302;5;4
32303;5;4
32304;5;1
32305;5;3
32306;5;3
32307;5;4
32308;5;3
32309;5;3
32310;5;1
32311;5;1
32312;5;3
32313;5;3
32314;5;4
32315;5;1
32316;5;1
32317;5;4
32318;5;4
32319;5;4
32320;5;4
32321;5;3
32322;5;4
32323;5;1
32324;5;4
32325;5;4
32326;5;4
32327;5;2
32328;5;3
32329;5;4
32330;5;3
32331;5;2
32332;5;1
32333;5;1
32334;5;4
32335;5;4
32336;5;1
32337;5;3
32338;5;3
32339;5;4
32340;5;3
32341;5;4
32342;5;4
32343;5;4
32344;5;4
32345;5;1
32346;5;1
32347;5;3
32348;5;4
32349;5;4
32350;5;4
32351;5;3
32352;5;4
32353;5;3
32354;5;4
32355;5;1
32356;5;4
32357;5;4
32358;5;4
32359;5;4
32360;5;3
32361;5;4
32362;5;1
32363;5;4
32364;5;4
32365;5;4
32366;5;4
32367;5;3
32368;5;4
32369;5;4
32370;5;1
32371;5;4
32372;5;1
32373;5;3
32374;5;1
32375;5;3
32376;5;4
32377;5;1
32378;5;1
32379;5;1
32380;5;4
32381;5;1
32382;5;4
32383;5;3
32384;5;1
32385;5;3
32386;5;4
32387;5;1
32388;5;3
32389;5;4
32390;5;3
32391;5;3
32392;5;3
32393;5;4
32394;5;3
32395;5;3
32396;5;3
32397;5;1
32398;5;4
32399;5;4
32400;5;1
32401;5;1
32402;5;3
32403;5;3
32404;5;4
32405;5;4
32406;5;1
32407;5;3
32408;5;1
32409;5;1
32410;5;3
32411;5;3
32412;5;4
32413;5;3
32414;5;1
32415;5;4
32416;5;3
32417;5;1
32418;5;1
32419;5;4
32420;5;1
32421;5;1
32422;5;1
32423;5;1
32424;5;1
32425;5;3
32426;5;3
32427;5;3
32428;5;4
32429;5;4
32430;5;3
32431;5;3
32432;5;1
32433;5;1
32434;5;3
32435;5;1
32436;5;3
32437;5;1
32438;5;3
32439;5;4
32440;5;3
32441;5;3
32442;5;3
32443;5;1
32444;5;4
32445;5;1
32446;5;1
32447;5;3
32448;5;4
32449;5;4
32450;5;4
32451;5;4
32452;5;4
32453;5;4
32454;5;3
32455;5;4
32456;5;3
32457;5;4
32458;5;1
32459;5;3
32460;5;1
32461;5;4
32462;5;1
32463;5;1
32464;5;1
32465;5;1
32466;5;3
32467;5;1
32468;5;3
32469;5;1
32470;5;1
32471;5;4
32472;5;1
32473;5;1
32474;5;4
32475;5;4
32476;5;3
32477;5;4
32478;5;4
32479;5;3
32480;5;3
32481;5;1
32482;5;3
32483;5;4
32484;5;1
32485;5;4
32486;5;4
32487;5;4
32488;5;3
32489;5;1
32490;5;4
32491;5;4
32492;5;3
32493;5;4
32494;5;4
32495;5;3
32496;5;1
32497;5;4
32498;5;1
32499;5;3
32500;5;1
32501;5;1
32502;5;4
32503;5;4
32504;5;4
32505;5;4
32506;5;3
32507;5;4
32508;5;3
32509;5;1
32510;5;4
32511;5;4
32512;5;4
32513;5;1
32514;5;3
32515;5;1
32516;5;3
32517;5;4
32518;5;3
32519;5;1
32520;5;1
32521;5;1
32522;5;3
32523;5;1
32524;5;4
32525;5;4
32526;5;3
32527;5;3
32528;5;3
32529;5;4
32530;5;4
32531;5;1
32532;5;4
32533;5;1
32534;5;1
32535;5;3
32536;5;3
32537;5;1
32538;5;1
32539;5;4
32540;5;1
32541;5;3
32542;5;4
32543;5;1
32544;5;4
32545;5;3
32546;5;4
32547;5;3
32548;5;3
32549;5;2
32550;5;3
32551;5;1
32552;5;3
32553;5;3
32554;5;2
32555;5;4
32556;5;1
32557;5;1
32558;5;3
32559;5;3
32560;5;1
32561;5;3
32562;5;4
32563;5;4
32564;5;4
32565;5;3
32566;5;1
32567;5;3
32568;5;1
32569;5;1
32570;5;1
32571;5;4
32572;5;1
32573;5;4
32574;5;1
32575;5;3
32576;5;3
32577;5;3
32578;5;3
32579;5;4
32580;5;4
32581;5;4
32582;5;3
32583;5;3
32584;5;1
32585;5;4
32586;5;1
32587;5;3
32588;5;3
32589;5;4
32590;5;3
32591;5;1
32592;5;4
32593;5;4
32594;5;3
32595;5;4
32596;5;3
32597;5;1
32598;5;1
32599;5;4
32600;5;4
32601;5;1
32602;5;4
32603;5;4
32604;5;3
32605;5;2
32606;5;1
32607;5;1
32608;5;4
32609;5;4
32610;5;4
32611;5;3
32612;5;4
32613;5;3
32614;5;4
32615;5;3
32616;5;4
32617;5;1
32618;5;3
32619;5;4
32620;5;1
32621;5;3
32622;5;3
32623;5;4
32624;5;4
32625;5;4
32626;5;4
32627;5;1
32628;5;4
32629;5;2
32630;5;4
32631;5;3
32632;5;4
32633;5;4
32634;5;1
32635;5;3
32636;5;3
32637;5;3
32638;5;3
32639;5;3
32640;5;4
32641;5;3
32642;5;3
32643;5;4
32644;5;3
32645;5;3
32646;5;4
32647;5;3
32648;5;1
32649;5;1
32650;5;4
32651;5;1
32652;5;1
32653;5;3
32654;5;4
32655;5;4
32656;5;4
32657;5;3
32658;5;1
32659;5;3
32660;5;3
32661;5;3
32662;5;1
32663;5;4
32664;5;3
32665;5;3
32666;5;3
32667;5;4
32668;5;4
32669;5;4
32670;5;4
32671;5;1
32672;5;1
32673;5;4
32674;5;1
32675;5;3
32676;5;3
32677;5;3
32678;5;4
32679;5;1
32680;5;1
32681;5;1
32682;5;3
32683;5;4
32684;5;4
32685;5;3
32686;5;3
32687;5;4
32688;5;4
32689;5;1
32690;5;3
32691;5;3
32692;5;1
32693;5;4
32694;5;3
32695;5;4
32696;5;3
32697;5;3
32698;5;3
32699;5;3
32700;5;3
32701;5;3
32702;5;3
32703;5;1
32704;5;4
32705;5;3
32706;5;4
32707;5;4
32708;5;4
32709;5;4
32710;5;3
32711;5;4
32712;5;3
32713;5;3
32714;5;4
32715;5;4
32716;5;4
32717;5;3
32718;5;1
32719;5;1
32720;5;1
32721;5;4
32722;5;3
32723;5;3
32724;5;3
32725;5;3
32726;5;1
32727;5;3
32728;5;3
32729;5;4
32730;5;3
32731;5;4
32732;5;1
32733;5;3
32734;5;4
32735;5;1
32736;5;3
32737;5;3
32738;5;3
32739;5;3
32740;5;1
32741;5;3
32742;5;2
32743;5;4
32744;5;4
32745;5;4
32746;5;4
32747;5;4
32748;5;4
32749;5;4
32750;5;4
32751;5;4
32752;5;1
32753;5;4
32754;5;4
32755;5;3
32756;5;1
32757;5;1
32758;5;3
32759;5;3
32760;5;3
32761;5;3
32762;5;4
32763;5;1
32764;5;1
32765;5;4
32766;5;3
32767;5;1
32768;5;4
32769;5;4
32770;5;4
32771;5;4
32772;5;1
32773;5;1
32774;5;3
32775;5;3
32776;5;1
32777;5;3
32778;5;4
32779;5;4
32780;5;4
32781;5;3
32782;5;3
32783;5;4
32784;5;4
32785;5;1
32786;5;1
32787;5;4
32788;5;4
32789;5;3
32790;5;3
32791;5;3
32792;5;1
32793;5;4
32794;5;1
32795;5;3
32796;5;1
32797;5;1
32798;5;3
32799;5;3
32800;5;3
32801;5;4
32802;5;4
32803;5;1
32804;5;1
32805;5;3
32806;5;4
32807;5;3
32808;5;3
32809;5;3
32810;5;4
32811;5;4
32812;5;3
32813;5;4
32814;5;1
32815;5;4
32816;5;3
32817;5;3
32818;5;3
32819;5;3
32820;5;1
32821;5;3
32822;5;4
32823;5;3
32824;5;1
32825;5;3
32826;5;3
32827;5;1
32828;5;1
32829;5;4
32830;5;4
32831;5;4
32832;5;1
32833;5;1
32834;5;1
32835;5;4
32836;5;4
32837;5;4
32838;5;4
32839;5;1
32840;5;1
32841;5;1
32842;5;3
32843;5;3
32844;5;3
32845;5;1
32846;5;3
32847;5;1
32848;5;1
32849;5;3
32850;5;3
32851;5;3
32852;5;1
32853;5;3
32854;5;3
32855;5;4
32856;5;4
32857;5;3
32858;5;3
32859;5;1
32860;5;4
32861;5;4
32862;5;1
32863;5;4
32864;5;1
32865;5;1
32866;5;3
32867;5;1
32868;5;4
32869;5;1
32870;5;1
32871;5;3
32872;5;4
32873;5;4
32874;5;1
32875;5;3
32876;5;3
32877;5;1
32878;5;4
32879;5;3
32880;5;4
32881;5;1
32882;5;1
32883;5;4
32884;5;3
32885;5;3
32886;5;4
32887;5;2
32888;5;3
32889;5;3
32890;5;3
32891;5;4
32892;5;4
32893;5;3
32894;5;1
32895;5;3
32896;5;1
32897;5;3
32898;5;4
32899;5;4
32900;5;1
32901;5;1
32902;5;1
32903;5;2
32904;5;1
32905;5;3
32906;5;4
32907;5;4
32908;5;4
32909;5;1
32910;5;1
32911;5;1
32912;5;1
32913;5;4
32914;5;4
32915;5;1
32916;5;3
32917;5;1
32918;5;3
32919;5;1
32920;5;4
32921;5;4
32922;5;3
32923;5;4
32924;5;4
32925;5;3
32926;5;3
32927;5;3
32928;5;3
32929;5;4
32930;5;4
32931;5;4
32932;5;3
32933;5;3
32934;5;3
32935;5;3
32936;5;3
32937;5;3
32938;5;4
32939;5;3
32940;5;1
32941;5;1
32942;5;1
32943;5;4
32944;5;4
32945;5;1
32946;5;1
32947;5;3
32948;5;1
32949;5;1
32950;5;4
32951;5;1
32952;5;4
32953;5;4
32954;5;4
32955;5;4
32956;5;4
32957;5;2
32958;5;4
32959;5;1
32960;5;1
32961;5;4
32962;5;1
32963;5;1
32964;5;1
32965;5;2
32966;5;1
32967;5;4
32968;5;3
32969;5;2
32970;5;3
32971;5;1
32972;5;1
32973;5;1
32974;5;1
32975;5;3
32976;5;1
32977;5;3
32978;5;1
32979;5;1
32980;5;4
32981;5;3
32982;5;4
32983;5;2
32984;5;1
32985;5;3
32986;5;1
32987;5;4
32988;5;1
32989;5;4
32990;5;4
32991;5;1
32992;5;3
32993;5;4
32994;5;4
32995;5;4
32996;5;4
32997;5;4
32998;5;1
32999;5;1
33000;5;4
33001;5;3
33002;5;4
33003;5;4
33004;5;3
33005;5;3
33006;5;3
33007;5;1
33008;5;3
33009;5;1
33010;5;1
33011;5;1
33012;5;4
33013;5;4
33014;5;4
33015;5;1
33016;5;3
33017;5;3
33018;5;1
33019;5;3
33020;5;3
33021;5;3
33022;5;1
33023;5;3
33024;5;1
33025;5;4
33026;5;3
33027;5;3
33028;5;4
33029;5;3
33030;5;4
33031;5;4
33032;5;1
33033;5;3
33034;5;2
33035;5;1
33036;5;3
33037;5;4
33038;5;4
33039;5;3
33040;5;3
33041;5;3
33042;5;3
33043;5;3
33044;5;4
33045;5;4
33046;5;3
33047;5;4
33048;5;4
33049;5;3
33050;5;4
33051;5;3
33052;5;1
33053;5;1
33054;5;4
33055;5;4
33056;5;4
33057;5;3
33058;5;3
33059;5;3
33060;5;4
33061;5;4
33062;5;1
33063;5;3
33064;5;3
33065;5;1
33066;5;3
33067;5;4
33068;5;4
33069;5;4
33070;5;1
33071;5;3
33072;5;3
33073;5;3
33074;5;3
33075;5;3
33076;5;3
33077;5;1
33078;5;1
33079;5;3
33080;5;3
33081;5;3
33082;5;3
33083;5;4
33084;5;4
33085;5;4
33086;5;4
33087;5;3
33088;5;3
33089;5;4
33090;5;3
33091;5;4
33092;5;4
33093;5;3
33094;5;1
33095;5;3
33096;5;4
33097;5;4
33098;5;4
33099;5;4
33100;5;1
33101;5;4
33102;5;4
33103;5;4
33104;5;3
33105;5;3
33106;5;3
33107;5;3
33108;5;3
33109;5;1
33110;5;4
33111;5;1
33112;5;4
33113;5;4
33114;5;4
33115;5;1
33116;5;3
33117;5;3
33118;5;4
33119;5;4
33120;5;3
33121;5;3
33122;5;4
33123;5;3
33124;5;3
33125;5;3
33126;5;3
33127;5;3
33128;5;1
33129;5;1
33130;5;3
33131;5;3
33132;5;2
33133;5;2
33134;5;3
33135;5;3
33136;5;4
33137;5;1
33138;5;4
33139;5;4
33140;5;1
33141;5;3
33142;5;4
33143;5;4
33144;5;4
33145;5;4
33146;5;4
33147;5;3
33148;5;4
33149;5;4
33150;5;3
33151;5;4
33152;5;3
33153;5;3
33154;5;3
33155;5;1
33156;5;3
33157;5;3
33158;5;2
33159;5;4
33160;5;4
33161;5;4
33162;5;4
33163;5;4
33164;5;4
33165;5;4
33166;5;4
33167;5;4
33168;5;4
33169;5;4
33170;5;4
33171;5;4
33172;5;1
33173;5;1
33174;5;4
33175;5;4
33176;5;1
33177;5;1
33178;5;1
33179;5;1
33180;5;4
33181;5;3
33182;5;1
33183;5;3
33184;5;4
33185;5;3
33186;5;4
33187;5;1
33188;5;4
33189;5;4
33190;5;3
33191;5;4
33192;5;4
33193;5;1
33194;5;1
33195;5;3
33196;5;3
33197;5;1
33198;5;2
33199;5;4
33200;5;4
33201;5;3
33202;5;1
33203;5;1
33204;5;4
33205;5;3
33206;5;1
33207;5;3
33208;5;4
33209;5;3
33210;5;3
33211;5;1
33212;5;3
33213;5;2
33214;5;4
33215;5;3
33216;5;1
33217;5;3
33218;5;3
33219;5;4
33220;5;1
33221;5;4
33222;5;4
33223;5;1
33224;5;4
33225;5;1
33226;5;1
33227;5;4
33228;5;1
33229;5;4
33230;5;1
33231;5;4
33232;5;1
33233;5;3
33234;5;3
33235;5;3
33236;5;4
33237;5;4
33238;5;1
33239;5;4
33240;5;4
33241;5;4
33242;5;1
33243;5;2
33244;5;1
33245;5;3
33246;5;3
33247;5;1
33248;5;3
33249;5;4
33250;5;1
33251;5;4
33252;5;3
33253;5;3
33254;5;3
33255;5;1
33256;5;4
33257;5;3
33258;5;3
33259;5;4
33260;5;4
33261;5;4
33262;5;4
33263;5;3
33264;5;1
33265;5;1
33266;5;4
33267;5;4
33268;5;3
33269;5;4
33270;5;4
33271;5;3
33272;5;3
33273;5;4
33274;5;1
33275;5;3
33276;5;3
33277;5;1
33278;5;2
33279;5;1
33280;5;1
33281;5;4
33282;5;4
33283;5;1
33284;5;1
33285;5;1
33286;5;1
33287;5;3
33288;5;1
33289;5;3
33290;5;1
33291;5;4
33292;5;1
33293;5;1
33294;5;1
33295;5;3
33296;5;1
33297;5;3
33298;5;4
33299;5;3
33300;5;3
33301;5;4
33302;5;4
33303;5;3
33304;5;4
33305;5;1
33306;5;3
33307;5;4
33308;5;1
33309;5;4
33310;5;1
33311;5;4
33312;5;3
33313;5;1
33314;5;3
33315;5;1
33316;5;1
33317;5;1
33318;5;1
33319;5;4
33320;5;1
33321;5;1
33322;5;1
33323;5;4
33324;5;4
33325;5;4
33326;5;4
33327;5;3
33328;5;4
33329;5;3
33330;5;4
33331;5;4
33332;5;1
33333;5;1
33334;5;3
33335;5;4
33336;5;4
33337;5;4
33338;5;4
33339;5;3
33340;5;4
33341;5;3
33342;5;3
33343;5;3
33344;5;4
33345;5;1
33346;5;4
33347;5;4
33348;5;3
33349;5;3
33350;5;1
33351;5;3
33352;5;1
33353;5;1
33354;5;3
33355;5;3
33356;5;1
33357;5;4
33358;5;1
33359;5;4
33360;5;2
33361;5;1
33362;5;4
33363;5;3
33364;5;3
33365;5;4
33366;5;3
33367;5;4
33368;5;3
33369;5;3
33370;5;3
33371;5;4
33372;5;3
33373;5;3
33374;5;3
33375;5;3
33376;5;3
33377;5;3
33378;5;3
33379;5;4
33380;5;3
33381;5;3
33382;5;4
33383;5;2
33384;5;4
33385;5;3
33386;5;3
33387;5;4
33388;5;1
33389;5;3
33390;5;1
33391;5;4
33392;5;1
33393;5;4
33394;5;1
33395;5;3
33396;5;1
33397;5;3
33398;5;3
33399;5;3
33400;5;4
33401;5;3
33402;5;3
33403;5;4
33404;5;1
33405;5;4
33406;5;1
33407;5;3
33408;5;4
33409;5;4
33410;5;4
33411;5;3
33412;5;4
33413;5;4
33414;5;1
33415;5;3
33416;5;1
33417;5;4
33418;5;3
33419;5;4
33420;5;4
33421;5;3
33422;5;1
33423;5;1
33424;5;4
33425;5;4
33426;5;1
33427;5;4
33428;5;3
33429;5;3
33430;5;4
33431;5;4
33432;5;3
33433;5;1
33434;5;4
33435;5;2
33436;5;3
33437;5;4
33438;5;4
33439;5;3
33440;5;3
33441;5;3
33442;5;3
33443;5;1
33444;5;3
33445;5;4
33446;5;4
33447;5;1
33448;5;3
33449;5;3
33450;5;1
33451;5;3
33452;5;4
33453;5;1
33454;5;1
33455;5;4
33456;5;4
33457;5;1
33458;5;4
33459;5;3
33460;5;4
33461;5;1
33462;5;3
33463;5;3
33464;5;4
33465;5;4
33466;5;3
33467;5;4
33468;5;1
33469;5;3
33470;5;4
33471;5;3
33472;5;3
33473;5;4
33474;5;4
33475;5;1
33476;5;1
33477;5;4
33478;5;4
33479;5;4
33480;5;3
33481;5;1
33482;5;1
33483;5;3
33484;5;1
33485;5;2
33486;5;1
33487;5;2
33488;5;4
33489;5;4
33490;5;1
33491;5;1
33492;5;4
33493;5;1
33494;5;3
33495;5;1
33496;5;4
33497;5;1
33498;5;1
33499;5;1
33500;5;4
33501;5;4
33502;5;3
33503;5;1
33504;5;4
33505;5;2
33506;5;3
33507;5;3
33508;5;4
33509;5;4
33510;5;1
33511;5;3
33512;5;4
33513;5;4
33514;5;1
33515;5;3
33516;5;1
33517;5;4
33518;5;1
33519;5;1
33520;5;1
33521;5;4
33522;5;4
33523;5;4
33524;5;1
33525;5;2
33526;5;4
33527;5;2
33528;5;3
33529;5;3
33530;5;1
33531;5;4
33532;5;1
33533;5;1
33534;5;3
33535;5;4
33536;5;4
33537;5;1
33538;5;3
33539;5;3
33540;5;1
33541;5;3
33542;5;4
33543;5;1
33544;5;3
33545;5;4
33546;5;1
33547;5;3
33548;5;3
33549;5;4
33550;5;3
33551;5;1
33552;5;3
33553;5;1
33554;5;3
33555;5;4
33556;5;1
33557;5;4
33558;5;3
33559;5;3
33560;5;3
33561;5;3
33562;5;1
33563;5;3
33564;5;4
33565;5;1
33566;5;1
33567;5;1
33568;5;4
33569;5;3
33570;5;3
33571;5;3
33572;5;3
33573;5;4
33574;5;1
33575;5;3
33576;5;3
33577;5;3
33578;5;4
33579;5;4
33580;5;4
33581;5;4
33582;5;3
33583;5;1
33584;5;4
33585;5;4
33586;5;3
33587;5;4
33588;5;3
33589;5;3
33590;5;3
33591;5;4
33592;5;3
33593;5;1
33594;5;3
33595;5;4
33596;5;4
33597;5;4
33598;5;4
33599;5;3
33600;5;3
33601;5;4
33602;5;3
33603;5;3
33604;5;3
33605;5;3
33606;5;4
33607;5;3
33608;5;1
33609;5;3
33610;5;1
33611;5;3
33612;5;3
33613;5;1
33614;5;4
33615;5;4
33616;5;4
33617;5;3
33618;5;3
33619;5;3
33620;5;3
33621;5;4
33622;5;4
33623;5;3
33624;5;1
33625;5;3
33626;5;3
33627;5;3
33628;5;1
33629;5;1
33630;5;4
33631;5;4
33632;5;4
33633;5;4
33634;5;1
33635;5;3
33636;5;3
33637;5;3
33638;5;1
33639;5;1
33640;5;3
33641;5;4
33642;5;4
33643;5;1
33644;5;3
33645;5;2
33646;5;3
33647;5;3
33648;5;3
33649;5;3
33650;5;1
33651;5;4
33652;5;4
33653;5;3
33654;5;3
33655;5;3
33656;5;3
33657;5;3
33658;5;4
33659;5;4
33660;5;1
33661;5;1
33662;5;4
33663;5;4
33664;5;1
33665;5;3
33666;5;1
33667;5;1
33668;5;4
33669;5;4
33670;5;3
33671;5;4
33672;5;3
33673;5;1
33674;5;4
33675;5;4
33676;5;3
33677;5;4
33678;5;3
33679;5;3
33680;5;2
33681;5;1
33682;5;3
33683;5;4
33684;5;3
33685;5;4
33686;5;1
33687;5;2
33688;5;2
33689;5;3
33690;5;3
33691;5;4
33692;5;1
33693;5;4
33694;5;4
33695;5;4
33696;5;1
33697;5;3
33698;5;4
33699;5;4
33700;5;2
33701;5;3
33702;5;4
33703;5;4
33704;5;4
33705;5;4
33706;5;1
33707;5;4
33708;5;4
33709;5;3
33710;5;4
33711;5;4
33712;5;4
33713;5;4
33714;5;4
33715;5;4
33716;5;4
33717;5;3
33718;5;4
33719;5;4
33720;5;4
33721;5;4
33722;5;1
33723;5;3
33724;5;1
33725;5;3
33726;5;3
33727;5;4
33728;5;3
33729;5;1
33730;5;1
33731;5;4
33732;5;4
33733;5;1
33734;5;1
33735;5;1
33736;5;1
33737;5;4
33738;5;1
33739;5;1
33740;5;3
33741;5;1
33742;5;3
33743;5;1
33744;5;4
33745;5;1
33746;5;3
33747;5;1
33748;5;1
33749;5;3
33750;5;1
33751;5;3
33752;5;4
33753;5;4
33754;5;3
33755;5;3
33756;5;3
33757;5;4
33758;5;1
33759;5;2
33760;5;3
33761;5;1
33762;5;1
33763;5;3
33764;5;2
33765;5;4
33766;5;1
33767;5;3
33768;5;3
33769;5;1
33770;5;1
33771;5;3
33772;5;2
33773;5;1
33774;5;1
33775;5;4
33776;5;1
33777;5;1
33778;5;1
33779;5;1
33780;5;1
33781;5;1
33782;5;1
33783;5;4
33784;5;1
33785;5;1
33786;5;1
33787;5;4
33788;5;3
33789;5;4
33790;5;4
33791;5;1
33792;5;3
33793;5;1
33794;5;4
33795;5;3
33796;5;4
33797;5;1
33798;5;1
33799;5;1
33800;5;4
33801;5;4
33802;5;1
33803;5;1
33804;5;3
33805;5;1
33806;5;1
33807;5;4
33808;5;4
33809;5;4
33810;5;3
33811;5;4
33812;5;4
33813;5;3
33814;5;3
33815;5;1
33816;5;3
33817;5;1
33818;5;3
33819;5;4
33820;5;4
33821;5;1
33822;5;1
33823;5;1
33824;5;4
33825;5;1
33826;5;3
33827;5;4
33828;5;1
33829;5;1
33830;5;4
33831;5;3
33832;5;4
33833;5;4
33834;5;4
33835;5;3
33836;5;4
33837;5;3
33838;5;3
33839;5;1
33840;5;1
33841;5;3
33842;5;4
33843;5;4
33844;5;1
33845;5;3
33846;5;1
33847;5;4
33848;5;1
33849;5;3
33850;5;3
33851;5;3
33852;5;1
33853;5;4
33854;5;4
33855;5;2
33856;5;1
33857;5;3
33858;5;1
33859;5;3
33860;5;3
33861;5;4
33862;5;3
33863;5;4
33864;5;3
33865;5;3
33866;5;1
33867;5;4
33868;5;3
33869;5;3
33870;5;4
33871;5;4
33872;5;1
33873;5;3
33874;5;3
33875;5;3
33876;5;4
33877;5;1
33878;5;3
33879;5;3
33880;5;1
33881;5;4
33882;5;1
33883;5;4
33884;5;4
33885;5;4
33886;5;1
33887;5;1
33888;5;1
33889;5;3
33890;5;4
33891;5;3
33892;5;1
33893;5;4
33894;5;1
33895;5;4
33896;5;1
33897;5;4
33898;5;3
33899;5;3
33900;5;4
33901;5;3
33902;5;4
33903;5;1
33904;5;3
33905;5;1
33906;5;3
33907;5;1
33908;5;4
33909;5;1
33910;5;1
33911;5;1
33912;5;4
33913;5;4
33914;5;1
33915;5;1
33916;5;4
33917;5;3
33918;5;2
33919;5;3
33920;5;3
33921;5;1
33922;5;3
33923;5;1
33924;5;4
33925;5;1
33926;5;1
33927;5;1
33928;5;1
33929;5;3
33930;5;3
33931;5;3
33932;5;3
33933;5;1
33934;5;1
33935;5;3
33936;5;1
33937;5;1
33938;5;3
33939;5;1
33940;5;4
33941;5;4
33942;5;4
33943;5;1
33944;5;3
33945;5;3
33946;5;4
33947;5;2
33948;5;1
33949;5;1
33950;5;4
33951;5;1
33952;5;1
33953;5;4
33954;5;3
33955;5;1
33956;5;4
33957;5;2
33958;5;1
33959;5;2
33960;5;3
33961;5;1
33962;5;1
33963;5;4
33964;5;4
33965;5;1
33966;5;3
33967;5;4
33968;5;4
33969;5;3
33970;5;4
33971;5;4
33972;5;1
33973;5;1
33974;5;3
33975;5;3
33976;5;4
33977;5;3
33978;5;4
33979;5;4
33980;5;3
33981;5;1
33982;5;4
33983;5;4
33984;5;1
33985;5;4
33986;5;2
33987;5;4
33988;5;4
33989;5;3
33990;5;1
33991;5;1
33992;5;3
33993;5;4
33994;5;3
33995;5;4
33996;5;3
33997;5;3
33998;5;1
33999;5;4
34000;5;1
34001;5;3
34002;5;4
34003;5;4
34004;5;1
34005;5;1
34006;5;4
34007;5;3
34008;5;2
34009;5;3
34010;5;3
34011;5;1
34012;5;4
34013;5;3
34014;5;3
34015;5;1
34016;5;1
34017;5;1
34018;5;4
34019;5;4
34020;5;1
34021;5;1
34022;5;4
34023;5;1
34024;5;1
34025;5;4
34026;5;1
34027;5;1
34028;5;1
34029;5;4
34030;5;1
34031;5;1
34032;5;4
34033;5;4
34034;5;1
34035;5;3
34036;5;3
34037;5;4
34038;5;1
34039;5;1
34040;5;4
34041;5;4
34042;5;1
34043;5;1
34044;5;4
34045;5;3
34046;5;4
34047;5;4
34048;5;4
34049;5;1
34050;5;1
34051;5;3
34052;5;3
34053;5;1
34054;5;3
34055;5;4
34056;5;4
34057;5;3
34058;5;3
34059;5;1
34060;5;3
34061;5;4
34062;5;3
34063;5;4
34064;5;4
34065;5;1
34066;5;4
34067;5;4
34068;5;4
34069;5;1
34070;5;2
34071;5;3
34072;5;4
34073;5;3
34074;5;3
34075;5;3
34076;5;4
34077;5;3
34078;5;1
34079;5;4
34080;5;1
34081;5;3
34082;5;3
34083;5;3
34084;5;4
34085;5;3
34086;5;1
34087;5;4
34088;5;1
34089;5;3
34090;5;2
34091;5;3
34092;5;1
34093;5;3
34094;5;4
34095;5;3
34096;5;3
34097;5;3
34098;5;4
34099;5;1
34100;5;4
34101;5;4
34102;5;4
34103;5;4
34104;5;4
34105;5;4
34106;5;1
34107;5;4
34108;5;1
34109;5;4
34110;5;3
34111;5;3
34112;5;3
34113;5;1
34114;5;4
34115;5;3
34116;5;4
34117;5;4
34118;5;1
34119;5;1
34120;5;1
34121;5;2
34122;5;1
34123;5;3
34124;5;1
34125;5;3
34126;5;3
34127;5;1
34128;5;3
34129;5;1
34130;5;4
34131;5;2
34132;5;1
34133;5;2
34134;5;4
34135;5;1
34136;5;1
34137;5;1
34138;5;4
34139;5;4
34140;5;3
34141;5;1
34142;5;4
34143;5;4
34144;5;4
34145;5;3
34146;5;3
34147;5;3
34148;5;1
34149;5;3
34150;5;4
34151;5;3
34152;5;1
34153;5;2
34154;5;3
34155;5;4
34156;5;4
34157;5;3
34158;5;1
34159;5;1
34160;5;4
34161;5;3
34162;5;3
34163;5;4
34164;5;1
34165;5;4
34166;5;1
34167;5;4
34168;5;3
34169;5;1
34170;5;4
34171;5;3
34172;5;3
34173;5;4
34174;5;3
34175;5;3
34176;5;4
34177;5;1
34178;5;4
34179;5;1
34180;5;3
34181;5;3
34182;5;3
34183;5;1
34184;5;3
34185;5;3
34186;5;4
34187;5;3
34188;5;3
34189;5;3
34190;5;4
34191;5;4
34192;5;3
34193;5;1
34194;5;4
34195;5;4
34196;5;3
34197;5;3
34198;5;4
34199;5;4
34200;5;3
34201;5;3
34202;5;3
34203;5;4
34204;5;3
34205;5;4
34206;5;3
34207;5;3
34208;5;3
34209;5;3
34210;5;3
34211;5;3
34212;5;4
34213;5;3
34214;5;3
34215;5;3
34216;5;2
34217;5;3
34218;5;3
34219;5;1
34220;5;3
34221;5;1
34222;5;4
34223;5;4
34224;5;1
34225;5;4
34226;5;1
34227;5;3
34228;5;1
34229;5;3
34230;5;4
34231;5;1
34232;5;1
34233;5;4
34234;5;4
34235;5;4
34236;5;4
34237;5;4
34238;5;3
34239;5;3
34240;5;3
34241;5;3
34242;5;4
34243;5;4
34244;5;4
34245;5;4
34246;5;4
34247;5;4
34248;5;4
34249;5;4
34250;5;4
34251;5;4
34252;5;4
34253;5;4
34254;5;3
34255;5;4
34256;5;4
34257;5;1
34258;5;1
34259;5;3
34260;5;1
34261;5;3
34262;5;4
34263;5;4
34264;5;1
34265;5;4
34266;5;3
34267;5;1
34268;5;3
34269;5;4
34270;5;1
34271;5;2
34272;5;4
34273;5;4
34274;5;3
34275;5;1
34276;5;1
34277;5;2
34278;5;4
34279;5;4
34280;5;1
34281;5;1
34282;5;3
34283;5;1
34284;5;1
34285;5;4
34286;5;1
34287;5;4
34288;5;3
34289;5;4
34290;5;1
34291;5;4
34292;5;1
34293;5;1
34294;5;1
34295;5;4
34296;5;1
34297;5;4
34298;5;4
34299;5;1
34300;5;1
34301;5;4
34302;5;3
34303;5;4
34304;5;1
34305;5;4
34306;5;4
34307;5;1
34308;5;3
34309;5;4
34310;5;4
34311;5;3
34312;5;1
34313;5;3
34314;5;1
34315;5;1
34316;5;3
34317;5;1
34318;5;1
34319;5;4
34320;5;4
34321;5;4
34322;5;3
34323;5;1
34324;5;3
34325;5;4
34326;5;1
34327;5;3
34328;5;4
34329;5;3
34330;5;4
34331;5;4
34332;5;3
34333;5;4
34334;5;3
34335;5;3
34336;5;3
34337;5;4
34338;5;1
34339;5;4
34340;5;3
34341;5;3
34342;5;3
34343;5;1
34344;5;3
34345;5;3
34346;5;4
34347;5;4
34348;5;3
34349;5;3
34350;5;1
34351;5;3
34352;5;4
34353;5;3
34354;5;1
34355;5;3
34356;5;1
34357;5;3
34358;5;3
34359;5;3
34360;5;4
34361;5;3
34362;5;3
34363;5;2
34364;5;1
34365;5;4
34366;5;3
34367;5;4
34368;5;3
34369;5;1
34370;5;4
34371;5;3
34372;5;1
34373;5;1
34374;5;4
34375;5;4
34376;5;3
34377;5;1
34378;5;3
34379;5;3
34380;5;1
34381;5;4
34382;5;1
34383;5;3
34384;5;3
34385;5;4
34386;5;3
34387;5;3
34388;5;1
34389;5;3
34390;5;4
34391;5;1
34392;5;3
34393;5;4
34394;5;1
34395;5;4
34396;5;4
34397;5;1
34398;5;1
34399;5;4
34400;5;3
34401;5;3
34402;5;1
34403;5;1
34404;5;1
34405;5;1
34406;5;1
34407;5;1
34408;5;1
34409;5;1
34410;5;4
34411;5;1
34412;5;1
34413;5;1
34414;5;1
34415;5;4
34416;5;1
34417;5;1
34418;5;1
34419;5;1
34420;5;1
34421;5;1
34422;5;4
34423;5;1
34424;5;1
34425;5;1
34426;5;4
34427;5;1
34428;5;3
34429;5;2
34430;5;3
34431;5;1
34432;5;4
34433;5;4
34434;5;4
34435;5;1
34436;5;1
34437;5;2
34438;5;1
34439;5;1
34440;5;3
34441;5;4
34442;5;1
34443;5;1
34444;5;4
34445;5;4
34446;5;4
34447;5;1
34448;5;4
34449;5;4
34450;5;1
34451;5;1
34452;5;1
34453;5;1
34454;5;4
34455;5;3
34456;5;1
34457;5;4
34458;5;1
34459;5;2
34460;5;4
34461;5;4
34462;5;1
34463;5;4
34464;5;4
34465;5;3
34466;5;1
34467;5;1
34468;5;1
34469;5;1
34470;5;4
34471;5;1
34472;5;1
34473;5;3
34474;5;1
34475;5;3
34476;5;4
34477;5;3
34478;5;1
34479;5;3
34480;5;1
34481;5;1
34482;5;1
34483;5;1
34484;5;3
34485;5;4
34486;5;4
34487;5;1
34488;5;1
34489;5;1
34490;5;4
34491;5;3
34492;5;2
34493;5;3
34494;5;1
34495;5;1
34496;5;4
34497;5;1
34498;5;1
34499;5;4
34500;5;4
34501;5;1
34502;5;1
34503;5;4
34504;5;1
34505;5;1
34506;5;3
34507;5;3
34508;5;4
34509;5;3
34510;5;4
34511;5;1
34512;5;1
34513;5;1
34514;5;3
34515;5;4
34516;5;3
34517;5;3
34518;5;4
34519;5;3
34520;5;3
34521;5;4
34522;5;1
34523;5;1
34524;5;3
34525;5;4
34526;5;4
34527;5;1
34528;5;3
34529;5;3
34530;5;4
34531;5;3
34532;5;1
34533;5;1
34534;5;1
34535;5;1
34536;5;1
34537;5;2
34538;5;1
34539;5;1
34540;5;1
34541;5;4
34542;5;1
34543;5;1
34544;5;3
34545;5;3
34546;5;3
34547;5;3
34548;5;1
34549;5;4
34550;5;3
34551;5;1
34552;5;4
34553;5;4
34554;5;3
34555;5;4
34556;5;2
34557;5;1
34558;5;4
34559;5;4
34560;5;1
34561;5;4
34562;5;4
34563;5;3
34564;5;3
34565;5;1
34566;5;1
34567;5;3
34568;5;3
34569;5;1
34570;5;4
34571;5;1
34572;5;1
34573;5;1
34574;5;3
34575;5;1
34576;5;3
34577;5;1
34578;5;4
34579;5;4
34580;5;1
34581;5;1
34582;5;1
34583;5;3
34584;5;4
34585;5;3
34586;5;3
34587;5;1
34588;5;4
34589;5;1
34590;5;4
34591;5;1
34592;5;4
34593;5;3
34594;5;4
34595;5;3
34596;5;4
34597;5;1
34598;5;3
34599;5;4
34600;5;3
34601;5;1
34602;5;1
34603;5;4
34604;5;4
34605;5;2
34606;5;4
34607;5;4
34608;5;4
34609;5;4
34610;5;4
34611;5;1
34612;5;3
34613;5;4
34614;5;4
34615;5;3
34616;5;4
34617;5;4
34618;5;1
34619;5;1
34620;5;1
34621;5;3
34622;5;2
34623;5;1
34624;5;4
34625;5;4
34626;5;1
34627;5;1
34628;5;4
34629;5;4
34630;5;4
34631;5;3
34632;5;4
34633;5;3
34634;5;3
34635;5;3
34636;5;4
34637;5;3
34638;5;3
34639;5;3
34640;5;3
34641;5;1
34642;5;3
34643;5;3
34644;5;1
34645;5;1
34646;5;4
34647;5;4
34648;5;4
34649;5;1
34650;5;4
34651;5;1
34652;5;1
34653;5;1
34654;5;1
34655;5;4
34656;5;4
34657;5;1
34658;5;4
34659;5;1
34660;5;4
34661;5;1
34662;5;1
34663;5;4
34664;5;1
34665;5;4
34666;5;1
34667;5;1
34668;5;4
34669;5;1
34670;5;2
34671;5;3
34672;5;3
34673;5;2
34674;5;4
34675;5;3
34676;5;4
34677;5;2
34678;5;3
34679;5;4
34680;5;4
34681;5;1
34682;5;4
34683;5;4
34684;5;3
34685;5;4
34686;5;4
34687;5;3
34688;5;4
34689;5;1
34690;5;4
34691;5;1
34692;5;4
34693;5;3
34694;5;3
34695;5;4
34696;5;1
34697;5;3
34698;5;4
34699;5;1
34700;5;3
34701;5;1
34702;5;4
34703;5;2
34704;5;1
34705;5;4
34706;5;1
34707;5;3
34708;5;1
34709;5;3
34710;5;4
34711;5;4
34712;5;1
34713;5;1
34714;5;3
34715;5;4
34716;5;1
34717;5;4
34718;5;4
34719;5;3
34720;5;3
34721;5;4
34722;5;4
34723;5;1
34724;5;2
34725;5;1
34726;5;3
34727;5;1
34728;5;3
34729;5;3
34730;5;3
34731;5;3
34732;5;1
34733;5;1
34734;5;3
34735;5;2
34736;5;3
34737;5;4
34738;5;4
34739;5;4
34740;5;4
34741;5;1
34742;5;3
34743;5;3
34744;5;3
34745;5;3
34746;5;3
34747;5;1
34748;5;3
34749;5;3
34750;5;3
34751;5;4
34752;5;3
34753;5;3
34754;5;4
34755;5;1
34756;5;4
34757;5;1
34758;5;1
34759;5;3
34760;5;4
34761;5;4
34762;5;1
34763;5;3
34764;5;4
34765;5;3
34766;5;4
34767;5;1
34768;5;4
34769;5;4
34770;5;1
34771;5;1
34772;5;3
34773;5;3
34774;5;4
34775;5;4
34776;5;4
34777;5;3
34778;5;4
34779;5;1
34780;5;1
34781;5;1
34782;5;3
34783;5;4
34784;5;3
34785;5;4
34786;5;4
34787;5;4
34788;5;4
34789;5;4
34790;5;3
34791;5;1
34792;5;1
34793;5;4
34794;5;1
34795;5;1
34796;5;4
34797;5;4
34798;5;4
34799;5;4
34800;5;4
34801;5;4
34802;5;4
34803;5;4
34804;5;4
34805;5;4
34806;5;3
34807;5;4
34808;5;1
34809;5;1
34810;5;1
34811;5;3
34812;5;1
34813;5;3
34814;5;4
34815;5;3
34816;5;4
34817;5;3
34818;5;1
34819;5;1
34820;5;1
34821;5;3
34822;5;1
34823;5;4
34824;5;3
34825;5;3
34826;5;3
34827;5;3
34828;5;3
34829;5;3
34830;5;1
34831;5;4
34832;5;4
34833;5;3
34834;5;1
34835;5;4
34836;5;4
34837;5;1
34838;5;3
34839;5;4
34840;5;1
34841;5;4
34842;5;1
34843;5;4
34844;5;1
34845;5;4
34846;5;1
34847;5;1
34848;5;1
34849;5;3
34850;5;3
34851;5;1
34852;5;4
34853;5;3
34854;5;4
34855;5;1
34856;5;4
34857;5;3
34858;5;4
34859;5;1
34860;5;1
34861;5;1
34862;5;3
34863;5;1
34864;5;1
34865;5;4
34866;5;1
34867;5;3
34868;5;1
34869;5;3
34870;5;3
34871;5;1
34872;5;4
34873;5;3
34874;5;1
34875;5;3
34876;5;1
34877;5;3
34878;5;3
34879;5;3
34880;5;4
34881;5;3
34882;5;4
34883;5;3
34884;5;4
34885;5;4
34886;5;3
34887;5;1
34888;5;3
34889;5;1
34890;5;3
34891;5;3
34892;5;3
34893;5;4
34894;5;4
34895;5;3
34896;5;4
34897;5;3
34898;5;3
34899;5;1
34900;5;3
34901;5;1
34902;5;4
34903;5;4
34904;5;3
34905;5;4
34906;5;1
34907;5;4
34908;5;3
34909;5;1
34910;5;4
34911;5;1
34912;5;1
34913;5;3
34914;5;1
34915;5;4
34916;5;3
34917;5;4
34918;5;1
34919;5;1
34920;5;1
34921;5;4
34922;5;1
34923;5;4
34924;5;3
34925;5;3
34926;5;4
34927;5;4
34928;5;3
34929;5;4
34930;5;3
34931;5;3
34932;5;1
34933;5;3
34934;5;3
34935;5;3
34936;5;4
34937;5;4
34938;5;3
34939;5;1
34940;5;3
34941;5;3
34942;5;3
34943;5;3
34944;5;4
34945;5;3
34946;5;4
34947;5;3
34948;5;4
34949;5;1
34950;5;1
34951;5;1
34952;5;1
34953;5;1
34954;5;4
34955;5;4
34956;5;1
34957;5;3
34958;5;1
34959;5;4
34960;5;3
34961;5;4
34962;5;3
34963;5;3
34964;5;3
34965;5;1
34966;5;3
34967;5;4
34968;5;4
34969;5;4
34970;5;1
34971;5;3
34972;5;4
34973;5;3
34974;5;3
34975;5;1
34976;5;4
34977;5;1
34978;5;1
34979;5;4
34980;5;3
34981;5;1
34982;5;1
34983;5;4
34984;5;4
34985;5;1
34986;5;2
34987;5;3
34988;5;4
34989;5;4
34990;5;1
34991;5;1
34992;5;4
34993;5;4
34994;5;1
34995;5;4
34996;5;1
34997;5;1
34998;5;4
34999;5;1
35000;5;4
35001;5;3
35002;5;3
35003;5;4
35004;5;3
35005;5;1
35006;5;1
35007;5;1
35008;5;3
35009;5;4
35010;5;1
35011;5;1
35012;5;3
35013;5;1
35014;5;1
35015;5;1
35016;5;3
35017;5;1
35018;5;3
35019;5;1
35020;5;3
35021;5;1
35022;5;4
35023;5;1
35024;5;1
35025;5;3
35026;5;1
35027;5;4
35028;5;1
35029;5;3
35030;5;1
35031;5;3
35032;5;3
35033;5;1
35034;5;3
35035;5;4
35036;5;1
35037;5;1
35038;5;1
35039;5;1
35040;5;1
35041;5;1
35042;5;1
35043;5;4
35044;5;1
35045;5;1
35046;5;4
35047;5;1
35048;5;1
35049;5;3
35050;5;1
35051;5;1
35052;5;1
35053;5;4
35054;5;1
35055;5;3
35056;5;1
35057;5;1
35058;5;1
35059;5;3
35060;5;1
35061;5;3
35062;5;3
35063;5;3
35064;5;1
35065;5;3
35066;5;3
35067;5;1
35068;5;1
35069;5;1
35070;5;1
35071;5;1
35072;5;3
35073;5;1
35074;5;1
35075;5;1
35076;5;1
35077;5;3
35078;5;1
35079;5;1
35080;5;1
35081;5;3
35082;5;1
35083;5;4
35084;5;1
35085;5;3
35086;5;1
35087;5;3
35088;5;3
35089;5;1
35090;5;3
35091;5;3
35092;5;3
35093;5;3
35094;5;3
35095;5;4
35096;5;2
35097;5;4
35098;5;1
35099;5;3
35100;5;1
35101;5;3
35102;5;1
35103;5;4
35104;5;3
35105;5;3
35106;5;4
35107;5;3
35108;5;1
35109;5;3
35110;5;3
35111;5;3
35112;5;3
35113;5;2
35114;5;3
35115;5;1
35116;5;3
35117;5;3
35118;5;4
35119;5;4
35120;5;4
35121;5;3
35122;5;1
35123;5;4
35124;5;1
35125;5;4
35126;5;1
35127;5;3
35128;5;1
35129;5;4
35130;5;1
35131;5;4
35132;5;4
35133;5;3
35134;5;3
35135;5;4
35136;5;4
35137;5;1
35138;5;4
35139;5;1
35140;5;3
35141;5;4
35142;5;4
35143;5;4
35144;5;3
35145;5;3
35146;5;3
35147;5;3
35148;5;3
35149;5;1
35150;5;3
35151;5;1
35152;5;3
35153;5;3
35154;5;1
35155;5;1
35156;5;1
35157;5;4
35158;5;4
35159;5;4
35160;5;4
35161;5;4
35162;5;4
35163;5;3
35164;5;4
35165;5;1
35166;5;2
35167;5;3
35168;5;1
35169;5;1
35170;5;4
35171;5;4
35172;5;3
35173;5;4
35174;5;4
35175;5;1
35176;5;1
35177;5;3
35178;5;4
35179;5;1
35180;5;1
35181;5;1
35182;5;1
35183;5;4
35184;5;1
35185;5;4
35186;5;1
35187;5;3
35188;5;3
35189;5;4
35190;5;1
35191;5;1
35192;5;1
35193;5;3
35194;5;3
35195;5;3
35196;5;3
35197;5;1
35198;5;3
35199;5;1
35200;5;4
35201;5;4
35202;5;1
35203;5;3
35204;5;1
35205;5;1
35206;5;3
35207;5;1
35208;5;3
35209;5;1
35210;5;3
35211;5;3
35212;5;1
35213;5;4
35214;5;3
35215;5;3
35216;5;1
35217;5;3
35218;5;1
35219;5;4
35220;5;4
35221;5;4
35222;5;3
35223;5;3
35224;5;3
35225;5;4
35226;5;1
35227;5;3
35228;5;3
35229;5;1
35230;5;3
35231;5;3
35232;5;3
35233;5;3
35234;5;3
35235;5;1
35236;5;4
35237;5;3
35238;5;3
35239;5;1
35240;5;1
35241;5;3
35242;5;1
35243;5;3
35244;5;4
35245;5;3
35246;5;3
35247;5;3
35248;5;3
35249;5;3
35250;5;3
35251;5;3
35252;5;4
35253;5;4
35254;5;1
35255;5;1
35256;5;3
35257;5;3
35258;5;1
35259;5;4
35260;5;3
35261;5;3
35262;5;3
35263;5;3
35264;5;3
35265;5;3
35266;5;1
35267;5;1
35268;5;3
35269;5;4
35270;5;3
35271;5;4
35272;5;4
35273;5;3
35274;5;3
35275;5;3
35276;5;3
35277;5;4
35278;5;3
35279;5;3
35280;5;3
35281;5;3
35282;5;3
35283;5;4
35284;5;3
35285;5;3
35286;5;3
35287;5;3
35288;5;4
35289;5;3
35290;5;3
35291;5;3
35292;5;3
35293;5;3
35294;5;3
35295;5;3
35296;5;4
35297;5;4
35298;5;4
35299;5;4
35300;5;3
35301;5;4
35302;5;3
35303;5;4
35304;5;4
35305;5;4
35306;5;4
35307;5;4
35308;5;3
35309;5;3
35310;5;4
35311;5;3
35312;5;3
35313;5;4
35314;5;3
35315;5;4
35316;5;3
35317;5;4
35318;5;1
35319;5;3
35320;5;1
35321;5;4
35322;5;3
35323;5;3
35324;5;4
35325;5;3
35326;5;3
35327;5;3
35328;5;3
35329;5;3
35330;5;3
35331;5;3
35332;5;4
35333;5;4
35334;5;3
35335;5;3
35336;5;4
35337;5;1
35338;5;1
35339;5;3
35340;5;3
35341;5;4
35342;5;4
35343;5;4
35344;5;1
35345;5;4
35346;5;4
35347;5;1
35348;5;3
35349;5;1
35350;5;1
35351;5;4
35352;5;1
35353;5;4
35354;5;4
35355;5;3
35356;5;3
35357;5;4
35358;5;3
35359;5;4
35360;5;1
35361;5;3
35362;5;4
35363;5;1
35364;5;1
35365;5;4
35366;5;1
35367;5;4
35368;5;1
35369;5;4
35370;5;3
35371;5;3
35372;5;3
35373;5;3
35374;5;3
35375;5;3
35376;5;4
35377;5;1
35378;5;3
35379;5;1
35380;5;3
35381;5;4
35382;5;4
35383;5;4
35384;5;3
35385;5;2
35386;5;3
35387;5;4
35388;5;4
35389;5;2
35390;5;3
35391;5;1
35392;5;1
35393;5;1
35394;5;4
35395;5;3
35396;5;3
35397;5;1
35398;5;1
35399;5;3
35400;5;3
35401;5;1
35402;5;4
35403;5;2
35404;5;2
35405;5;3
35406;5;4
35407;5;3
35408;5;1
35409;5;4
35410;5;1
35411;5;2
35412;5;1
35413;5;1
35414;5;1
35415;5;4
35416;5;3
35417;5;2
35418;5;3
35419;5;3
35420;5;4
35421;5;3
35422;5;3
35423;5;1
35424;5;3
35425;5;2
35426;5;4
35427;5;2
35428;5;3
35429;5;1
35430;5;3
35431;5;3
35432;5;4
35433;5;4
35434;5;2
35435;5;1
35436;5;1
35437;5;3
35438;5;1
35439;5;4
35440;5;4
35441;5;1
35442;5;4
35443;5;3
35444;5;3
35445;5;3
35446;5;4
35447;5;1
35448;5;2
35449;5;3
35450;5;1
35451;5;3
35452;5;4
35453;5;4
35454;5;4
35455;5;3
35456;5;3
35457;5;1
35458;5;3
35459;5;3
35460;5;4
35461;5;1
35462;5;4
35463;5;4
35464;5;1
35465;5;3
35466;5;3
35467;5;3
35468;5;1
35469;5;4
35470;5;1
35471;5;1
35472;5;4
35473;5;4
35474;5;4
35475;5;1
35476;5;1
35477;5;4
35478;5;3
35479;5;4
35480;5;4
35481;5;3
35482;5;1
35483;5;1
35484;5;3
35485;5;3
35486;5;3
35487;5;3
35488;5;2
35489;5;4
35490;5;4
35491;5;3
35492;5;1
35493;5;3
35494;5;3
35495;5;1
35496;5;1
35497;5;1
35498;5;1
35499;5;3
35500;5;1
35501;5;3
35502;5;3
35503;5;3
35504;5;1
35505;5;1
35506;5;3
35507;5;4
35508;5;3
35509;5;3
35510;5;3
35511;5;4
35512;5;1
35513;5;1
35514;5;1
35515;5;3
35516;5;1
35517;5;4
35518;5;4
35519;5;1
35520;5;3
35521;5;1
35522;5;3
35523;5;1
35524;5;1
35525;5;1
35526;5;1
35527;5;3
35528;5;4
35529;5;3
35530;5;3
35531;5;3
35532;5;4
35533;5;3
35534;5;4
35535;5;4
35536;5;1
35537;5;3
35538;5;1
35539;5;1
35540;5;4
35541;5;1
35542;5;1
35543;5;3
35544;5;4
35545;5;3
35546;5;3
35547;5;1
35548;5;3
35549;5;1
35550;5;1
35551;5;3
35552;5;3
35553;5;4
35554;5;4
35555;5;1
35556;5;3
35557;5;1
35558;5;1
35559;5;1
35560;5;1
35561;5;3
35562;5;1
35563;5;4
35564;5;3
35565;5;1
35566;5;3
35567;5;3
35568;5;1
35569;5;4
35570;5;1
35571;5;1
35572;5;3
35573;5;3
35574;5;4
35575;5;2
35576;5;3
35577;5;3
35578;5;4
35579;5;4
35580;5;1
35581;5;1
35582;5;1
35583;5;1
35584;5;3
35585;5;4
35586;5;3
35587;5;4
35588;5;4
35589;5;3
35590;5;4
35591;5;4
35592;5;3
35593;5;3
35594;5;4
35595;5;1
35596;5;3
35597;5;3
35598;5;4
35599;5;3
35600;5;3
35601;5;3
35602;5;3
35603;5;3
35604;5;4
35605;5;4
35606;5;1
35607;5;4
35608;5;3
35609;5;4
35610;5;1
35611;5;4
35612;5;4
35613;5;4
35614;5;3
35615;5;4
35616;5;4
35617;5;1
35618;5;1
35619;5;3
35620;5;3
35621;5;3
35622;5;3
35623;5;4
35624;5;4
35625;5;4
35626;5;4
35627;5;3
35628;5;4
35629;5;2
35630;5;4
35631;5;1
35632;5;1
35633;5;4
35634;5;3
35635;5;4
35636;5;3
35637;5;3
35638;5;1
35639;5;2
35640;5;1
35641;5;3
35642;5;1
35643;5;3
35644;5;3
35645;5;1
35646;5;1
35647;5;3
35648;5;1
35649;5;3
35650;5;3
35651;5;1
35652;5;4
35653;5;4
35654;5;3
35655;5;3
35656;5;4
35657;5;3
35658;5;3
35659;5;4
35660;5;4
35661;5;3
35662;5;4
35663;5;3
35664;5;4
35665;5;4
35666;5;3
35667;5;4
35668;5;3
35669;5;1
35670;5;3
35671;5;3
35672;5;3
35673;5;1
35674;5;3
35675;5;4
35676;5;4
35677;5;4
35678;5;4
35679;5;3
35680;5;3
35681;5;3
35682;5;4
35683;5;3
35684;5;3
35685;5;1
35686;5;3
35687;5;3
35688;5;3
35689;5;3
35690;5;4
35691;5;4
35692;5;1
35693;5;3
35694;5;3
35695;5;4
35696;5;4
35697;5;3
35698;5;3
35699;5;4
35700;5;1
35701;5;3
35702;5;1
35703;5;4
35704;5;3
35705;5;4
35706;5;3
35707;5;3
35708;5;1
35709;5;1
35710;5;3
35711;5;3
35712;5;3
35713;5;3
35714;5;4
35715;5;4
35716;5;1
35717;5;1
35718;5;1
35719;5;2
35720;5;3
35721;5;4
35722;5;4
35723;5;4
35724;5;1
35725;5;3
35726;5;3
35727;5;3
35728;5;3
35729;5;3
35730;5;4
35731;5;3
35732;5;4
35733;5;1
35734;5;3
35735;5;3
35736;5;3
35737;5;4
35738;5;1
35739;5;4
35740;5;1
35741;5;3
35742;5;4
35743;5;1
35744;5;1
35745;5;3
35746;5;3
35747;5;3
35748;5;3
35749;5;1
35750;5;1
35751;5;3
35752;5;1
35753;5;3
35754;5;1
35755;5;1
35756;5;3
35757;5;1
35758;5;3
35759;5;4
35760;5;1
35761;5;3
35762;5;4
35763;5;3
35764;5;3
35765;5;4
35766;5;3
35767;5;4
35768;5;3
35769;5;4
35770;5;1
35771;5;3
35772;5;4
35773;5;3
35774;5;3
35775;5;3
35776;5;4
35777;5;3
35778;5;3
35779;5;4
35780;5;3
35781;5;3
35782;5;1
35783;5;3
35784;5;1
35785;5;4
35786;5;3
35787;5;1
35788;5;2
35789;5;3
35790;5;3
35791;5;4
35792;5;3
35793;5;1
35794;5;4
35795;5;1
35796;5;3
35797;5;1
35798;5;3
35799;5;1
35800;5;4
35801;5;1
35802;5;3
35803;5;4
35804;5;3
35805;5;3
35806;5;3
35807;5;3
35808;5;4
35809;5;3
35810;5;3
35811;5;4
35812;5;4
35813;5;3
35814;5;3
35815;5;3
35816;5;4
35817;5;3
35818;5;2
35819;5;4
35820;5;4
35821;5;3
35822;5;4
35823;5;3
35824;5;3
35825;5;1
35826;5;4
35827;5;1
35828;5;3
35829;5;4
35830;5;3
35831;5;4
35832;5;4
35833;5;4
35834;5;3
35835;5;3
35836;5;3
35837;5;1
35838;5;1
35839;5;4
35840;5;4
35841;5;1
35842;5;3
35843;5;4
35844;5;1
35845;5;1
35846;5;4
35847;5;3
35848;5;3
35849;5;1
35850;5;3
35851;5;3
35852;5;3
35853;5;1
35854;5;2
35855;5;1
35856;5;4
35857;5;3
35858;5;3
35859;5;4
35860;5;3
35861;5;1
35862;5;3
35863;5;4
35864;5;4
35865;5;3
35866;5;3
35867;5;3
35868;5;1
35869;5;4
35870;5;4
35871;5;4
35872;5;1
35873;5;1
35874;5;3
35875;5;3
35876;5;3
35877;5;1
35878;5;4
35879;5;3
35880;5;3
35881;5;4
35882;5;1
35883;5;4
35884;5;3
35885;5;3
35886;5;4
35887;5;3
35888;5;1
35889;5;3
35890;5;4
35891;5;1
35892;5;3
35893;5;3
35894;5;1
35895;5;3
35896;5;1
35897;5;4
35898;5;1
35899;5;3
35900;5;1
35901;5;3
35902;5;3
35903;5;4
35904;5;3
35905;5;4
35906;5;1
35907;5;4
35908;5;3
35909;5;4
35910;5;1
35911;5;4
35912;5;1
35913;5;3
35914;5;4
35915;5;3
35916;5;4
35917;5;4
35918;5;1
35919;5;3
35920;5;4
35921;5;1
35922;5;4
35923;5;4
35924;5;4
35925;5;1
35926;5;4
35927;5;4
35928;5;1
35929;5;4
35930;5;1
35931;5;3
35932;5;3
35933;5;4
35934;5;3
35935;5;3
35936;5;3
35937;5;3
35938;5;3
35939;5;1
35940;5;1
35941;5;3
35942;5;1
35943;5;4
35944;5;3
35945;5;1
35946;5;1
35947;5;3
35948;5;3
35949;5;1
35950;5;4
35951;5;1
35952;5;4
35953;5;3
35954;5;4
35955;5;1
35956;5;4
35957;5;3
35958;5;3
35959;5;4
35960;5;1
35961;5;3
35962;5;4
35963;5;3
35964;5;3
35965;5;3
35966;5;4
35967;5;3
35968;5;3
35969;5;4
35970;5;4
35971;5;4
35972;5;4
35973;5;4
35974;5;4
35975;5;1
35976;5;3
35977;5;4
35978;5;1
35979;5;3
35980;5;3
35981;5;3
35982;5;3
35983;5;1
35984;5;4
35985;5;3
35986;5;3
35987;5;1
35988;5;4
35989;5;4
35990;5;4
35991;5;3
35992;5;1
35993;5;1
35994;5;1
35995;5;1
35996;5;4
35997;5;3
35998;5;3
35999;5;3
36000;5;4
36001;5;4
36002;5;4
36003;5;4
36004;5;4
36005;5;4
36006;5;3
36007;5;3
36008;5;4
36009;5;3
36010;5;4
36011;5;3
36012;5;4
36013;5;1
36014;5;2
36015;5;1
36016;5;1
36017;5;1
36018;5;4
36019;5;1
36020;5;3
36021;5;4
36022;5;1
36023;5;3
36024;5;3
36025;5;3
36026;5;1
36027;5;4
36028;5;1
36029;5;4
36030;5;3
36031;5;1
36032;5;1
36033;5;1
36034;5;1
36035;5;1
36036;5;1
36037;5;3
36038;5;1
36039;5;3
36040;5;1
36041;5;1
36042;5;2
36043;5;3
36044;5;1
36045;5;3
36046;5;3
36047;5;1
36048;5;3
36049;5;1
36050;5;1
36051;5;1
36052;5;3
36053;5;4
36054;5;3
36055;5;4
36056;5;4
36057;5;3
36058;5;4
36059;5;4
36060;5;3
36061;5;3
36062;5;3
36063;5;4
36064;5;4
36065;5;3
36066;5;1
36067;5;4
36068;5;3
36069;5;3
36070;5;3
36071;5;1
36072;5;3
36073;5;4
36074;5;3
36075;5;3
36076;5;3
36077;5;1
36078;5;4
36079;5;3
36080;5;4
36081;5;4
36082;5;3
36083;5;3
36084;5;3
36085;5;4
36086;5;3
36087;5;1
36088;5;1
36089;5;3
36090;5;4
36091;5;3
36092;5;1
36093;5;1
36094;5;1
36095;5;4
36096;5;4
36097;5;3
36098;5;4
36099;5;3
36100;5;1
36101;5;1
36102;5;4
36103;5;2
36104;5;1
36105;5;4
36106;5;4
36107;5;3
36108;5;4
36109;5;4
36110;5;4
36111;5;4
36112;5;4
36113;5;4
36114;5;1
36115;5;4
36116;5;3
36117;5;4
36118;5;3
36119;5;4
36120;5;3
36121;5;3
36122;5;4
36123;5;4
36124;5;3
36125;5;3
36126;5;4
36127;5;1
36128;5;1
36129;5;1
36130;5;1
36131;5;4
36132;5;4
36133;5;1
36134;5;1
36135;5;4
36136;5;3
36137;5;4
36138;5;4
36139;5;4
36140;5;4
36141;5;4
36142;5;3
36143;5;4
36144;5;1
36145;5;3
36146;5;1
36147;5;1
36148;5;3
36149;5;4
36150;5;3
36151;5;3
36152;5;3
36153;5;1
36154;5;4
36155;5;4
36156;5;4
36157;5;4
36158;5;3
36159;5;3
36160;5;3
36161;5;1
36162;5;4
36163;5;3
36164;5;1
36165;5;3
36166;5;4
36167;5;3
36168;5;4
36169;5;4
36170;5;1
36171;5;4
36172;5;4
36173;5;3
36174;5;1
36175;5;4
36176;5;2
36177;5;4
36178;5;4
36179;5;1
36180;5;1
36181;5;4
36182;5;4
36183;5;3
36184;5;1
36185;5;3
36186;5;1
36187;5;1
36188;5;4
36189;5;4
36190;5;3
36191;5;3
36192;5;1
36193;5;3
36194;5;3
36195;5;4
36196;5;4
36197;5;3
36198;5;4
36199;5;4
36200;5;1
36201;5;1
36202;5;2
36203;5;4
36204;5;4
36205;5;3
36206;5;3
36207;5;3
36208;5;3
36209;5;4
36210;5;3
36211;5;1
36212;5;1
36213;5;4
36214;5;1
36215;5;3
36216;5;4
36217;5;2
36218;5;4
36219;5;3
36220;5;3
36221;5;3
36222;5;1
36223;5;3
36224;5;1
36225;5;1
36226;5;3
36227;5;4
36228;5;1
36229;5;1
36230;5;4
36231;5;4
36232;5;1
36233;5;4
36234;5;4
36235;5;1
36236;5;1
36237;5;1
36238;5;3
36239;5;1
36240;5;4
36241;5;3
36242;5;4
36243;5;3
36244;5;1
36245;5;1
36246;5;4
36247;5;3
36248;5;3
36249;5;4
36250;5;1
36251;5;4
36252;5;4
36253;5;3
36254;5;4
36255;5;4
36256;5;3
36257;5;1
36258;5;1
36259;5;3
36260;5;3
36261;5;1
36262;5;3
36263;5;1
36264;5;4
36265;5;1
36266;5;3
36267;5;1
36268;5;4
36269;5;1
36270;5;1
36271;5;1
36272;5;4
36273;5;4
36274;5;1
36275;5;1
36276;5;1
36277;5;1
36278;5;4
36279;5;3
36280;5;4
36281;5;1
36282;5;1
36283;5;4
36284;5;3
36285;5;3
36286;5;3
36287;5;2
36288;5;3
36289;5;1
36290;5;1
36291;5;4
36292;5;2
36293;5;4
36294;5;3
36295;5;1
36296;5;2
36297;5;3
36298;5;1
36299;5;1
36300;5;3
36301;5;1
36302;5;3
36303;5;4
36304;5;4
36305;5;1
36306;5;1
36307;5;3
36308;5;1
36309;5;4
36310;5;1
36311;5;3
36312;5;3
36313;5;3
36314;5;3
36315;5;3
36316;5;1
36317;5;4
36318;5;3
36319;5;3
36320;5;3
36321;5;4
36322;5;4
36323;5;1
36324;5;3
36325;5;4
36326;5;1
36327;5;3
36328;5;1
36329;5;4
36330;5;1
36331;5;1
36332;5;3
36333;5;4
36334;5;4
36335;5;3
36336;5;3
36337;5;4
36338;5;1
36339;5;3
36340;5;4
36341;5;4
36342;5;4
36343;5;3
36344;5;3
36345;5;4
36346;5;3
36347;5;3
36348;5;3
36349;5;1
36350;5;4
36351;5;1
36352;5;4
36353;5;1
36354;5;1
36355;5;3
36356;5;4
36357;5;3
36358;5;3
36359;5;3
36360;5;1
36361;5;1
36362;5;1
36363;5;1
36364;5;1
36365;5;4
36366;5;4
36367;5;4
36368;5;1
36369;5;3
36370;5;1
36371;5;4
36372;5;3
36373;5;3
36374;5;1
36375;5;1
36376;5;3
36377;5;3
36378;5;4
36379;5;4
36380;5;1
36381;5;1
36382;5;4
36383;5;1
36384;5;2
36385;5;4
36386;5;1
36387;5;1
36388;5;4
36389;5;4
36390;5;3
36391;5;3
36392;5;1
36393;5;1
36394;5;4
36395;5;1
36396;5;1
36397;5;4
36398;5;1
36399;5;2
36400;5;1
36401;5;3
36402;5;3
36403;5;4
36404;5;3
36405;5;4
36406;5;3
36407;5;4
36408;5;3
36409;5;4
36410;5;1
36411;5;4
36412;5;4
36413;5;3
36414;5;1
36415;5;1
36416;5;4
36417;5;2
36418;5;4
36419;5;4
36420;5;3
36421;5;1
36422;5;3
36423;5;4
36424;5;4
36425;5;1
36426;5;4
36427;5;4
36428;5;4
36429;5;1
36430;5;4
36431;5;3
36432;5;1
36433;5;1
36434;5;3
36435;5;1
36436;5;4
36437;5;1
36438;5;3
36439;5;3
36440;5;3
36441;5;4
36442;5;4
36443;5;4
36444;5;1
36445;5;1
36446;5;1
36447;5;4
36448;5;4
36449;5;4
36450;5;4
36451;5;3
36452;5;3
36453;5;3
36454;5;1
36455;5;4
36456;5;3
36457;5;1
36458;5;1
36459;5;3
36460;5;4
36461;5;3
36462;5;1
36463;5;4
36464;5;3
36465;5;3
36466;5;3
36467;5;2
36468;5;3
36469;5;3
36470;5;4
36471;5;3
36472;5;3
36473;5;3
36474;5;1
36475;5;1
36476;5;4
36477;5;1
36478;5;3
36479;5;3
36480;5;1
36481;5;4
36482;5;1
36483;5;1
36484;5;3
36485;5;3
36486;5;3
36487;5;1
36488;5;4
36489;5;1
36490;5;4
36491;5;4
36492;5;1
36493;5;3
36494;5;3
36495;5;1
36496;5;4
36497;5;3
36498;5;4
36499;5;4
36500;5;4
36501;5;3
36502;5;3
36503;5;3
36504;5;3
36505;5;4
36506;5;3
36507;5;1
36508;5;3
36509;5;1
36510;5;1
36511;5;4
36512;5;3
36513;5;4
36514;5;3
36515;5;4
36516;5;3
36517;5;4
36518;5;1
36519;5;1
36520;5;3
36521;5;3
36522;5;1
36523;5;3
36524;5;3
36525;5;1
36526;5;3
36527;5;4
36528;5;3
36529;5;3
36530;5;4
36531;5;4
36532;5;1
36533;5;3
36534;5;4
36535;5;4
36536;5;3
36537;5;3
36538;5;4
36539;5;1
36540;5;1
36541;5;4
36542;5;3
36543;5;4
36544;5;4
36545;5;4
36546;5;4
36547;5;4
36548;5;4
36549;5;4
36550;5;4
36551;5;4
36552;5;3
36553;5;1
36554;5;3
36555;5;3
36556;5;3
36557;5;3
36558;5;3
36559;5;4
36560;5;1
36561;5;4
36562;5;1
36563;5;1
36564;5;4
36565;5;4
36566;5;3
36567;5;4
36568;5;3
36569;5;4
36570;5;4
36571;5;1
36572;5;4
36573;5;4
36574;5;1
36575;5;4
36576;5;4
36577;5;1
36578;5;3
36579;5;1
36580;5;1
36581;5;3
36582;5;1
36583;5;4
36584;5;3
36585;5;4
36586;5;3
36587;5;4
36588;5;4
36589;5;1
36590;5;1
36591;5;4
36592;5;4
36593;5;3
36594;5;1
36595;5;1
36596;5;1
36597;5;1
36598;5;4
36599;5;4
36600;5;4
36601;5;3
36602;5;3
36603;5;2
36604;5;3
36605;5;3
36606;5;1
36607;5;3
36608;5;3
36609;5;1
36610;5;3
36611;5;1
36612;5;3
36613;5;2
36614;5;1
36615;5;1
36616;5;3
36617;5;3
36618;5;4
36619;5;3
36620;5;4
36621;5;4
36622;5;3
36623;5;3
36624;5;1
36625;5;3
36626;5;4
36627;5;1
36628;5;1
36629;5;1
36630;5;3
36631;5;3
36632;5;4
36633;5;1
36634;5;4
36635;5;3
36636;5;3
36637;5;3
36638;5;3
36639;5;3
36640;5;2
36641;5;1
36642;5;4
36643;5;1
36644;5;4
36645;5;3
36646;5;3
36647;5;4
36648;5;3
36649;5;3
36650;5;3
36651;5;3
36652;5;4
36653;5;4
36654;5;3
36655;5;3
36656;5;1
36657;5;4
36658;5;1
36659;5;1
36660;5;4
36661;5;3
36662;5;3
36663;5;1
36664;5;1
36665;5;4
36666;5;1
36667;5;3
36668;5;4
36669;5;1
36670;5;4
36671;5;4
36672;5;1
36673;5;1
36674;5;4
36675;5;4
36676;5;1
36677;5;4
36678;5;1
36679;5;4
36680;5;2
36681;5;1
36682;5;4
36683;5;4
36684;5;1
36685;5;1
36686;5;4
36687;5;4
36688;5;4
36689;5;1
36690;5;1
36691;5;4
36692;5;1
36693;5;3
36694;5;4
36695;5;3
36696;5;4
36697;5;3
36698;5;3
36699;5;3
36700;5;3
36701;5;1
36702;5;4
36703;5;3
36704;5;1
36705;5;4
36706;5;3
36707;5;2
36708;5;3
36709;5;3
36710;5;3
36711;5;1
36712;5;1
36713;5;1
36714;5;3
36715;5;4
36716;5;4
36717;5;1
36718;5;4
36719;5;3
36720;5;4
36721;5;1
36722;5;1
36723;5;2
36724;5;3
36725;5;1
36726;5;1
36727;5;4
36728;5;1
36729;5;3
36730;5;1
36731;5;1
36732;5;1
36733;5;1
36734;5;4
36735;5;1
36736;5;1
36737;5;1
36738;5;3
36739;5;1
36740;5;1
36741;5;4
36742;5;1
36743;5;1
36744;5;3
36745;5;1
36746;5;1
36747;5;3
36748;5;4
36749;5;4
36750;5;3
36751;5;1
36752;5;1
36753;5;1
36754;5;1
36755;5;4
36756;5;1
36757;5;1
36758;5;1
36759;5;3
36760;5;1
36761;5;4
36762;5;1
36763;5;4
36764;5;1
36765;5;1
36766;5;1
36767;5;4
36768;5;1
36769;5;1
36770;5;3
36771;5;4
36772;5;1
36773;5;4
36774;5;1
36775;5;1
36776;5;3
36777;5;1
36778;5;3
36779;5;1
36780;5;3
36781;5;1
36782;5;4
36783;5;1
36784;5;3
36785;5;3
36786;5;3
36787;5;3
36788;5;3
36789;5;1
36790;5;1
36791;5;1
36792;5;1
36793;5;1
36794;5;1
36795;5;4
36796;5;3
36797;5;4
36798;5;1
36799;5;4
36800;5;1
36801;5;4
36802;5;4
36803;5;3
36804;5;3
36805;5;1
36806;5;3
36807;5;3
36808;5;1
36809;5;3
36810;5;1
36811;5;4
36812;5;1
36813;5;1
36814;5;1
36815;5;4
36816;5;4
36817;5;4
36818;5;3
36819;5;1
36820;5;4
36821;5;1
36822;5;3
36823;5;1
36824;5;3
36825;5;1
36826;5;4
36827;5;1
36828;5;2
36829;5;3
36830;5;1
36831;5;1
36832;5;3
36833;5;4
36834;5;3
36835;5;1
36836;5;1
36837;5;3
36838;5;3
36839;5;1
36840;5;4
36841;5;3
36842;5;1
36843;5;3
36844;5;3
36845;5;3
36846;5;4
36847;5;4
36848;5;3
36849;5;1
36850;5;1
36851;5;4
36852;5;1
36853;5;1
36854;5;1
36855;5;1
36856;5;3
36857;5;1
36858;5;4
36859;5;4
36860;5;4
36861;5;3
36862;5;4
36863;5;1
36864;5;4
36865;5;4
36866;5;3
36867;5;3
36868;5;4
36869;5;4
36870;5;4
36871;5;1
36872;5;1
36873;5;4
36874;5;3
36875;5;1
36876;5;4
36877;5;3
36878;5;3
36879;5;1
36880;5;3
36881;5;3
36882;5;4
36883;5;4
36884;5;3
36885;5;1
36886;5;3
36887;5;4
36888;5;3
36889;5;3
36890;5;2
36891;5;3
36892;5;3
36893;5;4
36894;5;4
36895;5;1
36896;5;1
36897;5;2
36898;5;1
36899;5;4
36900;5;1
36901;5;4
36902;5;3
36903;5;4
36904;5;3
36905;5;1
36906;5;4
36907;5;1
36908;5;1
36909;5;1
36910;5;1
36911;5;3
36912;5;4
36913;5;1
36914;5;1
36915;5;3
36916;5;3
36917;5;3
36918;5;1
36919;5;1
36920;5;1
36921;5;3
36922;5;4
36923;5;1
36924;5;1
36925;5;3
36926;5;4
36927;5;4
36928;5;3
36929;5;1
36930;5;3
36931;5;4
36932;5;4
36933;5;3
36934;5;4
36935;5;1
36936;5;4
36937;5;3
36938;5;3
36939;5;4
36940;5;4
36941;5;4
36942;5;1
36943;5;1
36944;5;3
36945;5;1
36946;5;3
36947;5;4
36948;5;4
36949;5;1
36950;5;1
36951;5;1
36952;5;1
36953;5;3
36954;5;3
36955;5;4
36956;5;3
36957;5;2
36958;5;1
36959;5;1
36960;5;1
36961;5;4
36962;5;3
36963;5;1
36964;5;3
36965;5;4
36966;5;4
36967;5;4
36968;5;4
36969;5;1
36970;5;1
36971;5;1
36972;5;4
36973;5;3
36974;5;1
36975;5;4
36976;5;3
36977;5;3
36978;5;4
36979;5;1
36980;5;3
36981;5;3
36982;5;3
36983;5;4
36984;5;3
36985;5;3
36986;5;3
36987;5;3
36988;5;3
36989;5;1
36990;5;3
36991;5;4
36992;5;3
36993;5;4
36994;5;4
36995;5;3
36996;5;4
36997;5;4
36998;5;1
36999;5;3
37000;5;3
37001;5;3
37002;5;3
37003;5;4
37004;5;1
37005;5;3
37006;5;3
37007;5;1
37008;5;3
37009;5;4
37010;5;3
37011;5;3
37012;5;3
37013;5;1
37014;5;2
37015;5;2
37016;5;2
37017;5;3
37018;5;4
37019;5;4
37020;5;4
37021;5;3
37022;5;4
37023;5;4
37024;5;2
37025;5;3
37026;5;3
37027;5;1
37028;5;4
37029;5;4
37030;5;3
37031;5;3
37032;5;3
37033;5;3
37034;5;3
37035;5;3
37036;5;1
37037;5;4
37038;5;4
37039;5;4
37040;5;1
37041;5;3
37042;5;3
37043;5;3
37044;5;4
37045;5;3
37046;5;3
37047;5;3
37048;5;3
37049;5;4
37050;5;3
37051;5;3
37052;5;3
37053;5;3
37054;5;3
37055;5;3
37056;5;3
37057;5;4
37058;5;3
37059;5;1
37060;5;4
37061;5;4
37062;5;3
37063;5;1
37064;5;4
37065;5;3
37066;5;4
37067;5;4
37068;5;4
37069;5;4
37070;5;4
37071;5;4
37072;5;4
37073;5;4
37074;5;3
37075;5;3
37076;5;1
37077;5;3
37078;5;4
37079;5;4
37080;5;4
37081;5;1
37082;5;1
37083;5;1
37084;5;3
37085;5;3
37086;5;3
37087;5;1
37088;5;3
37089;5;3
37090;5;3
37091;5;1
37092;5;3
37093;5;4
37094;5;3
37095;5;3
37096;5;3
37097;5;4
37098;5;1
37099;5;3
37100;5;4
37101;5;3
37102;5;1
37103;5;4
37104;5;4
37105;5;1
37106;5;4
37107;5;3
37108;5;3
37109;5;4
37110;5;3
37111;5;4
37112;5;4
37113;5;4
37114;5;1
37115;5;1
37116;5;1
37117;5;4
37118;5;4
37119;5;1
37120;5;4
37121;5;4
37122;5;1
37123;5;1
37124;5;4
37125;5;4
37126;5;3
37127;5;1
37128;5;1
37129;5;1
37130;5;3
37131;5;1
37132;5;1
37133;5;1
37134;5;4
37135;5;1
37136;5;1
37137;5;1
37138;5;1
37139;5;3
37140;5;3
37141;5;4
37142;5;4
37143;5;1
37144;5;1
37145;5;1
37146;5;2
37147;5;1
37148;5;1
37149;5;4
37150;5;3
37151;5;1
37152;5;3
37153;5;3
37154;5;4
37155;5;4
37156;5;1
37157;5;1
37158;5;1
37159;5;1
37160;5;1
37161;5;1
37162;5;1
37163;5;1
37164;5;1
37165;5;1
37166;5;4
37167;5;3
37168;5;3
37169;5;1
37170;5;4
37171;5;4
37172;5;1
37173;5;1
37174;5;4
37175;5;4
37176;5;3
37177;5;1
37178;5;3
37179;5;1
37180;5;2
37181;5;3
37182;5;4
37183;5;3
37184;5;1
37185;5;4
37186;5;4
37187;5;4
37188;5;4
37189;5;3
37190;5;1
37191;5;1
37192;5;4
37193;5;3
37194;5;1
37195;5;3
37196;5;3
37197;5;3
37198;5;4
37199;5;3
37200;5;3
37201;5;3
37202;5;3
37203;5;3
37204;5;1
37205;5;4
37206;5;4
37207;5;4
37208;5;4
37209;5;3
37210;5;1
37211;5;3
37212;5;1
37213;5;3
37214;5;4
37215;5;1
37216;5;1
37217;5;4
37218;5;4
37219;5;1
37220;5;4
37221;5;1
37222;5;1
37223;5;1
37224;5;3
37225;5;1
37226;5;2
37227;5;1
37228;5;1
37229;5;1
37230;5;1
37231;5;1
37232;5;1
37233;5;1
37234;5;1
37235;5;1
37236;5;1
37237;5;3
37238;5;1
37239;5;3
37240;5;3
37241;5;1
37242;5;1
37243;5;1
37244;5;4
37245;5;1
37246;5;1
37247;5;1
37248;5;4
37249;5;3
37250;5;4
37251;5;4
37252;5;3
37253;5;1
37254;5;1
37255;5;3
37256;5;3
37257;5;4
37258;5;4
37259;5;3
37260;5;3
37261;5;4
37262;5;1
37263;5;3
37264;5;1
37265;5;2
37266;5;3
37267;5;3
37268;5;3
37269;5;1
37270;5;4
37271;5;1
37272;5;1
37273;5;1
37274;5;1
37275;5;4
37276;5;1
37277;5;1
37278;5;1
37279;5;3
37280;5;3
37281;5;1
37282;5;1
37283;5;1
37284;5;3
37285;5;1
37286;5;3
37287;5;4
37288;5;3
37289;5;4
37290;5;4
37291;5;3
37292;5;1
37293;5;4
37294;5;1
37295;5;4
37296;5;1
37297;5;3
37298;5;3
37299;5;1
37300;5;3
37301;5;1
37302;5;4
37303;5;1
37304;5;4
37305;5;1
37306;5;1
37307;5;3
37308;5;4
37309;5;1
37310;5;4
37311;5;4
37312;5;4
37313;5;1
37314;5;1
37315;5;3
37316;5;1
37317;5;4
37318;5;1
37319;5;3
37320;5;3
37321;5;1
37322;5;1
37323;5;1
37324;5;1
37325;5;1
37326;5;1
37327;5;3
37328;5;4
37329;5;1
37330;5;1
37331;5;4
37332;5;4
37333;5;4
37334;5;1
37335;5;4
37336;5;4
37337;5;1
37338;5;4
37339;5;1
37340;5;3
37341;5;3
37342;5;1
37343;5;1
37344;5;4
37345;5;4
37346;5;3
37347;5;4
37348;5;4
37349;5;3
37350;5;3
37351;5;3
37352;5;3
37353;5;1
37354;5;3
37355;5;4
37356;5;3
37357;5;3
37358;5;4
37359;5;4
37360;5;3
37361;5;1
37362;5;3
37363;5;3
37364;5;4
37365;5;3
37366;5;3
37367;5;3
37368;5;4
37369;5;3
37370;5;4
37371;5;4
37372;5;4
37373;5;4
37374;5;4
37375;5;1
37376;5;3
37377;5;4
37378;5;4
37379;5;3
37380;5;2
37381;5;4
37382;5;3
37383;5;3
37384;5;1
37385;5;4
37386;5;1
37387;5;4
37388;5;4
37389;5;1
37390;5;4
37391;5;4
37392;5;4
37393;5;1
37394;5;4
37395;5;3
37396;5;3
37397;5;4
37398;5;4
37399;5;4
37400;5;3
37401;5;1
37402;5;1
37403;5;1
37404;5;4
37405;5;3
37406;5;4
37407;5;3
37408;5;3
37409;5;3
37410;5;1
37411;5;1
37412;5;1
37413;5;3
37414;5;3
37415;5;3
37416;5;3
37417;5;1
37418;5;4
37419;5;3
37420;5;3
37421;5;1
37422;5;4
37423;5;4
37424;5;4
37425;5;2
37426;5;2
37427;5;1
37428;5;1
37429;5;1
37430;5;1
37431;5;3
37432;5;3
37433;5;4
37434;5;1
37435;5;3
37436;5;4
37437;5;4
37438;5;4
37439;5;1
37440;5;3
37441;5;1
37442;5;1
37443;5;1
37444;5;1
37445;5;1
37446;5;4
37447;5;4
37448;5;4
37449;5;3
37450;5;4
37451;5;3
37452;5;1
37453;5;4
37454;5;1
37455;5;4
37456;5;1
37457;5;4
37458;5;4
37459;5;3
37460;5;4
37461;5;4
37462;5;3
37463;5;4
37464;5;1
37465;5;1
37466;5;4
37467;5;4
37468;5;4
37469;5;4
37470;5;1
37471;5;3
37472;5;4
37473;5;4
37474;5;4
37475;5;3
37476;5;3
37477;5;4
37478;5;3
37479;5;4
37480;5;3
37481;5;4
37482;5;4
37483;5;3
37484;5;3
37485;5;4
37486;5;4
37487;5;4
37488;5;3
37489;5;1
37490;5;4
37491;5;3
37492;5;2
37493;5;1
37494;5;3
37495;5;1
37496;5;3
37497;5;1
37498;5;4
37499;5;2
37500;5;3
37501;5;3
37502;5;3
37503;5;1
37504;5;3
37505;5;1
37506;5;4
37507;5;4
37508;5;4
37509;5;3
37510;5;1
37511;5;2
37512;5;3
37513;5;1
37514;5;4
37515;5;4
37516;5;3
37517;5;1
37518;5;3
37519;5;1
37520;5;1
37521;5;4
37522;5;1
37523;5;1
37524;5;4
37525;5;1
37526;5;3
37527;5;4
37528;5;3
37529;5;3
37530;5;4
37531;5;4
37532;5;4
37533;5;3
37534;5;1
37535;5;4
37536;5;3
37537;5;4
37538;5;3
37539;5;3
37540;5;4
37541;5;4
37542;5;3
37543;5;3
37544;5;4
37545;5;4
37546;5;3
37547;5;4
37548;5;4
37549;5;3
37550;5;3
37551;5;4
37552;5;3
37553;5;1
37554;5;4
37555;5;1
37556;5;3
37557;5;4
37558;5;3
37559;5;3
37560;5;1
37561;5;4
37562;5;4
37563;5;4
37564;5;3
37565;5;1
37566;5;3
37567;5;4
37568;5;1
37569;5;4
37570;5;3
37571;5;4
37572;5;3
37573;5;1
37574;5;4
37575;5;2
37576;5;3
37577;5;4
37578;5;1
37579;5;1
37580;5;3
37581;5;4
37582;5;3
37583;5;1
37584;5;1
37585;5;4
37586;5;3
37587;5;4
37588;5;1
37589;5;4
37590;5;4
37591;5;1
37592;5;3
37593;5;1
37594;5;3
37595;5;1
37596;5;3
37597;5;3
37598;5;1
37599;5;1
37600;5;3
37601;5;3
37602;5;3
37603;5;1
37604;5;4
37605;5;4
37606;5;3
37607;5;3
37608;5;4
37609;5;1
37610;5;4
37611;5;3
37612;5;1
37613;5;3
37614;5;3
37615;5;3
37616;5;3
37617;5;3
37618;5;3
37619;5;4
37620;5;3
37621;5;1
37622;5;1
37623;5;1
37624;5;3
37625;5;4
37626;5;3
37627;5;4
37628;5;1
37629;5;4
37630;5;4
37631;5;4
37632;5;4
37633;5;3
37634;5;3
37635;5;3
37636;5;3
37637;5;4
37638;5;3
37639;5;4
37640;5;4
37641;5;3
37642;5;1
37643;5;4
37644;5;4
37645;5;3
37646;5;3
37647;5;4
37648;5;4
37649;5;4
37650;5;3
37651;5;4
37652;5;3
37653;5;1
37654;5;4
37655;5;1
37656;5;3
37657;5;4
37658;5;4
37659;5;4
37660;5;3
37661;5;3
37662;5;3
37663;5;4
37664;5;3
37665;5;1
37666;5;3
37667;5;4
37668;5;2
37669;5;1
37670;5;1
37671;5;4
37672;5;1
37673;5;3
37674;5;4
37675;5;1
37676;5;1
37677;5;4
37678;5;4
37679;5;4
37680;5;1
37681;5;3
37682;5;2
37683;5;4
37684;5;4
37685;5;4
37686;5;3
37687;5;3
37688;5;3
37689;5;3
37690;5;4
37691;5;1
37692;5;4
37693;5;4
37694;5;4
37695;5;3
37696;5;4
37697;5;2
37698;5;4
37699;5;4
37700;5;4
37701;5;4
37702;5;3
37703;5;1
37704;5;4
37705;5;4
37706;5;1
37707;5;3
37708;5;1
37709;5;1
37710;5;1
37711;5;1
37712;5;1
37713;5;1
37714;5;4
37715;5;3
37716;5;4
37717;5;1
37718;5;1
37719;5;4
37720;5;3
37721;5;4
37722;5;4
37723;5;4
37724;5;3
37725;5;3
37726;5;3
37727;5;3
37728;5;1
37729;5;3
37730;5;4
37731;5;4
37732;5;1
37733;5;3
37734;5;3
37735;5;3
37736;5;1
37737;5;3
37738;5;3
37739;5;1
37740;5;3
37741;5;3
37742;5;3
37743;5;1
37744;5;1
37745;5;4
37746;5;1
37747;5;3
37748;5;1
37749;5;4
37750;5;1
37751;5;1
37752;5;1
37753;5;4
37754;5;3
37755;5;1
37756;5;4
37757;5;4
37758;5;1
37759;5;1
37760;5;2
37761;5;4
37762;5;1
37763;5;4
37764;5;1
37765;5;4
37766;5;4
37767;5;3
37768;5;3
37769;5;1
37770;5;4
37771;5;4
37772;5;4
37773;5;1
37774;5;4
37775;5;1
37776;5;3
37777;5;3
37778;5;3
37779;5;1
37780;5;3
37781;5;3
37782;5;4
37783;5;3
37784;5;1
37785;5;3
37786;5;4
37787;5;3
37788;5;4
37789;5;2
37790;5;4
37791;5;1
37792;5;4
37793;5;4
37794;5;4
37795;5;4
37796;5;4
37797;5;4
37798;5;3
37799;5;4
37800;5;3
37801;5;1
37802;5;1
37803;5;1
37804;5;3
37805;5;3
37806;5;3
37807;5;1
37808;5;4
37809;5;1
37810;5;1
37811;5;1
37812;5;3
37813;5;3
37814;5;3
37815;5;3
37816;5;4
37817;5;1
37818;5;4
37819;5;1
37820;5;4
37821;5;1
37822;5;1
37823;5;3
37824;5;4
37825;5;4
37826;5;3
37827;5;3
37828;5;3
37829;5;4
37830;5;3
37831;5;4
37832;5;4
37833;5;1
37834;5;4
37835;5;1
37836;5;4
37837;5;4
37838;5;3
37839;5;4
37840;5;3
37841;5;1
37842;5;3
37843;5;4
37844;5;3
37845;5;1
37846;5;3
37847;5;3
37848;5;3
37849;5;3
37850;5;4
37851;5;4
37852;5;4
37853;5;2
37854;5;3
37855;5;3
37856;5;3
37857;5;1
37858;5;3
37859;5;4
37860;5;3
37861;5;3
37862;5;3
37863;5;3
37864;5;4
37865;5;4
37866;5;1
37867;5;1
37868;5;3
37869;5;4
37870;5;1
37871;5;3
37872;5;4
37873;5;3
37874;5;4
37875;5;3
37876;5;4
37877;5;3
37878;5;1
37879;5;4
37880;5;4
37881;5;1
37882;5;3
37883;5;4
37884;5;1
37885;5;3
37886;5;4
37887;5;3
37888;5;3
37889;5;4
37890;5;4
37891;5;4
37892;5;3
37893;5;3
37894;5;3
37895;5;3
37896;5;4
37897;5;3
37898;5;3
37899;5;1
37900;5;1
37901;5;1
37902;5;1
37903;5;4
37904;5;3
37905;5;3
37906;5;3
37907;5;1
37908;5;4
37909;5;3
37910;5;4
37911;5;4
37912;5;1
37913;5;3
37914;5;4
37915;5;1
37916;5;3
37917;5;4
37918;5;4
37919;5;4
37920;5;4
37921;5;3
37922;5;4
37923;5;4
37924;5;1
37925;5;4
37926;5;4
37927;5;4
37928;5;3
37929;5;4
37930;5;3
37931;5;4
37932;5;1
37933;5;3
37934;5;3
37935;5;1
37936;5;1
37937;5;4
37938;5;4
37939;5;1
37940;5;3
37941;5;1
37942;5;4
37943;5;3
37944;5;4
37945;5;4
37946;5;4
37947;5;1
37948;5;3
37949;5;1
37950;5;1
37951;5;1
37952;5;3
37953;5;1
37954;5;3
37955;5;4
37956;5;4
37957;5;4
37958;5;1
37959;5;3
37960;5;4
37961;5;3
37962;5;2
37963;5;4
37964;5;3
37965;5;1
37966;5;3
37967;5;3
37968;5;1
37969;5;1
37970;5;3
37971;5;4
37972;5;1
37973;5;4
37974;5;1
37975;5;1
37976;5;4
37977;5;4
37978;5;3
37979;5;4
37980;5;3
37981;5;1
37982;5;4
37983;5;1
37984;5;1
37985;5;3
37986;5;3
37987;5;2
37988;5;4
37989;5;1
37990;5;1
37991;5;4
37992;5;1
37993;5;3
37994;5;2
37995;5;1
37996;5;3
37997;5;3
37998;5;4
37999;5;4
38000;5;2
38001;5;3
38002;5;1
38003;5;1
38004;5;3
38005;5;3
38006;5;4
38007;5;3
38008;5;3
38009;5;1
38010;5;4
38011;5;4
38012;5;1
38013;5;4
38014;5;1
38015;5;3
38016;5;3
38017;5;4
38018;5;3
38019;5;4
38020;5;1
38021;5;3
38022;5;4
38023;5;1
38024;5;1
38025;5;3
38026;5;1
38027;5;3
38028;5;1
38029;5;4
38030;5;4
38031;5;3
38032;5;3
38033;5;3
38034;5;1
38035;5;3
38036;5;4
38037;5;3
38038;5;3
38039;5;4
38040;5;4
38041;5;3
38042;5;4
38043;5;4
38044;5;3
38045;5;1
38046;5;4
38047;5;3
38048;5;4
38049;5;4
38050;5;3
38051;5;4
38052;5;3
38053;5;4
38054;5;3
38055;5;3
38056;5;4
38057;5;3
38058;5;1
38059;5;4
38060;5;3
38061;5;1
38062;5;3
38063;5;3
38064;5;3
38065;5;3
38066;5;3
38067;5;4
38068;5;3
38069;5;4
38070;5;4
38071;5;4
38072;5;4
38073;5;1
38074;5;1
38075;5;3
38076;5;1
38077;5;3
38078;5;3
38079;5;4
38080;5;3
38081;5;4
38082;5;3
38083;5;1
38084;5;1
38085;5;2
38086;5;3
38087;5;4
38088;5;3
38089;5;4
38090;5;2
38091;5;1
38092;5;4
38093;5;3
38094;5;4
38095;5;4
38096;5;3
38097;5;3
38098;5;4
38099;5;3
38100;5;1
38101;5;1
38102;5;1
38103;5;3
38104;5;1
38105;5;2
38106;5;4
38107;5;3
38108;5;3
38109;5;3
38110;5;4
38111;5;3
38112;5;3
38113;5;1
38114;5;4
38115;5;3
38116;5;1
38117;5;3
38118;5;4
38119;5;3
38120;5;4
38121;5;1
38122;5;4
38123;5;4
38124;5;4
38125;5;4
38126;5;3
38127;5;3
38128;5;1
38129;5;3
38130;5;1
38131;5;3
38132;5;1
38133;5;1
38134;5;1
38135;5;4
38136;5;1
38137;5;3
38138;5;4
38139;5;3
38140;5;1
38141;5;3
38142;5;1
38143;5;4
38144;5;1
38145;5;3
38146;5;4
38147;5;4
38148;5;4
38149;5;4
38150;5;4
38151;5;4
38152;5;4
38153;5;4
38154;5;3
38155;5;4
38156;5;4
38157;5;1
38158;5;4
38159;5;3
38160;5;1
38161;5;1
38162;5;3
38163;5;4
38164;5;4
38165;5;1
38166;5;1
38167;5;1
38168;5;2
38169;5;1
38170;5;4
38171;5;3
38172;5;4
38173;5;1
38174;5;1
38175;5;1
38176;5;1
38177;5;3
38178;5;3
38179;5;4
38180;5;4
38181;5;1
38182;5;3
38183;5;4
38184;5;4
38185;5;4
38186;5;1
38187;5;1
38188;5;1
38189;5;3
38190;5;2
38191;5;4
38192;5;3
38193;5;3
38194;5;3
38195;5;1
38196;5;4
38197;5;1
38198;5;3
38199;5;1
38200;5;4
38201;5;3
38202;5;3
38203;5;4
38204;5;3
38205;5;3
38206;5;1
38207;5;3
38208;5;1
38209;5;1
38210;5;3
38211;5;1
38212;5;4
38213;5;1
38214;5;4
38215;5;4
38216;5;1
38217;5;4
38218;5;1
38219;5;1
38220;5;1
38221;5;4
38222;5;1
38223;5;4
38224;5;4
38225;5;4
38226;5;4
38227;5;3
38228;5;3
38229;5;3
38230;5;1
38231;5;3
38232;5;2
38233;5;1
38234;5;3
38235;5;3
38236;5;1
38237;5;3
38238;5;2
38239;5;3
38240;5;4
38241;5;4
38242;5;4
38243;5;1
38244;5;3
38245;5;3
38246;5;4
38247;5;2
38248;5;3
38249;5;4
38250;5;4
38251;5;2
38252;5;1
38253;5;4
38254;5;4
38255;5;4
38256;5;4
38257;5;3
38258;5;4
38259;5;4
38260;5;3
38261;5;3
38262;5;4
38263;5;3
38264;5;1
38265;5;3
38266;5;3
38267;5;3
38268;5;4
38269;5;4
38270;5;3
38271;5;1
38272;5;4
38273;5;3
38274;5;4
38275;5;3
38276;5;4
38277;5;1
38278;5;3
38279;5;1
38280;5;1
38281;5;1
38282;5;4
38283;5;1
38284;5;1
38285;5;4
38286;5;3
38287;5;1
38288;5;1
38289;5;3
38290;5;3
38291;5;3
38292;5;1
38293;5;3
38294;5;3
38295;5;1
38296;5;4
38297;5;4
38298;5;3
38299;5;4
38300;5;1
38301;5;1
38302;5;3
38303;5;4
38304;5;4
38305;5;4
38306;5;3
38307;5;1
38308;5;1
38309;5;3
38310;5;1
38311;5;3
38312;5;1
38313;5;3
38314;5;3
38315;5;4
38316;5;2
38317;5;4
38318;5;4
38319;5;1
38320;5;4
38321;5;4
38322;5;4
38323;5;4
38324;5;4
38325;5;3
38326;5;1
38327;5;1
38328;5;1
38329;5;1
38330;5;3
38331;5;3
38332;5;4
38333;5;3
38334;5;4
38335;5;3
38336;5;3
38337;5;4
38338;5;4
38339;5;1
38340;5;3
38341;5;1
38342;5;3
38343;5;1
38344;5;3
38345;5;1
38346;5;3
38347;5;1
38348;5;3
38349;5;1
38350;5;3
38351;5;4
38352;5;1
38353;5;1
38354;5;3
38355;5;1
38356;5;1
38357;5;4
38358;5;3
38359;5;4
38360;5;4
38361;5;4
38362;5;4
38363;5;4
38364;5;4
38365;5;4
38366;5;1
38367;5;1
38368;5;4
38369;5;4
38370;5;1
38371;5;4
38372;5;1
38373;5;4
38374;5;4
38375;5;3
38376;5;3
38377;5;4
38378;5;4
38379;5;3
38380;5;1
38381;5;3
38382;5;4
38383;5;4
38384;5;3
38385;5;4
38386;5;3
38387;5;4
38388;5;4
38389;5;3
38390;5;3
38391;5;3
38392;5;4
38393;5;3
38394;5;4
38395;5;3
38396;5;3
38397;5;4
38398;5;1
38399;5;3
38400;5;4
38401;5;4
38402;5;1
38403;5;4
38404;5;4
38405;5;4
38406;5;1
38407;5;4
38408;5;4
38409;5;1
38410;5;4
38411;5;1
38412;5;4
38413;5;3
38414;5;4
38415;5;3
38416;5;3
38417;5;1
38418;5;1
38419;5;1
38420;5;1
38421;5;3
38422;5;3
38423;5;1
38424;5;3
38425;5;3
38426;5;4
38427;5;1
38428;5;1
38429;5;4
38430;5;3
38431;5;4
38432;5;4
38433;5;1
38434;5;1
38435;5;4
38436;5;1
38437;5;1
38438;5;1
38439;5;1
38440;5;4
38441;5;4
38442;5;3
38443;5;4
38444;5;4
38445;5;1
38446;5;4
38447;5;1
38448;5;4
38449;5;4
38450;5;3
38451;5;4
38452;5;1
38453;5;3
38454;5;3
38455;5;3
38456;5;1
38457;5;3
38458;5;1
38459;5;3
38460;5;1
38461;5;4
38462;5;3
38463;5;4
38464;5;4
38465;5;1
38466;5;4
38467;5;4
38468;5;1
38469;5;1
38470;5;1
38471;5;3
38472;5;4
38473;5;3
38474;5;4
38475;5;4
38476;5;3
38477;5;4
38478;5;1
38479;5;1
38480;5;4
38481;5;1
38482;5;3
38483;5;4
38484;5;4
38485;5;3
38486;5;4
38487;5;3
38488;5;4
38489;5;3
38490;5;3
38491;5;3
38492;5;4
38493;5;3
38494;5;4
38495;5;1
38496;5;3
38497;5;3
38498;5;4
38499;5;1
38500;5;1
38501;5;4
38502;5;4
38503;5;4
38504;5;4
38505;5;3
38506;5;3
38507;5;1
38508;5;3
38509;5;3
38510;5;3
38511;5;4
38512;5;3
38513;5;3
38514;5;3
38515;5;3
38516;5;4
38517;5;4
38518;5;3
38519;5;3
38520;5;4
38521;5;3
38522;5;1
38523;5;3
38524;5;3
38525;5;4
38526;5;4
38527;5;4
38528;5;3
38529;5;4
38530;5;3
38531;5;3
38532;5;4
38533;5;3
38534;5;3
38535;5;3
38536;5;3
38537;5;4
38538;5;1
38539;5;3
38540;5;3
38541;5;4
38542;5;2
38543;5;3
38544;5;3
38545;5;1
38546;5;3
38547;5;4
38548;5;3
38549;5;1
38550;5;3
38551;5;1
38552;5;1
38553;5;4
38554;5;3
38555;5;3
38556;5;3
38557;5;4
38558;5;1
38559;5;1
38560;5;4
38561;5;2
38562;5;1
38563;5;1
38564;5;4
38565;5;3
38566;5;4
38567;5;3
38568;5;4
38569;5;1
38570;5;4
38571;5;4
38572;5;3
38573;5;3
38574;5;1
38575;5;4
38576;5;1
38577;5;4
38578;5;3
38579;5;4
38580;5;4
38581;5;4
38582;5;1
38583;5;3
38584;5;4
38585;5;3
38586;5;3
38587;5;1
38588;5;3
38589;5;1
38590;5;4
38591;5;1
38592;5;3
38593;5;4
38594;5;4
38595;5;3
38596;5;1
38597;5;3
38598;5;3
38599;5;4
38600;5;3
38601;5;4
38602;5;3
38603;5;3
38604;5;2
38605;5;2
38606;5;1
38607;5;4
38608;5;3
38609;5;1
38610;5;4
38611;5;1
38612;5;4
38613;5;4
38614;5;1
38615;5;3
38616;5;4
38617;5;4
38618;5;4
38619;5;4
38620;5;4
38621;5;4
38622;5;3
38623;5;3
38624;5;4
38625;5;3
38626;5;3
38627;5;3
38628;5;3
38629;5;4
38630;5;4
38631;5;4
38632;5;4
38633;5;4
38634;5;4
38635;5;3
38636;5;2
38637;5;3
38638;5;4
38639;5;4
38640;5;4
38641;5;4
38642;5;3
38643;5;4
38644;5;1
38645;5;3
38646;5;3
38647;5;4
38648;5;4
38649;5;4
38650;5;4
38651;5;3
38652;5;4
38653;5;3
38654;5;3
38655;5;2
38656;5;3
38657;5;3
38658;5;3
38659;5;4
38660;5;4
38661;5;1
38662;5;3
38663;5;3
38664;5;3
38665;5;4
38666;5;1
38667;5;3
38668;5;3
38669;5;4
38670;5;4
38671;5;1
38672;5;1
38673;5;4
38674;5;1
38675;5;3
38676;5;3
38677;5;3
38678;5;3
38679;5;3
38680;5;3
38681;5;3
38682;5;3
38683;5;3
38684;5;1
38685;5;4
38686;5;1
38687;5;3
38688;5;3
38689;5;3
38690;5;4
38691;5;4
38692;5;3
38693;5;3
38694;5;3
38695;5;4
38696;5;3
38697;5;4
38698;5;4
38699;5;3
38700;5;3
38701;5;3
38702;5;4
38703;5;4
38704;5;4
38705;5;3
38706;5;4
38707;5;4
38708;5;1
38709;5;3
38710;5;3
38711;5;1
38712;5;4
38713;5;4
38714;5;4
38715;5;3
38716;5;3
38717;5;1
38718;5;3
38719;5;4
38720;5;4
38721;5;4
38722;5;1
38723;5;4
38724;5;3
38725;5;4
38726;5;3
38727;5;4
38728;5;3
38729;5;4
38730;5;3
38731;5;1
38732;5;4
38733;5;1
38734;5;4
38735;5;3
38736;5;1
38737;5;3
38738;5;4
38739;5;1
38740;5;3
38741;5;4
38742;5;1
38743;5;4
38744;5;4
38745;5;4
38746;5;3
38747;5;4
38748;5;2
38749;5;3
38750;5;4
38751;5;3
38752;5;3
38753;5;3
38754;5;4
38755;5;3
38756;5;2
38757;5;3
38758;5;4
38759;5;4
38760;5;4
38761;5;1
38762;5;4
38763;5;4
38764;5;3
38765;5;3
38766;5;4
38767;5;1
38768;5;3
38769;5;1
38770;5;4
38771;5;3
38772;5;1
38773;5;2
38774;5;3
38775;5;4
38776;5;3
38777;5;1
38778;5;4
38779;5;4
38780;5;4
38781;5;1
38782;5;4
38783;5;4
38784;5;2
38785;5;4
38786;5;3
38787;5;1
38788;5;3
38789;5;3
38790;5;3
38791;5;3
38792;5;4
38793;5;3
38794;5;3
38795;5;3
38796;5;3
38797;5;2
38798;5;3
38799;5;4
38800;5;3
38801;5;3
38802;5;3
38803;5;3
38804;5;3
38805;5;3
38806;5;3
38807;5;3
38808;5;1
38809;5;4
38810;5;3
38811;5;3
38812;5;3
38813;5;4
38814;5;1
38815;5;3
38816;5;3
38817;5;3
38818;5;3
38819;5;1
38820;5;1
38821;5;1
38822;5;1
38823;5;1
38824;5;3
38825;5;4
38826;5;3
38827;5;4
38828;5;1
38829;5;4
38830;5;3
38831;5;4
38832;5;3
38833;5;4
38834;5;4
38835;5;4
38836;5;3
38837;5;1
38838;5;1
38839;5;3
38840;5;1
38841;5;4
38842;5;4
38843;5;4
38844;5;4
38845;5;4
38846;5;4
38847;5;1
38848;5;4
38849;5;1
38850;5;1
38851;5;3
38852;5;4
38853;5;3
38854;5;4
38855;5;3
38856;5;4
38857;5;3
38858;5;1
38859;5;4
38860;5;4
38861;5;4
38862;5;3
38863;5;3
38864;5;4
38865;5;3
38866;5;4
38867;5;3
38868;5;1
38869;5;3
38870;5;1
38871;5;1
38872;5;3
38873;5;4
38874;5;1
38875;5;4
38876;5;4
38877;5;4
38878;5;3
38879;5;3
38880;5;4
38881;5;3
38882;5;4
38883;5;1
38884;5;1
38885;5;4
38886;5;1
38887;5;1
38888;5;4
38889;5;4
38890;5;4
38891;5;4
38892;5;3
38893;5;4
38894;5;4
38895;5;4
38896;5;4
38897;5;3
38898;5;1
38899;5;1
38900;5;1
38901;5;3
38902;5;4
38903;5;4
38904;5;3
38905;5;3
38906;5;1
38907;5;3
38908;5;3
38909;5;3
38910;5;4
38911;5;3
38912;5;4
38913;5;4
38914;5;1
38915;5;4
38916;5;4
38917;5;3
38918;5;4
38919;5;3
38920;5;3
38921;5;3
38922;5;1
38923;5;4
38924;5;3
38925;5;1
38926;5;3
38927;5;4
38928;5;4
38929;5;4
38930;5;1
38931;5;1
38932;5;3
38933;5;4
38934;5;4
38935;5;4
38936;5;4
38937;5;4
38938;5;3
38939;5;3
38940;5;1
38941;5;4
38942;5;4
38943;5;3
38944;5;4
38945;5;4
38946;5;2
38947;5;1
38948;5;1
38949;5;1
38950;5;4
38951;5;4
38952;5;2
38953;5;4
38954;5;2
38955;5;4
38956;5;4
38957;5;1
38958;5;4
38959;5;3
38960;5;4
38961;5;4
38962;5;3
38963;5;4
38964;5;3
38965;5;1
38966;5;3
38967;5;4
38968;5;1
38969;5;1
38970;5;1
38971;5;1
38972;5;1
38973;5;1
38974;5;3
38975;5;4
38976;5;1
38977;5;3
38978;5;4
38979;5;3
38980;5;3
38981;5;3
38982;5;4
38983;5;3
38984;5;3
38985;5;4
38986;5;4
38987;5;4
38988;5;1
38989;5;4
38990;5;4
38991;5;3
38992;5;3
38993;5;4
38994;5;1
38995;5;1
38996;5;4
38997;5;4
38998;5;4
38999;5;4
39000;5;3
39001;5;1
39002;5;4
39003;5;3
39004;5;1
39005;5;3
39006;5;3
39007;5;1
39008;5;3
39009;5;3
39010;5;3
39011;5;3
39012;5;4
39013;5;4
39014;5;1
39015;5;1
39016;5;1
39017;5;4
39018;5;4
39019;5;3
39020;5;1
39021;5;4
39022;5;1
39023;5;1
39024;5;4
39025;5;3
39026;5;4
39027;5;2
39028;5;4
39029;5;3
39030;5;4
39031;5;4
39032;5;3
39033;5;3
39034;5;3
39035;5;3
39036;5;4
39037;5;3
39038;5;4
39039;5;3
39040;5;3
39041;5;3
39042;5;3
39043;5;3
39044;5;3
39045;5;3
39046;5;1
39047;5;3
39048;5;4
39049;5;4
39050;5;3
39051;5;3
39052;5;1
39053;5;3
39054;5;4
39055;5;4
39056;5;3
39057;5;3
39058;5;3
39059;5;3
39060;5;4
39061;5;3
39062;5;4
39063;5;3
39064;5;3
39065;5;1
39066;5;3
39067;5;1
39068;5;4
39069;5;4
39070;5;3
39071;5;4
39072;5;1
39073;5;4
39074;5;1
39075;5;3
39076;5;3
39077;5;3
39078;5;4
39079;5;4
39080;5;3
39081;5;1
39082;5;4
39083;5;3
39084;5;3
39085;5;4
39086;5;3
39087;5;1
39088;5;1
39089;5;4
39090;5;4
39091;5;3
39092;5;1
39093;5;4
39094;5;4
39095;5;3
39096;5;3
39097;5;1
39098;5;3
39099;5;4
39100;5;4
39101;5;1
39102;5;3
39103;5;3
39104;5;1
39105;5;4
39106;5;3
39107;5;3
39108;5;3
39109;5;4
39110;5;4
39111;5;3
39112;5;4
39113;5;4
39114;5;1
39115;5;3
39116;5;4
39117;5;3
39118;5;4
39119;5;4
39120;5;3
39121;5;4
39122;5;3
39123;5;3
39124;5;4
39125;5;3
39126;5;2
39127;5;3
39128;5;4
39129;5;4
39130;5;4
39131;5;3
39132;5;1
39133;5;4
39134;5;1
39135;5;4
39136;5;4
39137;5;3
39138;5;4
39139;5;1
39140;5;3
39141;5;4
39142;5;4
39143;5;1
39144;5;1
39145;5;1
39146;5;3
39147;5;4
39148;5;1
39149;5;3
39150;5;4
39151;5;3
39152;5;1
39153;5;4
39154;5;4
39155;5;1
39156;5;3
39157;5;3
39158;5;3
39159;5;1
39160;5;4
39161;5;3
39162;5;4
39163;5;1
39164;5;3
39165;5;4
39166;5;3
39167;5;4
39168;5;1
39169;5;3
39170;5;3
39171;5;4
39172;5;4
39173;5;1
39174;5;4
39175;5;3
39176;5;1
39177;5;4
39178;5;4
39179;5;4
39180;5;1
39181;5;3
39182;5;3
39183;5;4
39184;5;3
39185;5;4
39186;5;3
39187;5;4
39188;5;4
39189;5;2
39190;5;4
39191;5;4
39192;5;4
39193;5;4
39194;5;4
39195;5;3
39196;5;4
39197;5;3
39198;5;1
39199;5;2
39200;5;3
39201;5;3
39202;5;4
39203;5;1
39204;5;3
39205;5;3
39206;5;3
39207;5;1
39208;5;4
39209;5;1
39210;5;1
39211;5;1
39212;5;4
39213;5;1
39214;5;4
39215;5;1
39216;5;3
39217;5;4
39218;5;4
39219;5;4
39220;5;4
39221;5;1
39222;5;4
39223;5;4
39224;5;3
39225;5;1
39226;5;4
39227;5;4
39228;5;3
39229;5;3
39230;5;4
39231;5;4
39232;5;4
39233;5;3
39234;5;4
39235;5;4
39236;5;3
39237;5;1
39238;5;4
39239;5;4
39240;5;4
39241;5;1
39242;5;4
39243;5;1
39244;5;1
39245;5;3
39246;5;4
39247;5;4
39248;5;3
39249;5;4
39250;5;4
39251;5;4
39252;5;4
39253;5;3
39254;5;4
39255;5;3
39256;5;3
39257;5;1
39258;5;3
39259;5;4
39260;5;4
39261;5;4
39262;5;4
39263;5;4
39264;5;1
39265;5;4
39266;5;3
39267;5;3
39268;5;3
39269;5;3
39270;5;3
39271;5;3
39272;5;3
39273;5;4
39274;5;4
39275;5;1
39276;5;4
39277;5;1
39278;5;1
39279;5;4
39280;5;3
39281;5;4
39282;5;3
39283;5;3
39284;5;3
39285;5;1
39286;5;3
39287;5;4
39288;5;2
39289;5;3
39290;5;1
39291;5;1
39292;5;4
39293;5;3
39294;5;1
39295;5;1
39296;5;1
39297;5;1
39298;5;4
39299;5;3
39300;5;3
39301;5;1
39302;5;3
39303;5;1
39304;5;1
39305;5;1
39306;5;1
39307;5;1
39308;5;1
39309;5;2
39310;5;1
39311;5;1
39312;5;1
39313;5;3
39314;5;4
39315;5;2
39316;5;4
39317;5;4
39318;5;4
39319;5;1
39320;5;3
39321;5;1
39322;5;3
39323;5;4
39324;5;4
39325;5;3
39326;5;4
39327;5;4
39328;5;1
39329;5;4
39330;5;3
39331;5;1
39332;5;4
39333;5;4
39334;5;1
39335;5;3
39336;5;1
39337;5;4
39338;5;3
39339;5;3
39340;5;1
39341;5;1
39342;5;3
39343;5;4
39344;5;1
39345;5;3
39346;5;3
39347;5;4
39348;5;1
39349;5;3
39350;5;3
39351;5;3
39352;5;3
39353;5;2
39354;5;1
39355;5;4
39356;5;2
39357;5;1
39358;5;3
39359;5;1
39360;5;1
39361;5;3
39362;5;1
39363;5;4
39364;5;1
39365;5;1
39366;5;4
39367;5;3
39368;5;1
39369;5;3
39370;5;3
39371;5;1
39372;5;1
39373;5;4
39374;5;3
39375;5;4
39376;5;4
39377;5;1
39378;5;3
39379;5;1
39380;5;4
39381;5;3
39382;5;4
39383;5;4
39384;5;1
39385;5;4
39386;5;4
39387;5;4
39388;5;3
39389;5;3
39390;5;3
39391;5;1
39392;5;3
39393;5;4
39394;5;4
39395;5;1
39396;5;4
39397;5;3
39398;5;4
39399;5;1
39400;5;2
39401;5;4
39402;5;4
39403;5;3
39404;5;1
39405;5;4
39406;5;3
39407;5;4
39408;5;3
39409;5;3
39410;5;3
39411;5;3
39412;5;1
39413;5;4
39414;5;1
39415;5;1
39416;5;1
39417;5;4
39418;5;1
39419;5;3
39420;5;3
39421;5;4
39422;5;4
39423;5;4
39424;5;3
39425;5;1
39426;5;3
39427;5;3
39428;5;3
39429;5;3
39430;5;3
39431;5;2
39432;5;3
39433;5;3
39434;5;3
39435;5;3
39436;5;1
39437;5;1
39438;5;4
39439;5;2
39440;5;3
39441;5;1
39442;5;3
39443;5;4
39444;5;4
39445;5;4
39446;5;1
39447;5;3
39448;5;3
39449;5;3
39450;5;4
39451;5;4
39452;5;3
39453;5;4
39454;5;4
39455;5;3
39456;5;4
39457;5;3
39458;5;3
39459;5;4
39460;5;3
39461;5;3
39462;5;1
39463;5;1
39464;5;3
39465;5;3
39466;5;3
39467;5;1
39468;5;3
39469;5;3
39470;5;1
39471;5;3
39472;5;3
39473;5;3
39474;5;3
39475;5;3
39476;5;3
39477;5;3
39478;5;3
39479;5;3
39480;5;3
39481;5;3
39482;5;3
39483;5;4
39484;5;1
39485;5;4
39486;5;3
39487;5;4
39488;5;3
39489;5;3
39490;5;3
39491;5;1
39492;5;1
39493;5;4
39494;5;4
39495;5;4
39496;5;3
39497;5;3
39498;5;3
39499;5;4
39500;5;3
39501;5;4
39502;5;3
39503;5;4
39504;5;4
39505;5;3
39506;5;3
39507;5;3
39508;5;3
39509;5;1
39510;5;1
39511;5;3
39512;5;3
39513;5;4
39514;5;4
39515;5;4
39516;5;3
39517;5;3
39518;5;3
39519;5;3
39520;5;4
39521;5;3
39522;5;3
39523;5;1
39524;5;4
39525;5;4
39526;5;1
39527;5;1
39528;5;1
39529;5;4
39530;5;3
39531;5;3
39532;5;3
39533;5;1
39534;5;4
39535;5;1
39536;5;3
39537;5;4
39538;5;4
39539;5;3
39540;5;4
39541;5;4
39542;5;4
39543;5;3
39544;5;4
39545;5;3
39546;5;1
39547;5;3
39548;5;3
39549;5;3
39550;5;3
39551;5;3
39552;5;4
39553;5;1
39554;5;4
39555;5;4
39556;5;1
39557;5;4
39558;5;4
39559;5;3
39560;5;4
39561;5;4
39562;5;3
39563;5;4
39564;5;4
39565;5;3
39566;5;1
39567;5;3
39568;5;3
39569;5;1
39570;5;3
39571;5;3
39572;5;4
39573;5;1
39574;5;1
39575;5;4
39576;5;4
39577;5;3
39578;5;4
39579;5;3
39580;5;3
39581;5;3
39582;5;3
39583;5;1
39584;5;1
39585;5;1
39586;5;3
39587;5;1
39588;5;4
39589;5;2
39590;5;3
39591;5;3
39592;5;4
39593;5;1
39594;5;4
39595;5;3
39596;5;3
39597;5;4
39598;5;4
39599;5;3
39600;5;4
39601;5;4
39602;5;4
39603;5;3
39604;5;4
39605;5;3
39606;5;4
39607;5;4
39608;5;1
39609;5;4
39610;5;3
39611;5;3
39612;5;3
39613;5;4
39614;5;1
39615;5;3
39616;5;1
39617;5;3
39618;5;1
39619;5;4
39620;5;3
39621;5;4
39622;5;4
39623;5;1
39624;5;1
39625;5;4
39626;5;4
39627;5;3
39628;5;4
39629;5;3
39630;5;3
39631;5;3
39632;5;4
39633;5;3
39634;5;3
39635;5;3
39636;5;4
39637;5;4
39638;5;4
39639;5;4
39640;5;3
39641;5;3
39642;5;3
39643;5;4
39644;5;3
39645;5;3
39646;5;3
39647;5;4
39648;5;4
39649;5;4
39650;5;3
39651;5;3
39652;5;3
39653;5;3
39654;5;3
39655;5;3
39656;5;4
39657;5;3
39658;5;4
39659;5;4
39660;5;3
39661;5;2
39662;5;3
39663;5;3
39664;5;3
39665;5;4
39666;5;4
39667;5;4
39668;5;3
39669;5;3
39670;5;3
39671;5;3
39672;5;3
39673;5;4
39674;5;4
39675;5;3
39676;5;3
39677;5;3
39678;5;3
39679;5;4
39680;5;3
39681;5;3
39682;5;1
39683;5;3
39684;5;3
39685;5;4
39686;5;4
39687;5;3
39688;5;4
39689;5;3
39690;5;3
39691;5;3
39692;5;2
39693;5;3
39694;5;3
39695;5;4
39696;5;4
39697;5;3
39698;5;3
39699;5;3
39700;5;3
39701;5;1
39702;5;3
39703;5;3
39704;5;3
39705;5;3
39706;5;3
39707;5;4
39708;5;1
39709;5;3
39710;5;1
39711;5;4
39712;5;2
39713;5;4
39714;5;3
39715;5;3
39716;5;3
39717;5;3
39718;5;4
39719;5;4
39720;5;3
39721;5;4
39722;5;1
39723;5;3
39724;5;2
39725;5;4
39726;5;1
39727;5;1
39728;5;1
39729;5;3
39730;5;3
39731;5;3
39732;5;3
39733;5;3
39734;5;4
39735;5;3
39736;5;3
39737;5;3
39738;5;3
39739;5;4
39740;5;4
39741;5;3
39742;5;3
39743;5;4
39744;5;3
39745;5;3
39746;5;3
39747;5;4
39748;5;3
39749;5;3
39750;5;1
39751;5;1
39752;5;3
39753;5;3
39754;5;3
39755;5;3
39756;5;1
39757;5;1
39758;5;4
39759;5;3
39760;5;3
39761;5;1
39762;5;3
39763;5;4
39764;5;1
39765;5;3
39766;5;4
39767;5;1
39768;5;4
39769;5;1
39770;5;3
39771;5;1
39772;5;3
39773;5;3
39774;5;4
39775;5;4
39776;5;4
39777;5;3
39778;5;4
39779;5;4
39780;5;4
39781;5;4
39782;5;4
39783;5;4
39784;5;4
39785;5;4
39786;5;3
39787;5;3
39788;5;3
39789;5;4
39790;5;4
39791;5;4
39792;5;3
39793;5;1
39794;5;1
39795;5;1
39796;5;4
39797;5;3
39798;5;4
39799;5;4
39800;5;1
39801;5;4
39802;5;4
39803;5;3
39804;5;1
39805;5;4
39806;5;4
39807;5;3
39808;5;1
39809;5;4
39810;5;3
39811;5;1
39812;5;4
39813;5;1
39814;5;3
39815;5;1
39816;5;1
39817;5;4
39818;5;1
39819;5;4
39820;5;1
39821;5;3
39822;5;4
39823;5;1
39824;5;4
39825;5;1
39826;5;1
39827;5;1
39828;5;1
39829;5;3
39830;5;3
39831;5;1
39832;5;1
39833;5;1
39834;5;3
39835;5;3
39836;5;1
39837;5;3
39838;5;4
39839;5;4
39840;5;4
39841;5;1
39842;5;3
39843;5;3
39844;5;4
39845;5;3
39846;5;3
39847;5;3
39848;5;3
39849;5;3
39850;5;4
39851;5;4
39852;5;4
39853;5;1
39854;5;1
39855;5;3
39856;5;4
39857;5;1
39858;5;4
39859;5;3
39860;5;1
39861;5;4
39862;5;3
39863;5;4
39864;5;4
39865;5;1
39866;5;3
39867;5;4
39868;5;3
39869;5;1
39870;5;4
39871;5;3
39872;5;3
39873;5;1
39874;5;4
39875;5;1
39876;5;3
39877;5;3
39878;5;2
39879;5;1
39880;5;4
39881;5;1
39882;5;4
39883;5;1
39884;5;4
39885;5;1
39886;5;1
39887;5;3
39888;5;1
39889;5;1
39890;5;3
39891;5;4
39892;5;3
39893;5;4
39894;5;3
39895;5;1
39896;5;3
39897;5;1
39898;5;4
39899;5;1
39900;5;3
39901;5;4
39902;5;1
39903;5;4
39904;5;4
39905;5;3
39906;5;3
39907;5;3
39908;5;4
39909;5;3
39910;5;3
39911;5;3
39912;5;3
39913;5;3
39914;5;3
39915;5;3
39916;5;3
39917;5;3
39918;5;3
39919;5;1
39920;5;4
39921;5;4
39922;5;3
39923;5;1
39924;5;4
39925;5;3
39926;5;3
39927;5;3
39928;5;4
39929;5;3
39930;5;1
39931;5;3
39932;5;3
39933;5;1
39934;5;3
39935;5;3
39936;5;4
39937;5;4
39938;5;3
39939;5;1
39940;5;3
39941;5;1
39942;5;1
39943;5;1
39944;5;4
39945;5;3
39946;5;3
39947;5;4
39948;5;3
39949;5;1
39950;5;1
39951;5;3
39952;5;1
39953;5;3
39954;5;3
39955;5;1
39956;5;1
39957;5;3
39958;5;4
39959;5;3
39960;5;4
39961;5;3
39962;5;4
39963;5;4
39964;5;3
39965;5;1
39966;5;1
39967;5;4
39968;5;4
39969;5;4
39970;5;3
39971;5;1
39972;5;4
39973;5;3
39974;5;3
39975;5;3
39976;5;3
39977;5;1
39978;5;3
39979;5;1
39980;5;1
39981;5;4
39982;5;1
39983;5;4
39984;5;3
39985;5;4
39986;5;3
39987;5;3
39988;5;4
39989;5;1
39990;5;3
39991;5;3
39992;5;4
39993;5;4
39994;5;4
39995;5;4
39996;5;4
39997;5;1
39998;5;1
39999;5;3
40000;5;1
40001;5;3
40002;5;4
40003;5;4
40004;5;3
40005;5;4
40006;5;4
40007;5;4
40008;5;4
40009;5;4
40010;5;4
40011;5;3
40012;5;3
40013;5;1
40014;5;4
40015;5;1
40016;5;4
40017;5;4
40018;5;1
40019;5;3
40020;5;1
40021;5;3
40022;5;3
40023;5;3
40024;5;1
40025;5;1
40026;5;4
40027;5;1
40028;5;4
40029;5;1
40030;5;3
40031;5;4
40032;5;3
40033;5;1
40034;5;3
40035;5;1
40036;5;3
40037;5;1
40038;5;1
40039;5;4
40040;5;3
40041;5;4
40042;5;4
40043;5;1
40044;5;3
40045;5;1
40046;5;3
40047;5;1
40048;5;1
40049;5;4
40050;5;4
40051;5;1
40052;5;1
40053;5;4
40054;5;4
40055;5;3
40056;5;3
40057;5;1
40058;5;4
40059;5;1
40060;5;1
40061;5;4
40062;5;1
40063;5;1
40064;5;1
40065;5;3
40066;5;2
40067;5;3
40068;5;1
40069;5;2
40070;5;4
40071;5;4
40072;5;1
40073;5;4
40074;5;3
40075;5;1
40076;5;1
40077;5;4
40078;5;4
40079;5;4
40080;5;3
40081;5;1
40082;5;4
40083;5;3
40084;5;4
40085;5;3
40086;5;4
40087;5;3
40088;5;4
40089;5;1
40090;5;4
40091;5;1
40092;5;1
40093;5;1
40094;5;1
40095;5;1
40096;5;3
40097;5;3
40098;5;1
40099;5;3
40100;5;1
40101;5;4
40102;5;3
40103;5;1
40104;5;4
40105;5;4
40106;5;3
40107;5;4
40108;5;4
40109;5;3
40110;5;3
40111;5;4
40112;5;4
40113;5;1
40114;5;1
40115;5;3
40116;5;1
40117;5;1
40118;5;1
40119;5;3
40120;5;4
40121;5;4
40122;5;4
40123;5;4
40124;5;1
40125;5;1
40126;5;3
40127;5;1
40128;5;3
40129;5;1
40130;5;3
40131;5;4
40132;5;3
40133;5;3
40134;5;3
40135;5;1
40136;5;1
40137;5;1
40138;5;1
40139;5;3
40140;5;1
40141;5;4
40142;5;1
40143;5;3
40144;5;4
40145;5;4
40146;5;4
40147;5;4
40148;5;3
40149;5;4
40150;5;3
40151;5;1
40152;5;1
40153;5;4
40154;5;1
40155;5;4
40156;5;4
40157;5;4
40158;5;4
40159;5;1
40160;5;3
40161;5;4
40162;5;1
40163;5;4
40164;5;1
40165;5;4
40166;5;3
40167;5;4
40168;5;1
40169;5;4
40170;5;1
40171;5;1
40172;5;1
40173;5;3
40174;5;3
40175;5;4
40176;5;4
40177;5;3
40178;5;1
40179;5;3
40180;5;1
40181;5;4
40182;5;4
40183;5;3
40184;5;3
40185;5;1
40186;5;3
40187;5;3
40188;5;1
40189;5;1
40190;5;4
40191;5;4
40192;5;3
40193;5;3
40194;5;3
40195;5;3
40196;5;4
40197;5;3
40198;5;1
40199;5;3
40200;5;3
40201;5;4
40202;5;3
40203;5;1
40204;5;3
40205;5;4
40206;5;1
40207;5;3
40208;5;1
40209;5;1
40210;5;3
40211;5;3
40212;5;4
40213;5;1
40214;5;2
40215;5;3
40216;5;4
40217;5;3
40218;5;4
40219;5;3
40220;5;4
40221;5;3
40222;5;4
40223;5;3
40224;5;3
40225;5;4
40226;5;1
40227;5;1
40228;5;4
40229;5;4
40230;5;3
40231;5;4
40232;5;4
40233;5;4
40234;5;4
40235;5;3
40236;5;3
40237;5;1
40238;5;4
40239;5;3
40240;5;1
40241;5;1
40242;5;1
40243;5;1
40244;5;1
40245;5;1
40246;5;3
40247;5;3
40248;5;1
40249;5;1
40250;5;3
40251;5;3
40252;5;1
40253;5;4
40254;5;1
40255;5;3
40256;5;1
40257;5;4
40258;5;4
40259;5;3
40260;5;1
40261;5;4
40262;5;1
40263;5;4
40264;5;4
40265;5;4
40266;5;4
40267;5;4
40268;5;4
40269;5;4
40270;5;3
40271;5;4
40272;5;4
40273;5;1
40274;5;4
40275;5;3
40276;5;1
40277;5;3
40278;5;3
40279;5;4
40280;5;4
40281;5;4
40282;5;3
40283;5;3
40284;5;4
40285;5;1
40286;5;1
40287;5;4
40288;5;1
40289;5;4
40290;5;3
40291;5;1
40292;5;1
40293;5;1
40294;5;3
40295;5;3
40296;5;2
40297;5;1
40298;5;4
40299;5;1
40300;5;3
40301;5;1
40302;5;4
40303;5;1
40304;5;1
40305;5;1
40306;5;3
40307;5;1
40308;5;3
40309;5;4
40310;5;1
40311;5;1
40312;5;4
40313;5;3
40314;5;1
40315;5;3
40316;5;1
40317;5;3
40318;5;3
40319;5;1
40320;5;4
40321;5;3
40322;5;1
40323;5;4
40324;5;1
40325;5;4
40326;5;1
40327;5;3
40328;5;4
40329;5;1
40330;5;1
40331;5;4
40332;5;3
40333;5;3
40334;5;1
40335;5;1
40336;5;3
40337;5;1
40338;5;4
40339;5;4
40340;5;3
40341;5;3
40342;5;3
40343;5;1
40344;5;3
40345;5;3
40346;5;4
40347;5;3
40348;5;3
40349;5;1
40350;5;3
40351;5;3
40352;5;3
40353;5;4
40354;5;3
40355;5;4
40356;5;1
40357;5;3
40358;5;1
40359;5;4
40360;5;3
40361;5;4
40362;5;4
40363;5;4
40364;5;3
40365;5;1
40366;5;3
40367;5;4
40368;5;3
40369;5;4
40370;5;3
40371;5;3
40372;5;4
40373;5;4
40374;5;1
40375;5;3
40376;5;4
40377;5;3
40378;5;3
40379;5;4
40380;5;3
40381;5;3
40382;5;1
40383;5;1
40384;5;3
40385;5;4
40386;5;1
40387;5;4
40388;5;3
40389;5;4
40390;5;1
40391;5;1
40392;5;2
40393;5;4
40394;5;1
40395;5;4
40396;5;3
40397;5;4
40398;5;4
40399;5;1
40400;5;3
40401;5;1
40402;5;1
40403;5;1
40404;5;4
40405;5;3
40406;5;3
40407;5;1
40408;5;2
40409;5;1
40410;5;1
40411;5;4
40412;5;3
40413;5;3
40414;5;1
40415;5;1
40416;5;4
40417;5;1
40418;5;3
40419;5;1
40420;5;1
40421;5;3
40422;5;1
40423;5;3
40424;5;3
40425;5;4
40426;5;3
40427;5;1
40428;5;1
40429;5;1
40430;5;3
40431;5;4
40432;5;1
40433;5;3
40434;5;1
40435;5;3
40436;5;4
40437;5;3
40438;5;4
40439;5;4
40440;5;4
40441;5;1
40442;5;1
40443;5;1
40444;5;1
40445;5;3
40446;5;4
40447;5;4
40448;5;1
40449;5;3
40450;5;4
40451;5;4
40452;5;4
40453;5;1
40454;5;3
40455;5;3
40456;5;4
40457;5;1
40458;5;1
40459;5;3
40460;5;3
40461;5;2
40462;5;3
40463;5;1
40464;5;3
40465;5;1
40466;5;3
40467;5;4
40468;5;3
40469;5;3
40470;5;1
40471;5;4
40472;5;3
40473;5;1
40474;5;1
40475;5;1
40476;5;1
40477;5;3
40478;5;4
40479;5;3
40480;5;1
40481;5;4
40482;5;1
40483;5;3
40484;5;1
40485;5;3
40486;5;4
40487;5;3
40488;5;4
40489;5;1
40490;5;1
40491;5;1
40492;5;4
40493;5;3
40494;5;1
40495;5;1
40496;5;3
40497;5;4
40498;5;1
40499;5;1
40500;5;3
40501;5;4
40502;5;1
40503;5;1
40504;5;1
40505;5;4
40506;5;4
40507;5;3
40508;5;3
40509;5;4
40510;5;1
40511;5;4
40512;5;4
40513;5;4
40514;5;1
40515;5;1
40516;5;4
40517;5;4
40518;5;4
40519;5;4
40520;5;1
40521;5;1
40522;5;1
40523;5;1
40524;5;4
40525;5;1
40526;5;1
40527;5;1
40528;5;4
40529;5;4
40530;5;4
40531;5;4
40532;5;1
40533;5;4
40534;5;1
40535;5;1
40536;5;4
40537;5;1
40538;5;4
40539;5;3
40540;5;1
40541;5;1
40542;5;3
40543;5;1
40544;5;1
40545;5;1
40546;5;4
40547;5;4
40548;5;3
40549;5;1
40550;5;1
40551;5;1
40552;5;3
40553;5;1
40554;5;1
40555;5;4
40556;5;1
40557;5;1
40558;5;1
40559;5;1
40560;5;1
40561;5;4
40562;5;3
40563;5;4
40564;5;4
40565;5;3
40566;5;1
40567;5;1
40568;5;1
40569;5;4
40570;5;4
40571;5;1
40572;5;4
40573;5;1
40574;5;1
40575;5;3
40576;5;4
40577;5;1
40578;5;4
40579;5;1
40580;5;4
40581;5;3
40582;5;4
40583;5;3
40584;5;4
40585;5;4
40586;5;4
40587;5;1
40588;5;3
40589;5;1
40590;5;3
40591;5;1
40592;5;3
40593;5;4
40594;5;1
40595;5;1
40596;5;3
40597;5;4
40598;5;3
40599;5;4
40600;5;4
40601;5;1
40602;5;4
40603;5;3
40604;5;3
40605;5;2
40606;5;3
40607;5;3
40608;5;4
40609;5;4
40610;5;3
40611;5;3
40612;5;1
40613;5;3
40614;5;2
40615;5;3
40616;5;4
40617;5;1
40618;5;1
40619;5;4
40620;5;4
40621;5;4
40622;5;4
40623;5;3
40624;5;4
40625;5;4
40626;5;1
40627;5;3
40628;5;1
40629;5;4
40630;5;4
40631;5;1
40632;5;4
40633;5;1
40634;5;1
40635;5;1
40636;5;1
40637;5;3
40638;5;1
40639;5;1
40640;5;1
40641;5;4
40642;5;4
40643;5;1
40644;5;3
40645;5;4
40646;5;1
40647;5;1
40648;5;1
40649;5;3
40650;5;1
40651;5;4
40652;5;3
40653;5;4
40654;5;4
40655;5;1
40656;5;3
40657;5;1
40658;5;3
40659;5;3
40660;5;2
40661;5;3
40662;5;4
40663;5;1
40664;5;1
40665;5;3
40666;5;4
40667;5;3
40668;5;1
40669;5;1
40670;5;4
40671;5;4
40672;5;4
40673;5;3
40674;5;1
40675;5;3
40676;5;1
40677;5;4
40678;5;4
40679;5;1
40680;5;3
40681;5;2
40682;5;3
40683;5;4
40684;5;3
40685;5;3
40686;5;3
40687;5;1
40688;5;1
40689;5;3
40690;5;3
40691;5;3
40692;5;4
40693;5;1
40694;5;3
40695;5;4
40696;5;3
40697;5;3
40698;5;3
40699;5;3
40700;5;3
40701;5;3
40702;5;3
40703;5;3
40704;5;4
40705;5;3
40706;5;4
40707;5;4
40708;5;3
40709;5;3
40710;5;4
40711;5;1
40712;5;4
40713;5;1
40714;5;2
40715;5;3
40716;5;4
40717;5;3
40718;5;1
40719;5;3
40720;5;4
40721;5;3
40722;5;2
40723;5;4
40724;5;4
40725;5;4
40726;5;4
40727;5;4
40728;5;4
40729;5;4
40730;5;3
40731;5;1
40732;5;1
40733;5;1
40734;5;4
40735;5;1
40736;5;1
40737;5;3
40738;5;3
40739;5;1
40740;5;3
40741;5;4
40742;5;4
40743;5;4
40744;5;1
40745;5;3
40746;5;1
40747;5;4
40748;5;1
40749;5;4
40750;5;3
40751;5;4
40752;5;4
40753;5;4
40754;5;3
40755;5;1
40756;5;1
40757;5;4
40758;5;1
40759;5;1
40760;5;1
40761;5;1
40762;5;4
40763;5;4
40764;5;4
40765;5;1
40766;5;1
40767;5;4
40768;5;1
40769;5;3
40770;5;3
40771;5;1
40772;5;4
40773;5;3
40774;5;1
40775;5;4
40776;5;1
40777;5;4
40778;5;3
40779;5;1
40780;5;3
40781;5;3
40782;5;4
40783;5;4
40784;5;1
40785;5;4
40786;5;4
40787;5;4
40788;5;1
40789;5;3
40790;5;1
40791;5;1
40792;5;3
40793;5;4
40794;5;1
40795;5;4
40796;5;1
40797;5;1
40798;5;1
40799;5;3
40800;5;4
40801;5;4
40802;5;4
40803;5;4
40804;5;1
40805;5;1
40806;5;3
40807;5;4
40808;5;4
40809;5;4
40810;5;3
40811;5;1
40812;5;3
40813;5;4
40814;5;3
40815;5;3
40816;5;4
40817;5;3
40818;5;1
40819;5;1
40820;5;1
40821;5;1
40822;5;4
40823;5;3
40824;5;3
40825;5;1
40826;5;3
40827;5;4
40828;5;3
40829;5;4
40830;5;4
40831;5;3
40832;5;4
40833;5;1
40834;5;4
40835;5;3
40836;5;1
40837;5;3
40838;5;4
40839;5;1
40840;5;4
40841;5;1
40842;5;4
40843;5;4
40844;5;1
40845;5;1
40846;5;3
40847;5;4
40848;5;4
40849;5;1
40850;5;1
40851;5;1
40852;5;1
40853;5;3
40854;5;4
40855;5;3
40856;5;3
40857;5;4
40858;5;3
40859;5;1
40860;5;4
40861;5;4
40862;5;1
40863;5;1
40864;5;1
40865;5;3
40866;5;4
40867;5;3
40868;5;1
40869;5;4
40870;5;4
40871;5;4
40872;5;3
40873;5;4
40874;5;4
40875;5;1
40876;5;3
40877;5;4
40878;5;3
40879;5;3
40880;5;4
40881;5;3
40882;5;1
40883;5;1
40884;5;4
40885;5;1
40886;5;4
40887;5;1
40888;5;3
40889;5;1
40890;5;1
40891;5;4
40892;5;3
40893;5;2
40894;5;4
40895;5;1
40896;5;3
40897;5;4
40898;5;4
40899;5;3
40900;5;1
40901;5;3
40902;5;1
40903;5;1
40904;5;4
40905;5;3
40906;5;4
40907;5;3
40908;5;1
40909;5;1
40910;5;1
40911;5;1
40912;5;4
40913;5;4
40914;5;2
40915;5;3
40916;5;4
40917;5;1
40918;5;3
40919;5;4
40920;5;3
40921;5;3
40922;5;4
40923;5;4
40924;5;1
40925;5;4
40926;5;4
40927;5;1
40928;5;2
40929;5;1
40930;5;1
40931;5;3
40932;5;3
40933;5;3
40934;5;3
40935;5;1
40936;5;4
40937;5;4
40938;5;3
40939;5;2
40940;5;4
40941;5;2
40942;5;1
40943;5;3
40944;5;3
40945;5;4
40946;5;3
40947;5;4
40948;5;1
40949;5;4
40950;5;4
40951;5;4
40952;5;4
40953;5;3
40954;5;3
40955;5;4
40956;5;4
40957;5;4
40958;5;1
40959;5;4
40960;5;4
40961;5;4
40962;5;3
40963;5;3
40964;5;4
40965;5;3
40966;5;4
40967;5;3
40968;5;1
40969;5;1
40970;5;1
40971;5;1
40972;5;1
40973;5;3
40974;5;3
40975;5;4
40976;5;4
40977;5;3
40978;5;3
40979;5;4
40980;5;1
40981;5;4
40982;5;4
40983;5;4
40984;5;1
40985;5;1
40986;5;3
40987;5;4
40988;5;1
40989;5;3
40990;5;4
40991;5;3
40992;5;3
40993;5;4
40994;5;3
40995;5;1
40996;5;3
40997;5;4
40998;5;4
40999;5;4
41000;5;3
41001;5;3
41002;5;4
41003;5;4
41004;5;1
41005;5;1
41006;5;4
41007;5;1
41008;5;4
41009;5;4
41010;5;3
41011;5;1
41012;5;4
41013;5;3
41014;5;4
41015;5;3
41016;5;3
41017;5;1
41018;5;3
41019;5;3
41020;5;3
41021;5;1
41022;5;3
41023;5;3
41024;5;3
41025;5;3
41026;5;4
41027;5;3
41028;5;3
41029;5;4
41030;5;3
41031;5;4
41032;5;4
41033;5;4
41034;5;4
41035;5;4
41036;5;1
41037;5;1
41038;5;3
41039;5;4
41040;5;4
41041;5;3
41042;5;4
41043;5;4
41044;5;4
41045;5;4
41046;5;4
41047;5;4
41048;5;1
41049;5;4
41050;5;4
41051;5;3
41052;5;3
41053;5;1
41054;5;4
41055;5;4
41056;5;4
41057;5;1
41058;5;1
41059;5;3
41060;5;4
41061;5;4
41062;5;1
41063;5;4
41064;5;1
41065;5;1
41066;5;4
41067;5;3
41068;5;3
41069;5;1
41070;5;3
41071;5;4
41072;5;4
41073;5;3
41074;5;4
41075;5;4
41076;5;2
41077;5;4
41078;5;1
41079;5;3
41080;5;3
41081;5;4
41082;5;3
41083;5;3
41084;5;1
41085;5;3
41086;5;3
41087;5;3
41088;5;3
41089;5;3
41090;5;1
41091;5;4
41092;5;2
41093;5;1
41094;5;3
41095;5;2
41096;5;4
41097;5;3
41098;5;4
41099;5;1
41100;5;4
41101;5;1
41102;5;1
41103;5;4
41104;5;3
41105;5;1
41106;5;1
41107;5;1
41108;5;4
41109;5;4
41110;5;3
41111;5;4
41112;5;1
41113;5;4
41114;5;1
41115;5;4
41116;5;1
41117;5;4
41118;5;1
41119;5;1
41120;5;3
41121;5;4
41122;5;1
41123;5;4
41124;5;1
41125;5;3
41126;5;4
41127;5;3
41128;5;4
41129;5;3
41130;5;4
41131;5;4
41132;5;1
41133;5;1
41134;5;4
41135;5;1
41136;5;4
41137;5;4
41138;5;4
41139;5;3
41140;5;1
41141;5;4
41142;5;3
41143;5;1
41144;5;1
41145;5;1
41146;5;3
41147;5;3
41148;5;1
41149;5;3
41150;5;3
41151;5;4
41152;5;3
41153;5;3
41154;5;4
41155;5;1
41156;5;1
41157;5;1
41158;5;3
41159;5;4
41160;5;4
41161;5;4
41162;5;3
41163;5;4
41164;5;3
41165;5;3
41166;5;3
41167;5;4
41168;5;3
41169;5;4
41170;5;3
41171;5;3
41172;5;2
41173;5;3
41174;5;3
41175;5;1
41176;5;3
41177;5;4
41178;5;1
41179;5;4
41180;5;4
41181;5;4
41182;5;4
41183;5;4
41184;5;4
41185;5;1
41186;5;3
41187;5;4
41188;5;3
41189;5;3
41190;5;4
41191;5;1
41192;5;3
41193;5;1
41194;5;4
41195;5;4
41196;5;3
41197;5;3
41198;5;3
41199;5;4
41200;5;1
41201;5;4
41202;5;4
41203;5;4
41204;5;4
41205;5;1
41206;5;3
41207;5;4
41208;5;3
41209;5;1
41210;5;3
41211;5;3
41212;5;3
41213;5;3
41214;5;4
41215;5;3
41216;5;3
41217;5;4
41218;5;3
41219;5;3
41220;5;4
41221;5;3
41222;5;3
41223;5;3
41224;5;3
41225;5;3
41226;5;3
41227;5;3
41228;5;3
41229;5;4
41230;5;3
41231;5;1
41232;5;4
41233;5;1
41234;5;1
41235;5;1
41236;5;1
41237;5;1
41238;5;3
41239;5;1
41240;5;4
41241;5;4
41242;5;3
41243;5;1
41244;5;3
41245;5;4
41246;5;4
41247;5;3
41248;5;3
41249;5;4
41250;5;4
41251;5;3
41252;5;4
41253;5;4
41254;5;4
41255;5;4
41256;5;3
41257;5;4
41258;5;4
41259;5;4
41260;5;4
41261;5;4
41262;5;4
41263;5;4
41264;5;4
41265;5;4
41266;5;3
41267;5;4
41268;5;4
41269;5;4
41270;5;3
41271;5;3
41272;5;3
41273;5;1
41274;5;3
41275;5;4
41276;5;3
41277;5;3
41278;5;1
41279;5;4
41280;5;1
41281;5;1
41282;5;3
41283;5;1
41284;5;3
41285;5;3
41286;5;1
41287;5;4
41288;5;1
41289;5;1
41290;5;4
41291;5;3
41292;5;3
41293;5;1
41294;5;3
41295;5;4
41296;5;4
41297;5;1
41298;5;1
41299;5;3
41300;5;4
41301;5;3
41302;5;1
41303;5;3
41304;5;3
41305;5;3
41306;5;1
41307;5;4
41308;5;4
41309;5;4
41310;5;1
41311;5;4
41312;5;3
41313;5;1
41314;5;3
41315;5;4
41316;5;1
41317;5;4
41318;5;4
41319;5;1
41320;5;1
41321;5;4
41322;5;3
41323;5;4
41324;5;3
41325;5;3
41326;5;1
41327;5;4
41328;5;1
41329;5;1
41330;5;1
41331;5;1
41332;5;1
41333;5;1
41334;5;3
41335;5;3
41336;5;3
41337;5;3
41338;5;3
41339;5;4
41340;5;1
41341;5;1
41342;5;1
41343;5;4
41344;5;1
41345;5;3
41346;5;1
41347;5;3
41348;5;1
41349;5;1
41350;5;3
41351;5;4
41352;5;3
41353;5;3
41354;5;4
41355;5;3
41356;5;4
41357;5;4
41358;5;4
41359;5;3
41360;5;4
41361;5;3
41362;5;1
41363;5;1
41364;5;3
41365;5;1
41366;5;3
41367;5;4
41368;5;1
41369;5;3
41370;5;4
41371;5;1
41372;5;1
41373;5;1
41374;5;1
41375;5;1
41376;5;1
41377;5;1
41378;5;1
41379;5;3
41380;5;1
41381;5;1
41382;5;3
41383;5;4
41384;5;4
41385;5;3
41386;5;3
41387;5;4
41388;5;1
41389;5;4
41390;5;4
41391;5;3
41392;5;1
41393;5;1
41394;5;4
41395;5;1
41396;5;4
41397;5;3
41398;5;1
41399;5;4
41400;5;1
41401;5;1
41402;5;4
41403;5;4
41404;5;4
41405;5;4
41406;5;4
41407;5;1
41408;5;1
41409;5;4
41410;5;3
41411;5;4
41412;5;4
41413;5;4
41414;5;4
41415;5;3
41416;5;4
41417;5;1
41418;5;1
41419;5;4
41420;5;1
41421;5;1
41422;5;4
41423;5;1
41424;5;4
41425;5;4
41426;5;1
41427;5;1
41428;5;3
41429;5;4
41430;5;1
41431;5;1
41432;5;4
41433;5;3
41434;5;3
41435;5;3
41436;5;4
41437;5;1
41438;5;4
41439;5;1
41440;5;3
41441;5;3
41442;5;4
41443;5;3
41444;5;3
41445;5;4
41446;5;2
41447;5;4
41448;5;3
41449;5;3
41450;5;3
41451;5;3
41452;5;4
41453;5;4
41454;5;3
41455;5;1
41456;5;2
41457;5;3
41458;5;1
41459;5;1
41460;5;3
41461;5;4
41462;5;3
41463;5;1
41464;5;3
41465;5;3
41466;5;4
41467;5;1
41468;5;4
41469;5;4
41470;5;4
41471;5;4
41472;5;1
41473;5;1
41474;5;1
41475;5;3
41476;5;3
41477;5;4
41478;5;3
41479;5;4
41480;5;3
41481;5;3
41482;5;3
41483;5;2
41484;5;3
41485;5;1
41486;5;1
41487;5;3
41488;5;1
41489;5;1
41490;5;1
41491;5;1
41492;5;3
41493;5;4
41494;5;3
41495;5;3
41496;5;4
41497;5;3
41498;5;4
41499;5;1
41500;5;1
41501;5;1
41502;5;1
41503;5;3
41504;5;4
41505;5;4
41506;5;1
41507;5;4
41508;5;4
41509;5;4
41510;5;4
41511;5;1
41512;5;1
41513;5;1
41514;5;3
41515;5;3
41516;5;1
41517;5;3
41518;5;3
41519;5;1
41520;5;1
41521;5;1
41522;5;3
41523;5;3
41524;5;3
41525;5;4
41526;5;1
41527;5;4
41528;5;1
41529;5;3
41530;5;1
41531;5;4
41532;5;4
41533;5;1
41534;5;3
41535;5;4
41536;5;1
41537;5;4
41538;5;4
41539;5;1
41540;5;3
41541;5;4
41542;5;1
41543;5;1
41544;5;4
41545;5;3
41546;5;1
41547;5;1
41548;5;3
41549;5;3
41550;5;4
41551;5;4
41552;5;3
41553;5;3
41554;5;4
41555;5;4
41556;5;1
41557;5;3
41558;5;4
41559;5;1
41560;5;1
41561;5;3
41562;5;4
41563;5;3
41564;5;3
41565;5;4
41566;5;3
41567;5;1
41568;5;4
41569;5;3
41570;5;1
41571;5;1
41572;5;1
41573;5;1
41574;5;3
41575;5;3
41576;5;1
41577;5;4
41578;5;3
41579;5;3
41580;5;1
41581;5;1
41582;5;1
41583;5;4
41584;5;3
41585;5;3
41586;5;4
41587;5;4
41588;5;1
41589;5;4
41590;5;4
41591;5;4
41592;5;3
41593;5;1
41594;5;3
41595;5;3
41596;5;3
41597;5;1
41598;5;3
41599;5;3
41600;5;4
41601;5;3
41602;5;4
41603;5;2
41604;5;4
41605;5;3
41606;5;1
41607;5;4
41608;5;3
41609;5;4
41610;5;3
41611;5;1
41612;5;2
41613;5;4
41614;5;4
41615;5;1
41616;5;3
41617;5;4
41618;5;1
41619;5;4
41620;5;4
41621;5;3
41622;5;1
41623;5;4
41624;5;3
41625;5;4
41626;5;4
41627;5;4
41628;5;4
41629;5;3
41630;5;4
41631;5;3
41632;5;3
41633;5;4
41634;5;3
41635;5;3
41636;5;4
41637;5;3
41638;5;4
41639;5;3
41640;5;4
41641;5;3
41642;5;3
41643;5;3
41644;5;1
41645;5;1
41646;5;1
41647;5;1
41648;5;3
41649;5;1
41650;5;1
41651;5;3
41652;5;3
41653;5;4
41654;5;4
41655;5;4
41656;5;3
41657;5;3
41658;5;1
41659;5;3
41660;5;4
41661;5;3
41662;5;3
41663;5;4
41664;5;1
41665;5;1
41666;5;1
41667;5;3
41668;5;1
41669;5;3
41670;5;4
41671;5;4
41672;5;4
41673;5;3
41674;5;4
41675;5;4
41676;5;3
41677;5;4
41678;5;4
41679;5;4
41680;5;1
41681;5;3
41682;5;4
41683;5;1
41684;5;3
41685;5;3
41686;5;4
41687;5;3
41688;5;4
41689;5;4
41690;5;3
41691;5;4
41692;5;3
41693;5;3
41694;5;4
41695;5;1
41696;5;1
41697;5;4
41698;5;3
41699;5;4
41700;5;1
41701;5;2
41702;5;3
41703;5;4
41704;5;3
41705;5;1
41706;5;1
41707;5;3
41708;5;4
41709;5;1
41710;5;4
41711;5;3
41712;5;4
41713;5;1
41714;5;3
41715;5;1
41716;5;4
41717;5;1
41718;5;1
41719;5;4
41720;5;4
41721;5;3
41722;5;1
41723;5;3
41724;5;4
41725;5;4
41726;5;4
41727;5;3
41728;5;3
41729;5;4
41730;5;4
41731;5;4
41732;5;4
41733;5;1
41734;5;4
41735;5;4
41736;5;4
41737;5;4
41738;5;1
41739;5;4
41740;5;3
41741;5;3
41742;5;4
41743;5;4
41744;5;4
41745;5;4
41746;5;4
41747;5;1
41748;5;1
41749;5;4
41750;5;3
41751;5;3
41752;5;4
41753;5;3
41754;5;3
41755;5;3
41756;5;4
41757;5;4
41758;5;4
41759;5;4
41760;5;4
41761;5;3
41762;5;4
41763;5;3
41764;5;3
41765;5;3
41766;5;4
41767;5;1
41768;5;3
41769;5;1
41770;5;1
41771;5;3
41772;5;3
41773;5;4
41774;5;3
41775;5;4
41776;5;3
41777;5;3
41778;5;3
41779;5;1
41780;5;1
41781;5;4
41782;5;3
41783;5;4
41784;5;3
41785;5;4
41786;5;3
41787;5;4
41788;5;1
41789;5;1
41790;5;3
41791;5;3
41792;5;4
41793;5;3
41794;5;4
41795;5;3
41796;5;4
41797;5;4
41798;5;4
41799;5;4
41800;5;4
41801;5;4
41802;5;4
41803;5;4
41804;5;4
41805;5;4
41806;5;4
41807;5;2
41808;5;3
41809;5;1
41810;5;3
41811;5;1
41812;5;1
41813;5;1
41814;5;3
41815;5;3
41816;5;4
41817;5;3
41818;5;4
41819;5;4
41820;5;4
41821;5;3
41822;5;1
41823;5;1
41824;5;3
41825;5;4
41826;5;4
41827;5;3
41828;5;4
41829;5;3
41830;5;4
41831;5;3
41832;5;4
41833;5;4
41834;5;4
41835;5;3
41836;5;4
41837;5;3
41838;5;3
41839;5;1
41840;5;3
41841;5;3
41842;5;3
41843;5;3
41844;5;3
41845;5;1
41846;5;4
41847;5;1
41848;5;3
41849;5;4
41850;5;3
41851;5;3
41852;5;1
41853;5;3
41854;5;1
41855;5;3
41856;5;3
41857;5;3
41858;5;3
41859;5;3
41860;5;3
41861;5;4
41862;5;1
41863;5;4
41864;5;3
41865;5;3
41866;5;4
41867;5;1
41868;5;4
41869;5;3
41870;5;3
41871;5;3
41872;5;1
41873;5;3
41874;5;1
41875;5;3
41876;5;3
41877;5;4
41878;5;4
41879;5;3
41880;5;3
41881;5;3
41882;5;4
41883;5;3
41884;5;1
41885;5;4
41886;5;3
41887;5;3
41888;5;4
41889;5;3
41890;5;4
41891;5;3
41892;5;3
41893;5;1
41894;5;1
41895;5;3
41896;5;4
41897;5;4
41898;5;4
41899;5;4
41900;5;3
41901;5;4
41902;5;4
41903;5;3
41904;5;4
41905;5;4
41906;5;4
41907;5;3
41908;5;1
41909;5;3
41910;5;4
41911;5;3
41912;5;3
41913;5;3
41914;5;1
41915;5;4
41916;5;4
41917;5;3
41918;5;4
41919;5;3
41920;5;4
41921;5;3
41922;5;3
41923;5;4
41924;5;1
41925;5;4
41926;5;3
41927;5;3
41928;5;1
41929;5;4
41930;5;1
41931;5;3
41932;5;1
41933;5;3
41934;5;1
41935;5;1
41936;5;3
41937;5;4
41938;5;3
41939;5;4
41940;5;1
41941;5;3
41942;5;3
41943;5;3
41944;5;1
41945;5;3
41946;5;3
41947;5;4
41948;5;3
41949;5;2
41950;5;3
41951;5;4
41952;5;4
41953;5;1
41954;5;4
41955;5;4
41956;5;3
41957;5;3
41958;5;1
41959;5;1
41960;5;3
41961;5;3
41962;5;3
41963;5;1
41964;5;1
41965;5;3
41966;5;1
41967;5;2
41968;5;4
41969;5;1
41970;5;1
41971;5;2
41972;5;4
41973;5;4
41974;5;1
41975;5;3
41976;5;4
41977;5;4
41978;5;1
41979;5;3
41980;5;1
41981;5;1
41982;5;3
41983;5;2
41984;5;4
41985;5;1
41986;5;1
41987;5;3
41988;5;1
41989;5;3
41990;5;4
41991;5;1
41992;5;1
41993;5;3
41994;5;1
41995;5;1
41996;5;1
41997;5;4
41998;5;3
41999;5;3
42000;5;3
42001;5;3
42002;5;3
42003;5;3
42004;5;1
42005;5;3
42006;5;3
42007;5;1
42008;5;3
42009;5;3
42010;5;1
42011;5;3
42012;5;4
42013;5;1
42014;5;3
42015;5;3
42016;5;3
42017;5;3
42018;5;1
42019;5;1
42020;5;3
42021;5;4
42022;5;3
42023;5;1
42024;5;1
42025;5;3
42026;5;4
42027;5;4
42028;5;3
42029;5;1
42030;5;4
42031;5;3
42032;5;4
42033;5;4
42034;5;3
42035;5;3
42036;5;3
42037;5;3
42038;5;1
42039;5;1
42040;5;4
42041;5;1
42042;5;1
42043;5;3
42044;5;4
42045;5;3
42046;5;2
42047;5;4
42048;5;4
42049;5;3
42050;5;4
42051;5;3
42052;5;1
42053;5;1
42054;5;3
42055;5;1
42056;5;1
42057;5;4
42058;5;4
42059;5;3
42060;5;1
42061;5;3
42062;5;4
42063;5;3
42064;5;4
42065;5;4
42066;5;1
42067;5;3
42068;5;1
42069;5;3
42070;5;3
42071;5;3
42072;5;3
42073;5;3
42074;5;3
42075;5;3
42076;5;3
42077;5;3
42078;5;4
42079;5;4
42080;5;4
42081;5;3
42082;5;3
42083;5;4
42084;5;4
42085;5;3
42086;5;4
42087;5;3
42088;5;4
42089;5;1
42090;5;3
42091;5;4
42092;5;1
42093;5;3
42094;5;3
42095;5;3
42096;5;4
42097;5;1
42098;5;3
42099;5;2
42100;5;4
42101;5;3
42102;5;4
42103;5;4
42104;5;4
42105;5;4
42106;5;4
42107;5;1
42108;5;4
42109;5;3
42110;5;1
42111;5;4
42112;5;4
42113;5;3
42114;5;3
42115;5;3
42116;5;4
42117;5;3
42118;5;3
42119;5;4
42120;5;3
42121;5;4
42122;5;1
42123;5;3
42124;5;3
42125;5;1
42126;5;1
42127;5;4
42128;5;2
42129;5;1
42130;5;4
42131;5;1
42132;5;1
42133;5;4
42134;5;3
42135;5;4
42136;5;3
42137;5;3
42138;5;3
42139;5;4
42140;5;3
42141;5;4
42142;5;4
42143;5;3
42144;5;3
42145;5;3
42146;5;1
42147;5;1
42148;5;4
42149;5;3
42150;5;1
42151;5;3
42152;5;4
42153;5;3
42154;5;3
42155;5;3
42156;5;3
42157;5;3
42158;5;3
42159;5;4
42160;5;1
42161;5;3
42162;5;4
42163;5;3
42164;5;1
42165;5;3
42166;5;4
42167;5;3
42168;5;3
42169;5;3
42170;5;4
42171;5;4
42172;5;3
42173;5;4
42174;5;3
42175;5;4
42176;5;3
42177;5;3
42178;5;1
42179;5;1
42180;5;4
42181;5;1
42182;5;1
42183;5;1
42184;5;3
42185;5;3
42186;5;4
42187;5;1
42188;5;3
42189;5;3
42190;5;3
42191;5;1
42192;5;4
42193;5;1
42194;5;4
42195;5;4
42196;5;1
42197;5;4
42198;5;2
42199;5;1
42200;5;4
42201;5;4
42202;5;3
42203;5;1
42204;5;4
42205;5;3
42206;5;1
42207;5;3
42208;5;4
42209;5;4
42210;5;4
42211;5;4
42212;5;1
42213;5;2
42214;5;3
42215;5;3
42216;5;4
42217;5;3
42218;5;4
42219;5;3
42220;5;3
42221;5;3
42222;5;1
42223;5;1
42224;5;4
42225;5;3
42226;5;4
42227;5;4
42228;5;4
42229;5;3
42230;5;4
42231;5;1
42232;5;3
42233;5;2
42234;5;1
42235;5;3
42236;5;1
42237;5;1
42238;5;1
42239;5;4
42240;5;4
42241;5;4
42242;5;1
42243;5;3
42244;5;4
42245;5;3
42246;5;4
42247;5;3
42248;5;1
42249;5;2
42250;5;3
42251;5;4
42252;5;3
42253;5;3
42254;5;4
42255;5;1
42256;5;1
42257;5;4
42258;5;1
42259;5;4
42260;5;1
42261;5;3
42262;5;1
42263;5;4
42264;5;1
42265;5;4
42266;5;1
42267;5;3
42268;5;3
42269;5;3
42270;5;4
42271;5;2
42272;5;1
42273;5;1
42274;5;3
42275;5;4
42276;5;3
42277;5;3
42278;5;1
42279;5;3
42280;5;1
42281;5;4
42282;5;1
42283;5;4
42284;5;4
42285;5;4
42286;5;4
42287;5;3
42288;5;4
42289;5;3
42290;5;2
42291;5;3
42292;5;4
42293;5;3
42294;5;1
42295;5;3
42296;5;1
42297;5;2
42298;5;3
42299;5;1
42300;5;1
42301;5;1
42302;5;1
42303;5;3
42304;5;3
42305;5;3
42306;5;4
42307;5;3
42308;5;4
42309;5;1
42310;5;3
42311;5;4
42312;5;3
42313;5;3
42314;5;4
42315;5;4
42316;5;4
42317;5;1
42318;5;1
42319;5;3
42320;5;3
42321;5;4
42322;5;4
42323;5;1
42324;5;1
42325;5;3
42326;5;3
42327;5;3
42328;5;4
42329;5;3
42330;5;4
42331;5;3
42332;5;3
42333;5;3
42334;5;3
42335;5;3
42336;5;2
42337;5;3
42338;5;4
42339;5;3
42340;5;1
42341;5;4
42342;5;4
42343;5;3
42344;5;3
42345;5;3
42346;5;3
42347;5;4
42348;5;4
42349;5;3
42350;5;3
42351;5;3
42352;5;3
42353;5;4
42354;5;4
42355;5;4
42356;5;4
42357;5;3
42358;5;3
42359;5;1
42360;5;1
42361;5;3
42362;5;4
42363;5;1
42364;5;1
42365;5;1
42366;5;1
42367;5;3
42368;5;4
42369;5;1
42370;5;4
42371;5;3
42372;5;1
42373;5;1
42374;5;4
42375;5;4
42376;5;4
42377;5;4
42378;5;4
42379;5;4
42380;5;4
42381;5;1
42382;5;1
42383;5;3
42384;5;3
42385;5;4
42386;5;1
42387;5;3
42388;5;4
42389;5;1
42390;5;4
42391;5;3
42392;5;3
42393;5;4
42394;5;4
42395;5;1
42396;5;3
42397;5;3
42398;5;4
42399;5;1
42400;5;4
42401;5;4
42402;5;1
42403;5;4
42404;5;1
42405;5;1
42406;5;1
42407;5;3
42408;5;3
42409;5;4
42410;5;3
42411;5;1
42412;5;4
42413;5;1
42414;5;1
42415;5;3
42416;5;4
42417;5;4
42418;5;4
42419;5;3
42420;5;1
42421;5;3
42422;5;4
42423;5;3
42424;5;1
42425;5;4
42426;5;1
42427;5;4
42428;5;3
42429;5;3
42430;5;4
42431;5;4
42432;5;3
42433;5;4
42434;5;3
42435;5;4
42436;5;3
42437;5;3
42438;5;3
42439;5;3
42440;5;3
42441;5;3
42442;5;3
42443;5;2
42444;5;3
42445;5;3
42446;5;3
42447;5;1
42448;5;4
42449;5;1
42450;5;4
42451;5;1
42452;5;4
42453;5;3
42454;5;4
42455;5;4
42456;5;3
42457;5;3
42458;5;4
42459;5;3
42460;5;4
42461;5;3
42462;5;3
42463;5;3
42464;5;1
42465;5;1
42466;5;4
42467;5;3
42468;5;4
42469;5;4
42470;5;1
42471;5;3
42472;5;4
42473;5;4
42474;5;4
42475;5;3
42476;5;3
42477;5;3
42478;5;3
42479;5;1
42480;5;3
42481;5;1
42482;5;3
42483;5;4
42484;5;4
42485;5;4
42486;5;1
42487;5;2
42488;5;1
42489;5;1
42490;5;3
42491;5;4
42492;5;3
42493;5;1
42494;5;4
42495;5;1
42496;5;1
42497;5;3
42498;5;3
42499;5;3
42500;5;3
42501;5;3
42502;5;3
42503;5;3
42504;5;3
42505;5;4
42506;5;3
42507;5;3
42508;5;3
42509;5;3
42510;5;3
42511;5;3
42512;5;1
42513;5;4
42514;5;3
42515;5;3
42516;5;3
42517;5;3
42518;5;3
42519;5;3
42520;5;1
42521;5;4
42522;5;4
42523;5;3
42524;5;4
42525;5;4
42526;5;4
42527;5;4
42528;5;3
42529;5;4
42530;5;4
42531;5;4
42532;5;1
42533;5;3
42534;5;3
42535;5;1
42536;5;3
42537;5;4
42538;5;1
42539;5;3
42540;5;3
42541;5;3
42542;5;3
42543;5;3
42544;5;4
42545;5;3
42546;5;3
42547;5;3
42548;5;3
42549;5;3
42550;5;4
42551;5;3
42552;5;4
42553;5;1
42554;5;3
42555;5;4
42556;5;3
42557;5;4
42558;5;4
42559;5;3
42560;5;3
42561;5;4
42562;5;3
42563;5;1
42564;5;1
42565;5;1
42566;5;3
42567;5;3
42568;5;4
42569;5;1
42570;5;3
42571;5;3
42572;5;1
42573;5;3
42574;5;4
42575;5;3
42576;5;3
42577;5;3
42578;5;3
42579;5;4
42580;5;3
42581;5;1
42582;5;3
42583;5;4
42584;5;4
42585;5;3
42586;5;3
42587;5;4
42588;5;3
42589;5;3
42590;5;3
42591;5;1
42592;5;3
42593;5;4
42594;5;3
42595;5;3
42596;5;4
42597;5;4
42598;5;4
42599;5;3
42600;5;1
42601;5;1
42602;5;3
42603;5;3
42604;5;4
42605;5;4
42606;5;3
42607;5;3
42608;5;4
42609;5;3
42610;5;3
42611;5;1
42612;5;3
42613;5;4
42614;5;4
42615;5;4
42616;5;4
42617;5;4
42618;5;4
42619;5;3
42620;5;3
42621;5;4
42622;5;1
42623;5;4
42624;5;1
42625;5;3
42626;5;1
42627;5;1
42628;5;3
42629;5;3
42630;5;4
42631;5;3
42632;5;1
42633;5;4
42634;5;2
42635;5;3
42636;5;3
42637;5;4
42638;5;4
42639;5;4
42640;5;3
42641;5;4
42642;5;4
42643;5;3
42644;5;4
42645;5;1
42646;5;3
42647;5;3
42648;5;1
42649;5;1
42650;5;3
42651;5;4
42652;5;3
42653;5;4
42654;5;1
42655;5;4
42656;5;4
42657;5;3
42658;5;4
42659;5;1
42660;5;1
42661;5;4
42662;5;3
42663;5;1
42664;5;3
42665;5;1
42666;5;1
42667;5;1
42668;5;4
42669;5;1
42670;5;3
42671;5;3
42672;5;3
42673;5;4
42674;5;4
42675;5;1
42676;5;3
42677;5;4
42678;5;4
42679;5;3
42680;5;1
42681;5;4
42682;5;3
42683;5;1
42684;5;1
42685;5;3
42686;5;4
42687;5;4
42688;5;3
42689;5;4
42690;5;3
42691;5;3
42692;5;4
42693;5;3
42694;5;3
42695;5;4
42696;5;4
42697;5;4
42698;5;4
42699;5;1
42700;5;3
42701;5;4
42702;5;4
42703;5;4
42704;5;4
42705;5;1
42706;5;4
42707;5;4
42708;5;3
42709;5;3
42710;5;3
42711;5;1
42712;5;3
42713;5;3
42714;5;3
42715;5;3
42716;5;4
42717;5;1
42718;5;3
42719;5;4
42720;5;1
42721;5;3
42722;5;3
42723;5;4
42724;5;1
42725;5;3
42726;5;4
42727;5;3
42728;5;3
42729;5;3
42730;5;1
42731;5;4
42732;5;3
42733;5;3
42734;5;1
42735;5;3
42736;5;3
42737;5;3
42738;5;4
42739;5;4
42740;5;1
42741;5;3
42742;5;1
42743;5;4
42744;5;1
42745;5;4
42746;5;1
42747;5;1
42748;5;1
42749;5;3
42750;5;4
42751;5;1
42752;5;4
42753;5;1
42754;5;3
42755;5;4
42756;5;4
42757;5;4
42758;5;4
42759;5;3
42760;5;1
42761;5;4
42762;5;3
42763;5;1
42764;5;3
42765;5;2
42766;5;2
42767;5;1
42768;5;3
42769;5;4
42770;5;1
42771;5;3
42772;5;4
42773;5;1
42774;5;2
42775;5;3
42776;5;2
42777;5;1
42778;5;3
42779;5;1
42780;5;3
42781;5;3
42782;5;3
42783;5;4
42784;5;3
42785;5;3
42786;5;3
42787;5;3
42788;5;4
42789;5;3
42790;5;3
42791;5;4
42792;5;4
42793;5;1
42794;5;3
42795;5;4
42796;5;4
42797;5;3
42798;5;3
42799;5;1
42800;5;4
42801;5;4
42802;5;4
42803;5;3
42804;5;3
42805;5;1
42806;5;3
42807;5;3
42808;5;1
42809;5;1
42810;5;4
42811;5;1
42812;5;3
42813;5;4
42814;5;4
42815;5;3
42816;5;1
42817;5;3
42818;5;4
42819;5;4
42820;5;3
42821;5;4
42822;5;1
42823;5;3
42824;5;4
42825;5;3
42826;5;1
42827;5;3
42828;5;3
42829;5;3
42830;5;4
42831;5;3
42832;5;1
42833;5;3
42834;5;1
42835;5;4
42836;5;4
42837;5;3
42838;5;3
42839;5;1
42840;5;4
42841;5;1
42842;5;4
42843;5;3
42844;5;3
42845;5;3
42846;5;4
42847;5;4
42848;5;3
42849;5;3
42850;5;1
42851;5;1
42852;5;3
42853;5;3
42854;5;1
42855;5;4
42856;5;3
42857;5;3
42858;5;4
42859;5;4
42860;5;3
42861;5;3
42862;5;4
42863;5;1
42864;5;4
42865;5;4
42866;5;4
42867;5;4
42868;5;4
42869;5;1
42870;5;4
42871;5;4
42872;5;4
42873;5;3
42874;5;1
42875;5;4
42876;5;4
42877;5;4
42878;5;3
42879;5;4
42880;5;4
42881;5;1
42882;5;1
42883;5;1
42884;5;3
42885;5;3
42886;5;4
42887;5;3
42888;5;3
42889;5;4
42890;5;1
42891;5;3
42892;5;1
42893;5;4
42894;5;3
42895;5;3
42896;5;3
42897;5;1
42898;5;3
42899;5;4
42900;5;3
42901;5;4
42902;5;3
42903;5;4
42904;5;1
42905;5;1
42906;5;1
42907;5;2
42908;5;3
42909;5;3
42910;5;1
42911;5;4
42912;5;2
42913;5;1
42914;5;1
42915;5;3
42916;5;4
42917;5;1
42918;5;3
42919;5;3
42920;5;4
42921;5;3
42922;5;4
42923;5;1
42924;5;1
42925;5;1
42926;5;4
42927;5;3
42928;5;3
42929;5;4
42930;5;3
42931;5;3
42932;5;1
42933;5;1
42934;5;3
42935;5;1
42936;5;4
42937;5;3
42938;5;4
42939;5;4
42940;5;3
42941;5;4
42942;5;1
42943;5;4
42944;5;3
42945;5;4
42946;5;2
42947;5;4
42948;5;1
42949;5;1
42950;5;4
42951;5;3
42952;5;4
42953;5;1
42954;5;1
42955;5;4
42956;5;3
42957;5;3
42958;5;4
42959;5;3
42960;5;3
42961;5;4
42962;5;1
42963;5;3
42964;5;1
42965;5;4
42966;5;4
42967;5;1
42968;5;4
42969;5;4
42970;5;3
42971;5;1
42972;5;3
42973;5;4
42974;5;1
42975;5;4
42976;5;1
42977;5;1
42978;5;4
42979;5;1
42980;5;3
42981;5;4
42982;5;1
42983;5;1
42984;5;1
42985;5;4
42986;5;3
42987;5;4
42988;5;3
42989;5;3
42990;5;3
42991;5;1
42992;5;1
42993;5;3
42994;5;4
42995;5;4
42996;5;3
42997;5;3
42998;5;4
42999;5;1
43000;5;1
43001;5;3
43002;5;1
43003;5;4
43004;5;3
43005;5;3
43006;5;3
43007;5;3
43008;5;4
43009;5;2
43010;5;3
43011;5;3
43012;5;4
43013;5;3
43014;5;3
43015;5;4
43016;5;1
43017;5;1
43018;5;1
43019;5;3
43020;5;1
43021;5;3
43022;5;3
43023;5;1
43024;5;3
43025;5;4
43026;5;3
43027;5;3
43028;5;1
43029;5;4
43030;5;1
43031;5;3
43032;5;3
43033;5;1
43034;5;1
43035;5;4
43036;5;1
43037;5;1
43038;5;1
43039;5;1
43040;5;1
43041;5;1
43042;5;4
43043;5;1
43044;5;1
43045;5;3
43046;5;4
43047;5;3
43048;5;4
43049;5;3
43050;5;1
43051;5;1
43052;5;4
43053;5;4
43054;5;3
43055;5;1
43056;5;1
43057;5;1
43058;5;3
43059;5;2
43060;5;4
43061;5;1
43062;5;1
43063;5;3
43064;5;4
43065;5;4
43066;5;4
43067;5;4
43068;5;3
43069;5;4
43070;5;1
43071;5;1
43072;5;4
43073;5;3
43074;5;3
43075;5;3
43076;5;4
43077;5;1
43078;5;1
43079;5;3
43080;5;1
43081;5;1
43082;5;1
43083;5;4
43084;5;4
43085;5;1
43086;5;3
43087;5;3
43088;5;3
43089;5;3
43090;5;1
43091;5;4
43092;5;1
43093;5;1
43094;5;3
43095;5;4
43096;5;3
43097;5;4
43098;5;1
43099;5;4
43100;5;1
43101;5;1
43102;5;1
43103;5;3
43104;5;4
43105;5;1
43106;5;1
43107;5;3
43108;5;1
43109;5;1
43110;5;4
43111;5;1
43112;5;1
43113;5;4
43114;5;3
43115;5;1
43116;5;1
43117;5;1
43118;5;1
43119;5;4
43120;5;1
43121;5;1
43122;5;1
43123;5;1
43124;5;1
43125;5;1
43126;5;1
43127;5;1
43128;5;4
43129;5;3
43130;5;1
43131;5;4
43132;5;4
43133;5;1
43134;5;4
43135;5;1
43136;5;4
43137;5;1
43138;5;1
43139;5;3
43140;5;4
43141;5;1
43142;5;1
43143;5;1
43144;5;3
43145;5;1
43146;5;1
43147;5;1
43148;5;1
43149;5;4
43150;5;4
43151;5;4
43152;5;3
43153;5;4
43154;5;4
43155;5;1
43156;5;1
43157;5;4
43158;5;1
43159;5;1
43160;5;1
43161;5;3
43162;5;4
43163;5;4
43164;5;1
43165;5;4
43166;5;1
43167;5;4
43168;5;1
43169;5;4
43170;5;4
43171;5;4
43172;5;4
43173;5;3
43174;5;1
43175;5;4
43176;5;4
43177;5;3
43178;5;4
43179;5;4
43180;5;1
43181;5;4
43182;5;3
43183;5;3
43184;5;4
43185;5;3
43186;5;1
43187;5;1
43188;5;4
43189;5;3
43190;5;3
43191;5;4
43192;5;1
43193;5;4
43194;5;1
43195;5;3
43196;5;3
43197;5;3
43198;5;4
43199;5;4
43200;5;1
43201;5;1
43202;5;4
43203;5;4
43204;5;3
43205;5;2
43206;5;3
43207;5;1
43208;5;1
43209;5;1
43210;5;3
43211;5;1
43212;5;1
43213;5;1
43214;5;3
43215;5;3
43216;5;1
43217;5;1
43218;5;1
43219;5;3
43220;5;3
43221;5;4
43222;5;3
43223;5;4
43224;5;1
43225;5;4
43226;5;4
43227;5;3
43228;5;4
43229;5;1
43230;5;1
43231;5;3
43232;5;1
43233;5;4
43234;5;1
43235;5;1
43236;5;3
43237;5;3
43238;5;4
43239;5;1
43240;5;4
43241;5;3
43242;5;1
43243;5;2
43244;5;2
43245;5;3
43246;5;3
43247;5;1
43248;5;3
43249;5;3
43250;5;1
43251;5;3
43252;5;4
43253;5;3
43254;5;4
43255;5;4
43256;5;3
43257;5;3
43258;5;3
43259;5;3
43260;5;3
43261;5;3
43262;5;4
43263;5;4
43264;5;3
43265;5;3
43266;5;4
43267;5;3
43268;5;4
43269;5;4
43270;5;4
43271;5;4
43272;5;3
43273;5;4
43274;5;3
43275;5;1
43276;5;1
43277;5;4
43278;5;1
43279;5;3
43280;5;4
43281;5;2
43282;5;4
43283;5;1
43284;5;1
43285;5;4
43286;5;4
43287;5;4
43288;5;1
43289;5;1
43290;5;1
43291;5;4
43292;5;4
43293;5;4
43294;5;4
43295;5;4
43296;5;4
43297;5;4
43298;5;4
43299;5;1
43300;5;4
43301;5;4
43302;5;1
43303;5;3
43304;5;4
43305;5;3
43306;5;4
43307;5;2
43308;5;1
43309;5;1
43310;5;1
43311;5;1
43312;5;1
43313;5;3
43314;5;3
43315;5;3
43316;5;3
43317;5;3
43318;5;3
43319;5;3
43320;5;3
43321;5;1
43322;5;3
43323;5;4
43324;5;3
43325;5;3
43326;5;4
43327;5;1
43328;5;1
43329;5;3
43330;5;4
43331;5;1
43332;5;3
43333;5;3
43334;5;3
43335;5;3
43336;5;4
43337;5;4
43338;5;1
43339;5;3
43340;5;1
43341;5;3
43342;5;2
43343;5;4
43344;5;1
43345;5;3
43346;5;4
43347;5;3
43348;5;4
43349;5;3
43350;5;1
43351;5;4
43352;5;3
43353;5;4
43354;5;4
43355;5;4
43356;5;3
43357;5;4
43358;5;4
43359;5;4
43360;5;3
43361;5;1
43362;5;1
43363;5;1
43364;5;4
43365;5;1
43366;5;3
43367;5;4
43368;5;3
43369;5;1
43370;5;3
43371;5;4
43372;5;1
43373;5;4
43374;5;4
43375;5;4
43376;5;3
43377;5;4
43378;5;1
43379;5;3
43380;5;4
43381;5;4
43382;5;1
43383;5;4
43384;5;4
43385;5;1
43386;5;4
43387;5;3
43388;5;3
43389;5;1
43390;5;1
43391;5;3
43392;5;1
43393;5;4
43394;5;1
43395;5;3
43396;5;1
43397;5;3
43398;5;1
43399;5;1
43400;5;1
43401;5;4
43402;5;1
43403;5;3
43404;5;4
43405;5;3
43406;5;4
43407;5;3
43408;5;4
43409;5;4
43410;5;4
43411;5;4
43412;5;4
43413;5;3
43414;5;4
43415;5;4
43416;5;3
43417;5;3
43418;5;3
43419;5;1
43420;5;3
43421;5;4
43422;5;1
43423;5;3
43424;5;4
43425;5;4
43426;5;4
43427;5;4
43428;5;3
43429;5;1
43430;5;3
43431;5;1
43432;5;4
43433;5;2
43434;5;4
43435;5;3
43436;5;3
43437;5;4
43438;5;4
43439;5;4
43440;5;3
43441;5;4
43442;5;4
43443;5;1
43444;5;1
43445;5;1
43446;5;4
43447;5;4
43448;5;4
43449;5;3
43450;5;4
43451;5;1
43452;5;1
43453;5;2
43454;5;3
43455;5;1
43456;5;4
43457;5;1
43458;5;3
43459;5;3
43460;5;1
43461;5;4
43462;5;1
43463;5;3
43464;5;1
43465;5;3
43466;5;1
43467;5;4
43468;5;4
43469;5;1
43470;5;1
43471;5;4
43472;5;1
43473;5;1
43474;5;4
43475;5;1
43476;5;4
43477;5;3
43478;5;1
43479;5;3
43480;5;3
43481;5;3
43482;5;1
43483;5;1
43484;5;3
43485;5;3
43486;5;3
43487;5;4
43488;5;1
43489;5;1
43490;5;3
43491;5;4
43492;5;1
43493;5;1
43494;5;1
43495;5;1
43496;5;3
43497;5;4
43498;5;4
43499;5;1
43500;5;3
43501;5;1
43502;5;4
43503;5;3
43504;5;3
43505;5;1
43506;5;3
43507;5;4
43508;5;3
43509;5;4
43510;5;4
43511;5;1
43512;5;3
43513;5;4
43514;5;4
43515;5;4
43516;5;4
43517;5;4
43518;5;4
43519;5;3
43520;5;4
43521;5;1
43522;5;3
43523;5;1
43524;5;3
43525;5;4
43526;5;3
43527;5;4
43528;5;3
43529;5;1
43530;5;4
43531;5;3
43532;5;4
43533;5;4
43534;5;3
43535;5;3
43536;5;3
43537;5;3
43538;5;3
43539;5;3
43540;5;4
43541;5;4
43542;5;4
43543;5;2
43544;5;1
43545;5;1
43546;5;2
43547;5;1
43548;5;4
43549;5;4
43550;5;1
43551;5;3
43552;5;3
43553;5;4
43554;5;4
43555;5;1
43556;5;1
43557;5;1
43558;5;1
43559;5;1
43560;5;4
43561;5;1
43562;5;3
43563;5;1
43564;5;3
43565;5;3
43566;5;4
43567;5;1
43568;5;1
43569;5;1
43570;5;1
43571;5;1
43572;5;3
43573;5;4
43574;5;3
43575;5;4
43576;5;4
43577;5;4
43578;5;4
43579;5;1
43580;5;4
43581;5;1
43582;5;4
43583;5;4
43584;5;3
43585;5;1
43586;5;3
43587;5;1
43588;5;1
43589;5;3
43590;5;4
43591;5;4
43592;5;3
43593;5;3
43594;5;1
43595;5;1
43596;5;1
43597;5;4
43598;5;2
43599;5;3
43600;5;1
43601;5;4
43602;5;1
43603;5;3
43604;5;3
43605;5;4
43606;5;3
43607;5;3
43608;5;1
43609;5;1
43610;5;3
43611;5;1
43612;5;1
43613;5;4
43614;5;4
43615;5;2
43616;5;2
43617;5;4
43618;5;3
43619;5;1
43620;5;1
43621;5;3
43622;5;1
43623;5;3
43624;5;4
43625;5;4
43626;5;1
43627;5;4
43628;5;1
43629;5;3
43630;5;3
43631;5;3
43632;5;3
43633;5;3
43634;5;3
43635;5;2
43636;5;3
43637;5;3
43638;5;4
43639;5;3
43640;5;3
43641;5;1
43642;5;1
43643;5;3
43644;5;3
43645;5;1
43646;5;4
43647;5;1
43648;5;3
43649;5;1
43650;5;4
43651;5;1
43652;5;3
43653;5;1
43654;5;4
43655;5;3
43656;5;3
43657;5;1
43658;5;1
43659;5;1
43660;5;3
43661;5;4
43662;5;4
43663;5;4
43664;5;4
43665;5;3
43666;5;3
43667;5;1
43668;5;4
43669;5;4
43670;5;4
43671;5;3
43672;5;4
43673;5;2
43674;5;3
43675;5;4
43676;5;4
43677;5;1
43678;5;4
43679;5;4
43680;5;1
43681;5;3
43682;5;4
43683;5;1
43684;5;3
43685;5;3
43686;5;3
43687;5;3
43688;5;1
43689;5;4
43690;5;1
43691;5;3
43692;5;4
43693;5;3
43694;5;3
43695;5;1
43696;5;1
43697;5;4
43698;5;4
43699;5;3
43700;5;3
43701;5;1
43702;5;3
43703;5;4
43704;5;4
43705;5;3
43706;5;1
43707;5;4
43708;5;3
43709;5;3
43710;5;3
43711;5;3
43712;5;4
43713;5;4
43714;5;3
43715;5;4
43716;5;3
43717;5;3
43718;5;4
43719;5;4
43720;5;4
43721;5;4
43722;5;3
43723;5;3
43724;5;4
43725;5;4
43726;5;4
43727;5;3
43728;5;3
43729;5;1
43730;5;1
43731;5;3
43732;5;4
43733;5;1
43734;5;3
43735;5;3
43736;5;3
43737;5;1
43738;5;1
43739;5;3
43740;5;4
43741;5;1
43742;5;1
43743;5;3
43744;5;4
43745;5;4
43746;5;3
43747;5;4
43748;5;4
43749;5;4
43750;5;4
43751;5;4
43752;5;4
43753;5;3
43754;5;3
43755;5;2
43756;5;3
43757;5;4
43758;5;4
43759;5;3
43760;5;4
43761;5;3
43762;5;4
43763;5;4
43764;5;2
43765;5;4
43766;5;1
43767;5;2
43768;5;3
43769;5;4
43770;5;3
43771;5;1
43772;5;4
43773;5;3
43774;5;3
43775;5;1
43776;5;4
43777;5;1
43778;5;1
43779;5;1
43780;5;4
43781;5;3
43782;5;3
43783;5;3
43784;5;3
43785;5;3
43786;5;3
43787;5;1
43788;5;3
43789;5;1
43790;5;4
43791;5;4
43792;5;3
43793;5;1
43794;5;3
43795;5;3
43796;5;1
43797;5;1
43798;5;4
43799;5;4
43800;5;4
43801;5;3
43802;5;3
43803;5;1
43804;5;3
43805;5;1
43806;5;3
43807;5;1
43808;5;3
43809;5;3
43810;5;3
43811;5;3
43812;5;4
43813;5;4
43814;5;3
43815;5;3
43816;5;3
43817;5;3
43818;5;4
43819;5;3
43820;5;1
43821;5;1
43822;5;1
43823;5;4
43824;5;1
43825;5;3
43826;5;1
43827;5;3
43828;5;1
43829;5;1
43830;5;3
43831;5;1
43832;5;3
43833;5;1
43834;5;3
43835;5;3
43836;5;1
43837;5;1
43838;5;3
43839;5;1
43840;5;2
43841;5;1
43842;5;1
43843;5;1
43844;5;1
43845;5;3
43846;5;4
43847;5;4
43848;5;4
43849;5;4
43850;5;3
43851;5;3
43852;5;3
43853;5;4
43854;5;1
43855;5;3
43856;5;1
43857;5;2
43858;5;3
43859;5;4
43860;5;1
43861;5;4
43862;5;4
43863;5;1
43864;5;1
43865;5;1
43866;5;4
43867;5;1
43868;5;1
43869;5;1
43870;5;1
43871;5;3
43872;5;1
43873;5;3
43874;5;4
43875;5;4
43876;5;4
43877;5;3
43878;5;4
43879;5;4
43880;5;1
43881;5;1
43882;5;4
43883;5;1
43884;5;1
43885;5;2
43886;5;3
43887;5;1
43888;5;1
43889;5;1
43890;5;4
43891;5;4
43892;5;4
43893;5;4
43894;5;3
43895;5;1
43896;5;3
43897;5;1
43898;5;3
43899;5;1
43900;5;4
43901;5;4
43902;5;4
43903;5;1
43904;5;3
43905;5;4
43906;5;4
43907;5;1
43908;5;4
43909;5;4
43910;5;2
43911;5;1
43912;5;3
43913;5;4
43914;5;3
43915;5;1
43916;5;3
43917;5;3
43918;5;1
43919;5;4
43920;5;4
43921;5;1
43922;5;3
43923;5;3
43924;5;3
43925;5;1
43926;5;4
43927;5;3
43928;5;3
43929;5;4
43930;5;1
43931;5;1
43932;5;4
43933;5;4
43934;5;3
43935;5;3
43936;5;1
43937;5;1
43938;5;3
43939;5;4
43940;5;3
43941;5;1
43942;5;4
43943;5;4
43944;5;4
43945;5;4
43946;5;4
43947;5;3
43948;5;3
43949;5;3
43950;5;1
43951;5;3
43952;5;3
43953;5;1
43954;5;4
43955;5;1
43956;5;4
43957;5;4
43958;5;1
43959;5;4
43960;5;3
43961;5;4
43962;5;4
43963;5;3
43964;5;3
43965;5;4
43966;5;3
43967;5;4
43968;5;1
43969;5;3
43970;5;4
43971;5;1
43972;5;1
43973;5;3
43974;5;1
43975;5;1
43976;5;3
43977;5;4
43978;5;3
43979;5;3
43980;5;1
43981;5;1
43982;5;1
43983;5;1
43984;5;1
43985;5;1
43986;5;4
43987;5;3
43988;5;3
43989;5;3
43990;5;1
43991;5;4
43992;5;1
43993;5;4
43994;5;1
43995;5;1
43996;5;3
43997;5;1
43998;5;3
43999;5;3
44000;5;4
44001;5;3
44002;5;3
44003;5;1
44004;5;4
44005;5;4
44006;5;1
44007;5;3
44008;5;3
44009;5;4
44010;5;4
44011;5;3
44012;5;3
44013;5;1
44014;5;4
44015;5;1
44016;5;1
44017;5;4
44018;5;1
44019;5;1
44020;5;1
44021;5;1
44022;5;1
44023;5;3
44024;5;1
44025;5;3
44026;5;3
44027;5;1
44028;5;3
44029;5;1
44030;5;1
44031;5;3
44032;5;1
44033;5;3
44034;5;4
44035;5;4
44036;5;4
44037;5;1
44038;5;3
44039;5;4
44040;5;1
44041;5;3
44042;5;1
44043;5;4
44044;5;3
44045;5;3
44046;5;4
44047;5;4
44048;5;1
44049;5;4
44050;5;3
44051;5;3
44052;5;1
44053;5;3
44054;5;4
44055;5;4
44056;5;1
44057;5;3
44058;5;4
44059;5;4
44060;5;1
44061;5;3
44062;5;3
44063;5;4
44064;5;4
44065;5;3
44066;5;3
44067;5;3
44068;5;4
44069;5;4
44070;5;1
44071;5;3
44072;5;3
44073;5;4
44074;5;3
44075;5;1
44076;5;3
44077;5;3
44078;5;4
44079;5;4
44080;5;3
44081;5;3
44082;5;3
44083;5;1
44084;5;3
44085;5;3
44086;5;3
44087;5;3
44088;5;1
44089;5;2
44090;5;1
44091;5;1
44092;5;3
44093;5;3
44094;5;4
44095;5;4
44096;5;3
44097;5;4
44098;5;3
44099;5;1
44100;5;4
44101;5;1
44102;5;3
44103;5;4
44104;5;3
44105;5;1
44106;5;1
44107;5;3
44108;5;3
44109;5;1
44110;5;4
44111;5;4
44112;5;4
44113;5;4
44114;5;4
44115;5;1
44116;5;4
44117;5;3
44118;5;4
44119;5;3
44120;5;4
44121;5;3
44122;5;4
44123;5;1
44124;5;3
44125;5;3
44126;5;1
44127;5;1
44128;5;3
44129;5;3
44130;5;2
44131;5;1
44132;5;3
44133;5;2
44134;5;3
44135;5;3
44136;5;1
44137;5;1
44138;5;1
44139;5;1
44140;5;3
44141;5;1
44142;5;4
44143;5;2
44144;5;4
44145;5;3
44146;5;1
44147;5;4
44148;5;3
44149;5;3
44150;5;4
44151;5;1
44152;5;1
44153;5;1
44154;5;1
44155;5;4
44156;5;3
44157;5;4
44158;5;3
44159;5;1
44160;5;1
44161;5;3
44162;5;3
44163;5;3
44164;5;1
44165;5;1
44166;5;4
44167;5;4
44168;5;4
44169;5;1
44170;5;4
44171;5;4
44172;5;4
44173;5;3
44174;5;4
44175;5;3
44176;5;4
44177;5;4
44178;5;4
44179;5;3
44180;5;3
44181;5;4
44182;5;1
44183;5;1
44184;5;4
44185;5;1
44186;5;3
44187;5;4
44188;5;3
44189;5;4
44190;5;4
44191;5;1
44192;5;1
44193;5;3
44194;5;4
44195;5;4
44196;5;3
44197;5;4
44198;5;3
44199;5;3
44200;5;4
44201;5;1
44202;5;4
44203;5;1
44204;5;4
44205;5;1
44206;5;3
44207;5;1
44208;5;4
44209;5;3
44210;5;1
44211;5;1
44212;5;1
44213;5;3
44214;5;4
44215;5;1
44216;5;1
44217;5;3
44218;5;3
44219;5;3
44220;5;3
44221;5;4
44222;5;4
44223;5;4
44224;5;4
44225;5;4
44226;5;4
44227;5;4
44228;5;4
44229;5;4
44230;5;4
44231;5;1
44232;5;4
44233;5;1
44234;5;1
44235;5;3
44236;5;1
44237;5;1
44238;5;4
44239;5;1
44240;5;1
44241;5;1
44242;5;1
44243;5;1
44244;5;4
44245;5;3
44246;5;1
44247;5;3
44248;5;4
44249;5;4
44250;5;3
44251;5;3
44252;5;3
44253;5;3
44254;5;4
44255;5;3
44256;5;3
44257;5;1
44258;5;1
44259;5;3
44260;5;3
44261;5;4
44262;5;3
44263;5;1
44264;5;1
44265;5;4
44266;5;3
44267;5;4
44268;5;1
44269;5;1
44270;5;4
44271;5;3
44272;5;4
44273;5;4
44274;5;1
44275;5;4
44276;5;4
44277;5;3
44278;5;1
44279;5;1
44280;5;1
44281;5;4
44282;5;4
44283;5;4
44284;5;3
44285;5;4
44286;5;1
44287;5;3
44288;5;4
44289;5;3
44290;5;3
44291;5;3
44292;5;4
44293;5;1
44294;5;4
44295;5;1
44296;5;4
44297;5;3
44298;5;4
44299;5;1
44300;5;1
44301;5;3
44302;5;1
44303;5;4
44304;5;1
44305;5;1
44306;5;1
44307;5;4
44308;5;3
44309;5;1
44310;5;4
44311;5;3
44312;5;1
44313;5;4
44314;5;4
44315;5;2
44316;5;3
44317;5;3
44318;5;1
44319;5;4
44320;5;1
44321;5;3
44322;5;3
44323;5;3
44324;5;4
44325;5;4
44326;5;4
44327;5;3
44328;5;2
44329;5;4
44330;5;3
44331;5;3
44332;5;4
44333;5;4
44334;5;4
44335;5;1
44336;5;1
44337;5;4
44338;5;4
44339;5;2
44340;5;3
44341;5;1
44342;5;3
44343;5;3
44344;5;4
44345;5;3
44346;5;4
44347;5;1
44348;5;4
44349;5;4
44350;5;4
44351;5;4
44352;5;1
44353;5;3
44354;5;1
44355;5;1
44356;5;1
44357;5;4
44358;5;1
44359;5;1
44360;5;4
44361;5;1
44362;5;3
44363;5;1
44364;5;3
44365;5;4
44366;5;4
44367;5;3
44368;5;4
44369;5;3
44370;5;4
44371;5;4
44372;5;4
44373;5;3
44374;5;3
44375;5;3
44376;5;4
44377;5;4
44378;5;3
44379;5;3
44380;5;4
44381;5;3
44382;5;4
44383;5;4
44384;5;1
44385;5;3
44386;5;4
44387;5;4
44388;5;3
44389;5;4
44390;5;3
44391;5;4
44392;5;4
44393;5;2
44394;5;1
44395;5;1
44396;5;3
44397;5;1
44398;5;3
44399;5;1
44400;5;1
44401;5;3
44402;5;4
44403;5;1
44404;5;3
44405;5;4
44406;5;3
44407;5;3
44408;5;1
44409;5;1
44410;5;3
44411;5;4
44412;5;4
44413;5;4
44414;5;1
44415;5;3
44416;5;3
44417;5;1
44418;5;3
44419;5;3
44420;5;3
44421;5;3
44422;5;3
44423;5;3
44424;5;4
44425;5;2
44426;5;1
44427;5;4
44428;5;4
44429;5;1
44430;5;4
44431;5;4
44432;5;1
44433;5;3
44434;5;1
44435;5;3
44436;5;3
44437;5;4
44438;5;4
44439;5;1
44440;5;4
44441;5;1
44442;5;1
44443;5;4
44444;5;4
44445;5;4
44446;5;1
44447;5;3
44448;5;4
44449;5;3
44450;5;3
44451;5;3
44452;5;3
44453;5;1
44454;5;4
44455;5;3
44456;5;1
44457;5;4
44458;5;1
44459;5;3
44460;5;4
44461;5;4
44462;5;4
44463;5;3
44464;5;1
44465;5;4
44466;5;4
44467;5;1
44468;5;3
44469;5;4
44470;5;3
44471;5;3
44472;5;3
44473;5;4
44474;5;4
44475;5;3
44476;5;3
44477;5;4
44478;5;3
44479;5;3
44480;5;3
44481;5;1
44482;5;3
44483;5;4
44484;5;3
44485;5;1
44486;5;4
44487;5;3
44488;5;3
44489;5;1
44490;5;4
44491;5;4
44492;5;3
44493;5;1
44494;5;3
44495;5;3
44496;5;3
44497;5;3
44498;5;3
44499;5;3
44500;5;4
44501;5;1
44502;5;4
44503;5;1
44504;5;4
44505;5;2
44506;5;3
44507;5;3
44508;5;4
44509;5;1
44510;5;3
44511;5;2
44512;5;1
44513;5;4
44514;5;4
44515;5;1
44516;5;3
44517;5;1
44518;5;4
44519;5;4
44520;5;3
44521;5;3
44522;5;3
44523;5;3
44524;5;3
44525;5;1
44526;5;1
44527;5;3
44528;5;3
44529;5;1
44530;5;3
44531;5;3
44532;5;1
44533;5;4
44534;5;3
44535;5;3
44536;5;3
44537;5;4
44538;5;3
44539;5;3
44540;5;4
44541;5;3
44542;5;3
44543;5;1
44544;5;4
44545;5;4
44546;5;4
44547;5;4
44548;5;1
44549;5;3
44550;5;1
44551;5;4
44552;5;1
44553;5;3
44554;5;4
44555;5;4
44556;5;4
44557;5;3
44558;5;3
44559;5;1
44560;5;3
44561;5;4
44562;5;3
44563;5;3
44564;5;3
44565;5;3
44566;5;3
44567;5;3
44568;5;3
44569;5;3
44570;5;3
44571;5;3
44572;5;4
44573;5;3
44574;5;3
44575;5;3
44576;5;3
44577;5;3
44578;5;3
44579;5;4
44580;5;3
44581;5;3
44582;5;3
44583;5;4
44584;5;1
44585;5;3
44586;5;3
44587;5;1
44588;5;1
44589;5;1
44590;5;4
44591;5;3
44592;5;3
44593;5;4
44594;5;1
44595;5;3
44596;5;3
44597;5;4
44598;5;4
44599;5;4
44600;5;1
44601;5;4
44602;5;4
44603;5;4
44604;5;4
44605;5;4
44606;5;3
44607;5;4
44608;5;4
44609;5;1
44610;5;3
44611;5;4
44612;5;4
44613;5;4
44614;5;3
44615;5;1
44616;5;4
44617;5;1
44618;5;4
44619;5;4
44620;5;3
44621;5;3
44622;5;4
44623;5;3
44624;5;4
44625;5;1
44626;5;4
44627;5;3
44628;5;4
44629;5;3
44630;5;4
44631;5;3
44632;5;1
44633;5;1
44634;5;3
44635;5;2
44636;5;4
44637;5;1
44638;5;4
44639;5;4
44640;5;3
44641;5;4
44642;5;4
44643;5;3
44644;5;1
44645;5;3
44646;5;3
44647;5;1
44648;5;3
44649;5;4
44650;5;4
44651;5;1
44652;5;4
44653;5;4
44654;5;1
44655;5;1
44656;5;1
44657;5;1
44658;5;3
44659;5;4
44660;5;4
44661;5;3
44662;5;3
44663;5;1
44664;5;3
44665;5;4
44666;5;3
44667;5;4
44668;5;1
44669;5;1
44670;5;4
44671;5;1
44672;5;3
44673;5;3
44674;5;3
44675;5;3
44676;5;3
44677;5;1
44678;5;4
44679;5;3
44680;5;3
44681;5;3
44682;5;3
44683;5;3
44684;5;2
44685;5;4
44686;5;4
44687;5;4
44688;5;3
44689;5;3
44690;5;1
44691;5;3
44692;5;4
44693;5;4
44694;5;3
44695;5;3
44696;5;3
44697;5;3
44698;5;4
44699;5;3
44700;5;4
44701;5;3
44702;5;1
44703;5;4
44704;5;1
44705;5;1
44706;5;1
44707;5;1
44708;5;1
44709;5;3
44710;5;3
44711;5;4
44712;5;3
44713;5;4
44714;5;3
44715;5;3
44716;5;3
44717;5;4
44718;5;3
44719;5;1
44720;5;1
44721;5;4
44722;5;1
44723;5;3
44724;5;1
44725;5;4
44726;5;3
44727;5;3
44728;5;4
44729;5;4
44730;5;4
44731;5;3
44732;5;3
44733;5;4
44734;5;3
44735;5;3
44736;5;4
44737;5;1
44738;5;4
44739;5;3
44740;5;3
44741;5;3
44742;5;4
44743;5;3
44744;5;1
44745;5;3
44746;5;4
44747;5;4
44748;5;1
44749;5;3
44750;5;1
44751;5;3
44752;5;1
44753;5;4
44754;5;3
44755;5;1
44756;5;1
44757;5;3
44758;5;1
44759;5;1
44760;5;3
44761;5;3
44762;5;4
44763;5;1
44764;5;3
44765;5;1
44766;5;4
44767;5;3
44768;5;1
44769;5;3
44770;5;3
44771;5;1
44772;5;4
44773;5;3
44774;5;3
44775;5;3
44776;5;4
44777;5;3
44778;5;1
44779;5;1
44780;5;1
44781;5;3
44782;5;3
44783;5;1
44784;5;4
44785;5;3
44786;5;1
44787;5;1
44788;5;1
44789;5;4
44790;5;1
44791;5;3
44792;5;1
44793;5;1
44794;5;1
44795;5;2
44796;5;4
44797;5;3
44798;5;4
44799;5;1
44800;5;1
44801;5;1
44802;5;1
44803;5;1
44804;5;3
44805;5;3
44806;5;4
44807;5;3
44808;5;1
44809;5;1
44810;5;3
44811;5;1
44812;5;1
44813;5;3
44814;5;4
44815;5;3
44816;5;1
44817;5;1
44818;5;3
44819;5;4
44820;5;3
44821;5;3
44822;5;1
44823;5;4
44824;5;1
44825;5;1
44826;5;1
44827;5;3
44828;5;3
44829;5;2
44830;5;1
44831;5;1
44832;5;1
44833;5;1
44834;5;1
44835;5;1
44836;5;1
44837;5;3
44838;5;1
44839;5;1
44840;5;1
44841;5;4
44842;5;1
44843;5;3
44844;5;4
44845;5;1
44846;5;4
44847;5;1
44848;5;4
44849;5;1
44850;5;1
44851;5;3
44852;5;1
44853;5;1
44854;5;3
44855;5;4
44856;5;1
44857;5;1
44858;5;1
44859;5;1
44860;5;1
44861;5;4
44862;5;1
44863;5;1
44864;5;4
44865;5;1
44866;5;1
44867;5;1
44868;5;1
44869;5;3
44870;5;1
44871;5;4
44872;5;1
44873;5;1
44874;5;1
44875;5;3
44876;5;3
44877;5;4
44878;5;3
44879;5;1
44880;5;4
44881;5;4
44882;5;1
44883;5;1
44884;5;4
44885;5;4
44886;5;3
44887;5;3
44888;5;4
44889;5;2
44890;5;1
44891;5;1
44892;5;3
44893;5;2
44894;5;4
44895;5;3
44896;5;1
44897;5;1
44898;5;4
44899;5;1
44900;5;1
44901;5;3
44902;5;1
44903;5;3
44904;5;1
44905;5;1
44906;5;1
44907;5;3
44908;5;4
44909;5;1
44910;5;1
44911;5;3
44912;5;1
44913;5;1
44914;5;3
44915;5;4
44916;5;2
44917;5;3
44918;5;3
44919;5;3
44920;5;1
44921;5;3
44922;5;3
44923;5;3
44924;5;4
44925;5;1
44926;5;4
44927;5;1
44928;5;4
44929;5;3
44930;5;1
44931;5;1
44932;5;1
44933;5;1
44934;5;4
44935;5;3
44936;5;4
44937;5;3
44938;5;4
44939;5;3
44940;5;3
44941;5;1
44942;5;2
44943;5;3
44944;5;1
44945;5;3
44946;5;3
44947;5;3
44948;5;1
44949;5;3
44950;5;4
44951;5;3
44952;5;1
44953;5;3
44954;5;1
44955;5;4
44956;5;3
44957;5;4
44958;5;3
44959;5;3
44960;5;1
44961;5;1
44962;5;3
44963;5;1
44964;5;4
44965;5;1
44966;5;4
44967;5;3
44968;5;1
44969;5;1
44970;5;1
44971;5;4
44972;5;1
44973;5;1
44974;5;1
44975;5;1
44976;5;1
44977;5;1
44978;5;4
44979;5;4
44980;5;1
44981;5;4
44982;5;4
44983;5;1
44984;5;3
44985;5;1
44986;5;4
44987;5;4
44988;5;3
44989;5;3
44990;5;4
44991;5;1
44992;5;4
44993;5;3
44994;5;1
44995;5;1
44996;5;4
44997;5;1
44998;5;1
44999;5;4
45000;5;3
45001;5;4
45002;5;3
45003;5;1
45004;5;4
45005;5;1
45006;5;1
45007;5;1
45008;5;3
45009;5;3
45010;5;3
45011;5;3
45012;5;4
45013;5;3
45014;5;3
45015;5;3
45016;5;1
45017;5;3
45018;5;4
45019;5;1
45020;5;3
45021;5;3
45022;5;3
45023;5;1
45024;5;3
45025;5;4
45026;5;3
45027;5;3
45028;5;3
45029;5;3
45030;5;3
45031;5;1
45032;5;3
45033;5;1
45034;5;3
45035;5;1
45036;5;1
45037;5;4
45038;5;3
45039;5;3
45040;5;3
45041;5;1
45042;5;3
45043;5;3
45044;5;1
45045;5;4
45046;5;1
45047;5;1
45048;5;4
45049;5;3
45050;5;3
45051;5;3
45052;5;3
45053;5;1
45054;5;1
45055;5;3
45056;5;3
45057;5;2
45058;5;1
45059;5;4
45060;5;4
45061;5;3
45062;5;3
45063;5;3
45064;5;3
45065;5;1
45066;5;3
45067;5;3
45068;5;3
45069;5;1
45070;5;1
45071;5;4
45072;5;1
45073;5;3
45074;5;3
45075;5;1
45076;5;4
45077;5;4
45078;5;3
45079;5;3
45080;5;4
45081;5;3
45082;5;3
45083;5;4
45084;5;1
45085;5;1
45086;5;1
45087;5;3
45088;5;4
45089;5;4
45090;5;1
45091;5;1
45092;5;2
45093;5;4
45094;5;1
45095;5;4
45096;5;3
45097;5;4
45098;5;4
45099;5;1
45100;5;1
45101;5;4
45102;5;3
45103;5;4
45104;5;4
45105;5;3
45106;5;1
45107;5;1
45108;5;4
45109;5;4
45110;5;3
45111;5;4
45112;5;4
45113;5;2
45114;5;3
45115;5;4
45116;5;4
45117;5;4
45118;5;1
45119;5;4
45120;5;1
45121;5;4
45122;5;3
45123;5;1
45124;5;1
45125;5;1
45126;5;3
45127;5;3
45128;5;3
45129;5;4
45130;5;4
45131;5;3
45132;5;3
45133;5;4
45134;5;3
45135;5;4
45136;5;4
45137;5;1
45138;5;1
45139;5;4
45140;5;1
45141;5;4
45142;5;4
45143;5;3
45144;5;1
45145;5;3
45146;5;1
45147;5;4
45148;5;1
45149;5;4
45150;5;4
45151;5;3
45152;5;1
45153;5;4
45154;5;3
45155;5;4
45156;5;4
45157;5;4
45158;5;4
45159;5;3
45160;5;3
45161;5;1
45162;5;4
45163;5;4
45164;5;1
45165;5;1
45166;5;1
45167;5;4
45168;5;1
45169;5;3
45170;5;1
45171;5;4
45172;5;3
45173;5;4
45174;5;4
45175;5;3
45176;5;1
45177;5;4
45178;5;4
45179;5;3
45180;5;3
45181;5;1
45182;5;1
45183;5;4
45184;5;3
45185;5;1
45186;5;3
45187;5;3
45188;5;1
45189;5;1
45190;5;3
45191;5;3
45192;5;3
45193;5;1
45194;5;3
45195;5;4
45196;5;3
45197;5;3
45198;5;3
45199;5;4
45200;5;3
45201;5;3
45202;5;4
45203;5;2
45204;5;4
45205;5;3
45206;5;1
45207;5;3
45208;5;4
45209;5;1
45210;5;3
45211;5;3
45212;5;1
45213;5;4
45214;5;3
45215;5;4
45216;5;1
45217;5;3
45218;5;1
45219;5;1
45220;5;4
45221;5;1
45222;5;1
45223;5;4
45224;5;1
45225;5;3
45226;5;3
45227;5;3
45228;5;4
45229;5;4
45230;5;1
45231;5;1
45232;5;4
45233;5;3
45234;5;3
45235;5;4
45236;5;4
45237;5;1
45238;5;1
45239;5;1
45240;5;4
45241;5;4
45242;5;4
45243;5;4
45244;5;1
45245;5;3
45246;5;3
45247;5;3
45248;5;3
45249;5;4
45250;5;3
45251;5;4
45252;5;1
45253;5;3
45254;5;4
45255;5;4
45256;5;2
45257;5;1
45258;5;3
45259;5;3
45260;5;4
45261;5;1
45262;5;1
45263;5;1
45264;5;3
45265;5;4
45266;5;4
45267;5;3
45268;5;2
45269;5;4
45270;5;3
45271;5;4
45272;5;4
45273;5;3
45274;5;4
45275;5;1
45276;5;3
45277;5;4
45278;5;1
45279;5;3
45280;5;3
45281;5;1
45282;5;1
45283;5;3
45284;5;3
45285;5;1
45286;5;4
45287;5;3
45288;5;4
45289;5;1
45290;5;1
45291;5;4
45292;5;3
45293;5;3
45294;5;1
45295;5;2
45296;5;4
45297;5;4
45298;5;2
45299;5;1
45300;5;4
45301;5;3
45302;5;3
45303;5;4
45304;5;1
45305;5;3
45306;5;4
45307;5;1
45308;5;1
45309;5;3
45310;5;1
45311;5;1
45312;5;3
45313;5;3
45314;5;3
45315;5;4
45316;5;4
45317;5;3
45318;5;3
45319;5;4
45320;5;1
45321;5;4
45322;5;4
45323;5;4
45324;5;3
45325;5;4
45326;5;1
45327;5;1
45328;5;4
45329;5;1
45330;5;1
45331;5;1
45332;5;1
45333;5;1
45334;5;1
45335;5;4
45336;5;4
45337;5;4
45338;5;4
45339;5;4
45340;5;1
45341;5;1
45342;5;4
45343;5;1
45344;5;4
45345;5;3
45346;5;1
45347;5;3
45348;5;3
45349;5;3
45350;5;4
45351;5;3
45352;5;4
45353;5;3
45354;5;1
45355;5;4
45356;5;1
45357;5;1
45358;5;4
45359;5;1
45360;5;1
45361;5;4
45362;5;1
45363;5;4
45364;5;3
45365;5;1
45366;5;4
45367;5;4
45368;5;1
45369;5;3
45370;5;1
45371;5;4
45372;5;3
45373;5;1
45374;5;1
45375;5;4
45376;5;4
45377;5;4
45378;5;1
45379;5;4
45380;5;4
45381;5;3
45382;5;4
45383;5;3
45384;5;4
45385;5;4
45386;5;3
45387;5;4
45388;5;1
45389;5;4
45390;5;1
45391;5;1
45392;5;1
45393;5;4
45394;5;3
45395;5;4
45396;5;3
45397;5;1
45398;5;1
45399;5;4
45400;5;4
45401;5;1
45402;5;3
45403;5;4
45404;5;1
45405;5;3
45406;5;3
45407;5;4
45408;5;4
45409;5;4
45410;5;4
45411;5;3
45412;5;4
45413;5;3
45414;5;3
45415;5;1
45416;5;3
45417;5;3
45418;5;4
45419;5;4
45420;5;4
45421;5;4
45422;5;1
45423;5;4
45424;5;3
45425;5;4
45426;5;1
45427;5;4
45428;5;1
45429;5;1
45430;5;3
45431;5;1
45432;5;4
45433;5;3
45434;5;1
45435;5;1
45436;5;4
45437;5;1
45438;5;3
45439;5;2
45440;5;3
45441;5;3
45442;5;3
45443;5;3
45444;5;3
45445;5;3
45446;5;3
45447;5;3
45448;5;4
45449;5;4
45450;5;4
45451;5;3
45452;5;3
45453;5;1
45454;5;3
45455;5;3
45456;5;4
45457;5;4
45458;5;1
45459;5;1
45460;5;3
45461;5;4
45462;5;1
45463;5;1
45464;5;1
45465;5;4
45466;5;1
45467;5;4
45468;5;4
45469;5;4
45470;5;1
45471;5;4
45472;5;3
45473;5;1
45474;5;1
45475;5;3
45476;5;3
45477;5;3
45478;5;1
45479;5;3
45480;5;3
45481;5;4
45482;5;2
45483;5;1
45484;5;3
45485;5;3
45486;5;3
45487;5;3
45488;5;4
45489;5;4
45490;5;4
45491;5;1
45492;5;3
45493;5;4
45494;5;3
45495;5;4
45496;5;4
45497;5;3
45498;5;4
45499;5;3
45500;5;4
45501;5;4
45502;5;4
45503;5;1
45504;5;4
45505;5;1
45506;5;1
45507;5;1
45508;5;4
45509;5;1
45510;5;4
45511;5;3
45512;5;3
45513;5;3
45514;5;2
45515;5;4
45516;5;4
45517;5;4
45518;5;1
45519;5;3
45520;5;4
45521;5;4
45522;5;4
45523;5;4
45524;5;3
45525;5;3
45526;5;4
45527;5;3
45528;5;4
45529;5;3
45530;5;4
45531;5;4
45532;5;3
45533;5;3
45534;5;4
45535;5;3
45536;5;1
45537;5;4
45538;5;4
45539;5;3
45540;5;4
45541;5;3
45542;5;1
45543;5;3
45544;5;3
45545;5;3
45546;5;1
45547;5;4
45548;5;3
45549;5;4
45550;5;3
45551;5;4
45552;5;4
45553;5;3
45554;5;4
45555;5;3
45556;5;3
45557;5;1
45558;5;3
45559;5;1
45560;5;1
45561;5;3
45562;5;4
45563;5;3
45564;5;2
45565;5;3
45566;5;1
45567;5;1
45568;5;3
45569;5;1
45570;5;1
45571;5;1
45572;5;4
45573;5;3
45574;5;1
45575;5;1
45576;5;3
45577;5;4
45578;5;1
45579;5;1
45580;5;3
45581;5;3
45582;5;3
45583;5;3
45584;5;3
45585;5;4
45586;5;1
45587;5;3
45588;5;3
45589;5;3
45590;5;3
45591;5;1
45592;5;1
45593;5;3
45594;5;3
45595;5;3
45596;5;1
45597;5;3
45598;5;4
45599;5;3
45600;5;3
45601;5;3
45602;5;3
45603;5;4
45604;5;3
45605;5;4
45606;5;3
45607;5;4
45608;5;3
45609;5;3
45610;5;1
45611;5;1
45612;5;3
45613;5;3
45614;5;4
45615;5;3
45616;5;3
45617;5;3
45618;5;4
45619;5;1
45620;5;3
45621;5;4
45622;5;1
45623;5;2
45624;5;1
45625;5;4
45626;5;1
45627;5;4
45628;5;3
45629;5;3
45630;5;3
45631;5;3
45632;5;3
45633;5;4
45634;5;3
45635;5;4
45636;5;4
45637;5;3
45638;5;4
45639;5;3
45640;5;3
45641;5;3
45642;5;3
45643;5;3
45644;5;4
45645;5;3
45646;5;4
45647;5;3
45648;5;4
45649;5;4
45650;5;4
45651;5;3
45652;5;3
45653;5;4
45654;5;4
45655;5;3
45656;5;4
45657;5;1
45658;5;3
45659;5;4
45660;5;4
45661;5;3
45662;5;1
45663;5;1
45664;5;4
45665;5;3
45666;5;3
45667;5;3
45668;5;1
45669;5;1
45670;5;4
45671;5;3
45672;5;3
45673;5;4
45674;5;1
45675;5;4
45676;5;4
45677;5;4
45678;5;4
45679;5;4
45680;5;4
45681;5;4
45682;5;4
45683;5;1
45684;5;3
45685;5;4
45686;5;3
45687;5;3
45688;5;4
45689;5;3
45690;5;2
45691;5;1
45692;5;1
45693;5;1
45694;5;3
45695;5;4
45696;5;4
45697;5;3
45698;5;1
45699;5;3
45700;5;1
45701;5;3
45702;5;4
45703;5;1
45704;5;3
45705;5;1
45706;5;3
45707;5;1
45708;5;1
45709;5;1
45710;5;4
45711;5;1
45712;5;1
45713;5;4
45714;5;1
45715;5;1
45716;5;4
45717;5;1
45718;5;1
45719;5;3
45720;5;1
45721;5;1
45722;5;1
45723;5;3
45724;5;4
45725;5;1
45726;5;1
45727;5;3
45728;5;1
45729;5;1
45730;5;1
45731;5;4
45732;5;3
45733;5;1
45734;5;3
45735;5;4
45736;5;3
45737;5;1
45738;5;1
45739;5;4
45740;5;4
45741;5;4
45742;5;3
45743;5;1
45744;5;3
45745;5;4
45746;5;1
45747;5;1
45748;5;4
45749;5;3
45750;5;4
45751;5;4
45752;5;3
45753;5;3
45754;5;1
45755;5;1
45756;5;1
45757;5;3
45758;5;4
45759;5;1
45760;5;3
45761;5;3
45762;5;4
45763;5;1
45764;5;4
45765;5;1
45766;5;1
45767;5;3
45768;5;4
45769;5;3
45770;5;4
45771;5;3
45772;5;1
45773;5;1
45774;5;1
45775;5;1
45776;5;4
45777;5;4
45778;5;3
45779;5;2
45780;5;1
45781;5;1
45782;5;1
45783;5;4
45784;5;4
45785;5;4
45786;5;4
45787;5;4
45788;5;4
45789;5;1
45790;5;1
45791;5;3
45792;5;3
45793;5;4
45794;5;3
45795;5;3
45796;5;1
45797;5;3
45798;5;3
45799;5;1
45800;5;3
45801;5;1
45802;5;4
45803;5;3
45804;5;4
45805;5;4
45806;5;1
45807;5;3
45808;5;3
45809;5;3
45810;5;3
45811;5;3
45812;5;1
45813;5;3
45814;5;3
45815;5;4
45816;5;1
45817;5;3
45818;5;1
45819;5;4
45820;5;1
45821;5;4
45822;5;4
45823;5;4
45824;5;3
45825;5;1
45826;5;4
45827;5;4
45828;5;4
45829;5;1
45830;5;1
45831;5;1
45832;5;4
45833;5;1
45834;5;4
45835;5;3
45836;5;4
45837;5;3
45838;5;4
45839;5;1
45840;5;3
45841;5;3
45842;5;3
45843;5;3
45844;5;3
45845;5;3
45846;5;3
45847;5;2
45848;5;1
45849;5;3
45850;5;3
45851;5;1
45852;5;3
45853;5;3
45854;5;3
45855;5;3
45856;5;1
45857;5;1
45858;5;4
45859;5;1
45860;5;4
45861;5;1
45862;5;4
45863;5;1
45864;5;4
45865;5;3
45866;5;3
45867;5;3
45868;5;4
45869;5;4
45870;5;4
45871;5;3
45872;5;3
45873;5;1
45874;5;1
45875;5;3
45876;5;3
45877;5;3
45878;5;3
45879;5;3
45880;5;3
45881;5;1
45882;5;1
45883;5;1
45884;5;1
45885;5;4
45886;5;4
45887;5;1
45888;5;4
45889;5;4
45890;5;4
45891;5;1
45892;5;4
45893;5;1
45894;5;3
45895;5;3
45896;5;3
45897;5;3
45898;5;4
45899;5;1
45900;5;4
45901;5;3
45902;5;3
45903;5;1
45904;5;3
45905;5;1
45906;5;4
45907;5;1
45908;5;4
45909;5;3
45910;5;4
45911;5;4
45912;5;1
45913;5;1
45914;5;1
45915;5;1
45916;5;3
45917;5;3
45918;5;3
45919;5;4
45920;5;4
45921;5;3
45922;5;1
45923;5;4
45924;5;1
45925;5;3
45926;5;4
45927;5;4
45928;5;4
45929;5;4
45930;5;1
45931;5;3
45932;5;4
45933;5;3
45934;5;1
45935;5;1
45936;5;4
45937;5;3
45938;5;1
45939;5;3
45940;5;4
45941;5;1
45942;5;3
45943;5;4
45944;5;3
45945;5;3
45946;5;4
45947;5;4
45948;5;1
45949;5;4
45950;5;4
45951;5;4
45952;5;3
45953;5;1
45954;5;3
45955;5;3
45956;5;3
45957;5;1
45958;5;1
45959;5;4
45960;5;3
45961;5;4
45962;5;1
45963;5;1
45964;5;3
45965;5;4
45966;5;2
45967;5;4
45968;5;1
45969;5;4
45970;5;3
45971;5;3
45972;5;1
45973;5;4
45974;5;4
45975;5;3
45976;5;3
45977;5;4
45978;5;3
45979;5;4
45980;5;2
45981;5;2
45982;5;4
45983;5;1
45984;5;1
45985;5;4
45986;5;4
45987;5;1
45988;5;1
45989;5;1
45990;5;3
45991;5;4
45992;5;3
45993;5;4
45994;5;3
45995;5;4
45996;5;4
45997;5;3
45998;5;3
45999;5;3
46000;5;1
46001;5;3
46002;5;3
46003;5;4
46004;5;3
46005;5;3
46006;5;4
46007;5;3
46008;5;3
46009;5;3
46010;5;3
46011;5;4
46012;5;4
46013;5;4
46014;5;3
46015;5;3
46016;5;3
46017;5;4
46018;5;4
46019;5;3
46020;5;4
46021;5;4
46022;5;1
46023;5;4
46024;5;4
46025;5;4
46026;5;3
46027;5;1
46028;5;4
46029;5;1
46030;5;3
46031;5;3
46032;5;1
46033;5;1
46034;5;4
46035;5;4
46036;5;3
46037;5;1
46038;5;1
46039;5;4
46040;5;3
46041;5;1
46042;5;3
46043;5;4
46044;5;4
46045;5;3
46046;5;1
46047;5;1
46048;5;3
46049;5;4
46050;5;3
46051;5;4
46052;5;3
46053;5;3
46054;5;1
46055;5;4
46056;5;4
46057;5;4
46058;5;1
46059;5;3
46060;5;3
46061;5;1
46062;5;4
46063;5;4
46064;5;3
46065;5;3
46066;5;4
46067;5;4
46068;5;4
46069;5;3
46070;5;3
46071;5;4
46072;5;3
46073;5;4
46074;5;3
46075;5;1
46076;5;1
46077;5;3
46078;5;1
46079;5;3
46080;5;3
46081;5;1
46082;5;4
46083;5;4
46084;5;4
46085;5;4
46086;5;4
46087;5;4
46088;5;4
46089;5;4
46090;5;4
46091;5;4
46092;5;1
46093;5;1
46094;5;4
46095;5;4
46096;5;1
46097;5;4
46098;5;4
46099;5;1
46100;5;3
46101;5;3
46102;5;3
46103;5;1
46104;5;1
46105;5;4
46106;5;4
46107;5;4
46108;5;4
46109;5;1
46110;5;3
46111;5;1
46112;5;3
46113;5;4
46114;5;3
46115;5;4
46116;5;2
46117;5;1
46118;5;4
46119;5;3
46120;5;4
46121;5;3
46122;5;4
46123;5;3
46124;5;4
46125;5;4
46126;5;3
46127;5;3
46128;5;3
46129;5;4
46130;5;3
46131;5;3
46132;5;4
46133;5;1
46134;5;1
46135;5;1
46136;5;3
46137;5;4
46138;5;4
46139;5;3
46140;5;4
46141;5;1
46142;5;3
46143;5;4
46144;5;4
46145;5;4
46146;5;1
46147;5;1
46148;5;1
46149;5;3
46150;5;4
46151;5;4
46152;5;3
46153;5;4
46154;5;3
46155;5;4
46156;5;3
46157;5;4
46158;5;4
46159;5;3
46160;5;1
46161;5;1
46162;5;3
46163;5;3
46164;5;3
46165;5;3
46166;5;3
46167;5;3
46168;5;3
46169;5;1
46170;5;4
46171;5;2
46172;5;4
46173;5;3
46174;5;1
46175;5;3
46176;5;3
46177;5;4
46178;5;4
46179;5;3
46180;5;4
46181;5;2
46182;5;2
46183;5;3
46184;5;4
46185;5;4
46186;5;1
46187;5;1
46188;5;4
46189;5;1
46190;5;1
46191;5;4
46192;5;1
46193;5;1
46194;5;3
46195;5;4
46196;5;3
46197;5;3
46198;5;3
46199;5;3
46200;5;3
46201;5;4
46202;5;3
46203;5;3
46204;5;1
46205;5;1
46206;5;1
46207;5;1
46208;5;4
46209;5;3
46210;5;3
46211;5;4
46212;5;3
46213;5;4
46214;5;1
46215;5;3
46216;5;3
46217;5;3
46218;5;3
46219;5;4
46220;5;4
46221;5;1
46222;5;4
46223;5;3
46224;5;1
46225;5;3
46226;5;3
46227;5;4
46228;5;4
46229;5;1
46230;5;4
46231;5;4
46232;5;4
46233;5;3
46234;5;1
46235;5;1
46236;5;3
46237;5;1
46238;5;1
46239;5;4
46240;5;1
46241;5;1
46242;5;4
46243;5;1
46244;5;4
46245;5;3
46246;5;4
46247;5;1
46248;5;1
46249;5;1
46250;5;3
46251;5;3
46252;5;3
46253;5;1
46254;5;3
46255;5;1
46256;5;4
46257;5;4
46258;5;3
46259;5;3
46260;5;3
46261;5;3
46262;5;1
46263;5;3
46264;5;1
46265;5;4
46266;5;4
46267;5;3
46268;5;4
46269;5;1
46270;5;1
46271;5;1
46272;5;1
46273;5;3
46274;5;4
46275;5;1
46276;5;3
46277;5;4
46278;5;1
46279;5;3
46280;5;4
46281;5;4
46282;5;1
46283;5;3
46284;5;4
46285;5;3
46286;5;4
46287;5;1
46288;5;1
46289;5;1
46290;5;4
46291;5;4
46292;5;4
46293;5;3
46294;5;1
46295;5;3
46296;5;3
46297;5;4
46298;5;4
46299;5;2
46300;5;1
46301;5;1
46302;5;4
46303;5;3
46304;5;4
46305;5;4
46306;5;4
46307;5;3
46308;5;3
46309;5;3
46310;5;4
46311;5;4
46312;5;3
46313;5;3
46314;5;4
46315;5;1
46316;5;1
46317;5;1
46318;5;1
46319;5;4
46320;5;1
46321;5;1
46322;5;3
46323;5;3
46324;5;1
46325;5;4
46326;5;4
46327;5;1
46328;5;3
46329;5;3
46330;5;1
46331;5;3
46332;5;1
46333;5;4
46334;5;4
46335;5;3
46336;5;4
46337;5;4
46338;5;4
46339;5;4
46340;5;4
46341;5;4
46342;5;4
46343;5;4
46344;5;4
46345;5;4
46346;5;1
46347;5;3
46348;5;1
46349;5;1
46350;5;1
46351;5;3
46352;5;3
46353;5;1
46354;5;2
46355;5;1
46356;5;4
46357;5;4
46358;5;1
46359;5;1
46360;5;3
46361;5;4
46362;5;1
46363;5;3
46364;5;4
46365;5;4
46366;5;1
46367;5;1
46368;5;1
46369;5;4
46370;5;3
46371;5;4
46372;5;1
46373;5;4
46374;5;3
46375;5;3
46376;5;4
46377;5;4
46378;5;4
46379;5;2
46380;5;4
46381;5;4
46382;5;4
46383;5;1
46384;5;4
46385;5;1
46386;5;4
46387;5;3
46388;5;1
46389;5;1
46390;5;2
46391;5;4
46392;5;4
46393;5;3
46394;5;1
46395;5;1
46396;5;1
46397;5;4
46398;5;4
46399;5;1
46400;5;4
46401;5;3
46402;5;1
46403;5;1
46404;5;3
46405;5;1
46406;5;4
46407;5;4
46408;5;1
46409;5;3
46410;5;3
46411;5;4
46412;5;1
46413;5;3
46414;5;3
46415;5;1
46416;5;1
46417;5;3
46418;5;3
46419;5;4
46420;5;4
46421;5;3
46422;5;4
46423;5;4
46424;5;1
46425;5;3
46426;5;4
46427;5;4
46428;5;1
46429;5;4
46430;5;1
46431;5;4
46432;5;3
46433;5;3
46434;5;1
46435;5;4
46436;5;1
46437;5;4
46438;5;3
46439;5;4
46440;5;4
46441;5;1
46442;5;1
46443;5;1
46444;5;4
46445;5;1
46446;5;4
46447;5;1
46448;5;1
46449;5;3
46450;5;1
46451;5;4
46452;5;3
46453;5;3
46454;5;3
46455;5;3
46456;5;1
46457;5;4
46458;5;1
46459;5;4
46460;5;3
46461;5;1
46462;5;4
46463;5;1
46464;5;4
46465;5;1
46466;5;4
46467;5;4
46468;5;3
46469;5;1
46470;5;1
46471;5;4
46472;5;4
46473;5;1
46474;5;1
46475;5;1
46476;5;4
46477;5;4
46478;5;1
46479;5;1
46480;5;1
46481;5;1
46482;5;1
46483;5;3
46484;5;4
46485;5;4
46486;5;4
46487;5;1
46488;5;3
46489;5;1
46490;5;3
46491;5;3
46492;5;4
46493;5;3
46494;5;1
46495;5;1
46496;5;1
46497;5;4
46498;5;4
46499;5;3
46500;5;3
46501;5;3
46502;5;3
46503;5;3
46504;5;1
46505;5;1
46506;5;4
46507;5;3
46508;5;4
46509;5;3
46510;5;4
46511;5;4
46512;5;3
46513;5;3
46514;5;1
46515;5;3
46516;5;3
46517;5;4
46518;5;4
46519;5;3
46520;5;1
46521;5;4
46522;5;4
46523;5;4
46524;5;3
46525;5;4
46526;5;4
46527;5;3
46528;5;3
46529;5;4
46530;5;3
46531;5;3
46532;5;4
46533;5;3
46534;5;4
46535;5;4
46536;5;3
46537;5;3
46538;5;3
46539;5;1
46540;5;4
46541;5;4
46542;5;4
46543;5;3
46544;5;1
46545;5;3
46546;5;1
46547;5;4
46548;5;4
46549;5;3
46550;5;1
46551;5;4
46552;5;4
46553;5;3
46554;5;3
46555;5;3
46556;5;3
46557;5;4
46558;5;3
46559;5;4
46560;5;3
46561;5;4
46562;5;4
46563;5;1
46564;5;1
46565;5;1
46566;5;4
46567;5;1
46568;5;3
46569;5;3
46570;5;4
46571;5;1
46572;5;1
46573;5;1
46574;5;3
46575;5;1
46576;5;3
46577;5;1
46578;5;3
46579;5;4
46580;5;1
46581;5;1
46582;5;1
46583;5;4
46584;5;4
46585;5;4
46586;5;4
46587;5;4
46588;5;4
46589;5;1
46590;5;4
46591;5;4
46592;5;4
46593;5;1
46594;5;4
46595;5;1
46596;5;4
46597;5;1
46598;5;4
46599;5;4
46600;5;3
46601;5;1
46602;5;2
46603;5;1
46604;5;1
46605;5;1
46606;5;1
46607;5;3
46608;5;1
46609;5;4
46610;5;3
46611;5;4
46612;5;4
46613;5;4
46614;5;3
46615;5;3
46616;5;1
46617;5;4
46618;5;1
46619;5;4
46620;5;3
46621;5;4
46622;5;1
46623;5;4
46624;5;4
46625;5;1
46626;5;1
46627;5;1
46628;5;1
46629;5;4
46630;5;1
46631;5;1
46632;5;4
46633;5;4
46634;5;3
46635;5;3
46636;5;1
46637;5;1
46638;5;1
46639;5;1
46640;5;1
46641;5;4
46642;5;3
46643;5;3
46644;5;3
46645;5;3
46646;5;4
46647;5;3
46648;5;4
46649;5;3
46650;5;1
46651;5;4
46652;5;3
46653;5;3
46654;5;4
46655;5;3
46656;5;1
46657;5;3
46658;5;1
46659;5;4
46660;5;4
46661;5;1
46662;5;1
46663;5;4
46664;5;4
46665;5;3
46666;5;1
46667;5;1
46668;5;3
46669;5;4
46670;5;3
46671;5;3
46672;5;4
46673;5;3
46674;5;4
46675;5;4
46676;5;1
46677;5;4
46678;5;3
46679;5;1
46680;5;3
46681;5;1
46682;5;1
46683;5;3
46684;5;1
46685;5;4
46686;5;1
46687;5;4
46688;5;1
46689;5;3
46690;5;3
46691;5;3
46692;5;3
46693;5;1
46694;5;4
46695;5;1
46696;5;1
46697;5;4
46698;5;3
46699;5;4
46700;5;3
46701;5;3
46702;5;4
46703;5;1
46704;5;3
46705;5;1
46706;5;4
46707;5;4
46708;5;4
46709;5;1
46710;5;1
46711;5;4
46712;5;1
46713;5;3
46714;5;3
46715;5;1
46716;5;3
46717;5;4
46718;5;4
46719;5;2
46720;5;4
46721;5;3
46722;5;2
46723;5;4
46724;5;3
46725;5;1
46726;5;4
46727;5;4
46728;5;1
46729;5;1
46730;5;4
46731;5;3
46732;5;4
46733;5;1
46734;5;4
46735;5;2
46736;5;4
46737;5;1
46738;5;1
46739;5;4
46740;5;1
46741;5;1
46742;5;1
46743;5;4
46744;5;1
46745;5;4
46746;5;3
46747;5;4
46748;5;1
46749;5;1
46750;5;1
46751;5;3
46752;5;4
46753;5;1
46754;5;1
46755;5;1
46756;5;4
46757;5;4
46758;5;4
46759;5;1
46760;5;3
46761;5;3
46762;5;4
46763;5;1
46764;5;1
46765;5;4
46766;5;4
46767;5;3
46768;5;1
46769;5;1
46770;5;3
46771;5;3
46772;5;4
46773;5;3
46774;5;3
46775;5;4
46776;5;1
46777;5;3
46778;5;3
46779;5;4
46780;5;3
46781;5;3
46782;5;4
46783;5;4
46784;5;1
46785;5;4
46786;5;2
46787;5;3
46788;5;1
46789;5;1
46790;5;4
46791;5;1
46792;5;3
46793;5;3
46794;5;4
46795;5;4
46796;5;1
46797;5;4
46798;5;3
46799;5;4
46800;5;4
46801;5;3
46802;5;4
46803;5;4
46804;5;4
46805;5;4
46806;5;1
46807;5;1
46808;5;3
46809;5;4
46810;5;3
46811;5;1
46812;5;4
46813;5;1
46814;5;4
46815;5;3
46816;5;1
46817;5;1
46818;5;3
46819;5;1
46820;5;4
46821;5;4
46822;5;3
46823;5;1
46824;5;4
46825;5;4
46826;5;1
46827;5;1
46828;5;3
46829;5;1
46830;5;3
46831;5;3
46832;5;1
46833;5;4
46834;5;4
46835;5;4
46836;5;3
46837;5;3
46838;5;3
46839;5;3
46840;5;1
46841;5;4
46842;5;4
46843;5;4
46844;5;3
46845;5;4
46846;5;3
46847;5;3
46848;5;1
46849;5;1
46850;5;4
46851;5;3
46852;5;4
46853;5;4
46854;5;3
46855;5;3
46856;5;3
46857;5;4
46858;5;3
46859;5;4
46860;5;4
46861;5;3
46862;5;4
46863;5;1
46864;5;4
46865;5;3
46866;5;1
46867;5;1
46868;5;1
46869;5;3
46870;5;1
46871;5;3
46872;5;1
46873;5;3
46874;5;1
46875;5;4
46876;5;4
46877;5;2
46878;5;4
46879;5;1
46880;5;1
46881;5;1
46882;5;3
46883;5;3
46884;5;3
46885;5;3
46886;5;1
46887;5;1
46888;5;1
46889;5;3
46890;5;4
46891;5;1
46892;5;2
46893;5;3
46894;5;4
46895;5;1
46896;5;3
46897;5;1
46898;5;3
46899;5;3
46900;5;3
46901;5;1
46902;5;3
46903;5;3
46904;5;3
46905;5;3
46906;5;1
46907;5;1
46908;5;4
46909;5;1
46910;5;1
46911;5;1
46912;5;1
46913;5;3
46914;5;1
46915;5;4
46916;5;1
46917;5;1
46918;5;4
46919;5;3
46920;5;3
46921;5;4
46922;5;3
46923;5;3
46924;5;4
46925;5;4
46926;5;3
46927;5;3
46928;5;4
46929;5;1
46930;5;3
46931;5;1
46932;5;3
46933;5;3
46934;5;1
46935;5;4
46936;5;4
46937;5;3
46938;5;4
46939;5;4
46940;5;1
46941;5;1
46942;5;3
46943;5;1
46944;5;3
46945;5;1
46946;5;4
46947;5;4
46948;5;1
46949;5;4
46950;5;1
46951;5;4
46952;5;1
46953;5;3
46954;5;3
46955;5;4
46956;5;3
46957;5;1
46958;5;1
46959;5;3
46960;5;3
46961;5;3
46962;5;3
46963;5;3
46964;5;1
46965;5;3
46966;5;4
46967;5;3
46968;5;4
46969;5;1
46970;5;4
46971;5;4
46972;5;4
46973;5;1
46974;5;3
46975;5;3
46976;5;3
46977;5;4
46978;5;1
46979;5;3
46980;5;3
46981;5;4
46982;5;3
46983;5;3
46984;5;4
46985;5;1
46986;5;4
46987;5;4
46988;5;1
46989;5;3
46990;5;3
46991;5;4
46992;5;1
46993;5;3
46994;5;3
46995;5;3
46996;5;4
46997;5;3
46998;5;1
46999;5;3
47000;5;3
47001;5;1
47002;5;3
47003;5;4
47004;5;3
47005;5;3
47006;5;3
47007;5;4
47008;5;2
47009;5;3
47010;5;4
47011;5;3
47012;5;1
47013;5;3
47014;5;4
47015;5;4
47016;5;3
47017;5;4
47018;5;4
47019;5;3
47020;5;1
47021;5;3
47022;5;1
47023;5;4
47024;5;3
47025;5;3
47026;5;4
47027;5;1
47028;5;4
47029;5;4
47030;5;1
47031;5;4
47032;5;3
47033;5;4
47034;5;4
47035;5;4
47036;5;4
47037;5;3
47038;5;3
47039;5;3
47040;5;3
47041;5;4
47042;5;3
47043;5;1
47044;5;4
47045;5;1
47046;5;3
47047;5;1
47048;5;3
47049;5;3
47050;5;1
47051;5;1
47052;5;1
47053;5;4
47054;5;3
47055;5;3
47056;5;3
47057;5;3
47058;5;1
47059;5;3
47060;5;3
47061;5;3
47062;5;1
47063;5;2
47064;5;1
47065;5;3
47066;5;1
47067;5;1
47068;5;3
47069;5;3
47070;5;1
47071;5;4
47072;5;1
47073;5;1
47074;5;4
47075;5;4
47076;5;4
47077;5;4
47078;5;4
47079;5;4
47080;5;3
47081;5;4
47082;5;4
47083;5;4
47084;5;4
47085;5;3
47086;5;4
47087;5;3
47088;5;4
47089;5;3
47090;5;1
47091;5;4
47092;5;4
47093;5;4
47094;5;1
47095;5;4
47096;5;1
47097;5;4
47098;5;3
47099;5;1
47100;5;3
47101;5;4
47102;5;3
47103;5;1
47104;5;3
47105;5;4
47106;5;1
47107;5;4
47108;5;1
47109;5;3
47110;5;4
47111;5;3
47112;5;4
47113;5;4
47114;5;3
47115;5;2
47116;5;3
47117;5;4
47118;5;4
47119;5;3
47120;5;3
47121;5;4
47122;5;3
47123;5;3
47124;5;4
47125;5;3
47126;5;4
47127;5;4
47128;5;1
47129;5;1
47130;5;4
47131;5;1
47132;5;1
47133;5;1
47134;5;3
47135;5;1
47136;5;3
47137;5;3
47138;5;4
47139;5;1
47140;5;1
47141;5;4
47142;5;4
47143;5;3
47144;5;4
47145;5;3
47146;5;4
47147;5;1
47148;5;1
47149;5;4
47150;5;4
47151;5;3
47152;5;4
47153;5;3
47154;5;4
47155;5;3
47156;5;4
47157;5;1
47158;5;1
47159;5;2
47160;5;1
47161;5;3
47162;5;3
47163;5;2
47164;5;4
47165;5;4
47166;5;4
47167;5;4
47168;5;4
47169;5;1
47170;5;3
47171;5;4
47172;5;1
47173;5;4
47174;5;4
47175;5;1
47176;5;4
47177;5;4
47178;5;4
47179;5;1
47180;5;1
47181;5;3
47182;5;4
47183;5;3
47184;5;1
47185;5;1
47186;5;3
47187;5;1
47188;5;3
47189;5;3
47190;5;1
47191;5;1
47192;5;4
47193;5;1
47194;5;1
47195;5;4
47196;5;3
47197;5;1
47198;5;4
47199;5;3
47200;5;3
47201;5;4
47202;5;4
47203;5;1
47204;5;3
47205;5;3
47206;5;4
47207;5;4
47208;5;4
47209;5;4
47210;5;4
47211;5;4
47212;5;1
47213;5;2
47214;5;1
47215;5;1
47216;5;1
47217;5;1
47218;5;4
47219;5;1
47220;5;4
47221;5;1
47222;5;4
47223;5;3
47224;5;4
47225;5;1
47226;5;1
47227;5;3
47228;5;3
47229;5;1
47230;5;4
47231;5;3
47232;5;3
47233;5;4
47234;5;1
47235;5;3
47236;5;3
47237;5;4
47238;5;3
47239;5;1
47240;5;1
47241;5;3
47242;5;1
47243;5;3
47244;5;3
47245;5;1
47246;5;4
47247;5;1
47248;5;4
47249;5;3
47250;5;4
47251;5;4
47252;5;3
47253;5;3
47254;5;4
47255;5;3
47256;5;1
47257;5;4
47258;5;1
47259;5;3
47260;5;1
47261;5;3
47262;5;4
47263;5;2
47264;5;1
47265;5;1
47266;5;4
47267;5;4
47268;5;1
47269;5;4
47270;5;1
47271;5;3
47272;5;3
47273;5;4
47274;5;4
47275;5;3
47276;5;1
47277;5;1
47278;5;2
47279;5;3
47280;5;3
47281;5;1
47282;5;1
47283;5;3
47284;5;1
47285;5;3
47286;5;3
47287;5;3
47288;5;4
47289;5;4
47290;5;3
47291;5;4
47292;5;1
47293;5;1
47294;5;2
47295;5;4
47296;5;3
47297;5;3
47298;5;1
47299;5;3
47300;5;3
47301;5;3
47302;5;4
47303;5;1
47304;5;1
47305;5;3
47306;5;2
47307;5;4
47308;5;4
47309;5;3
47310;5;1
47311;5;3
47312;5;3
47313;5;4
47314;5;1
47315;5;1
47316;5;4
47317;5;4
47318;5;4
47319;5;4
47320;5;1
47321;5;3
47322;5;4
47323;5;1
47324;5;4
47325;5;4
47326;5;4
47327;5;3
47328;5;3
47329;5;3
47330;5;3
47331;5;1
47332;5;2
47333;5;4
47334;5;1
47335;5;4
47336;5;4
47337;5;3
47338;5;4
47339;5;3
47340;5;3
47341;5;1
47342;5;3
47343;5;1
47344;5;4
47345;5;3
47346;5;3
47347;5;4
47348;5;4
47349;5;4
47350;5;4
47351;5;4
47352;5;1
47353;5;4
47354;5;4
47355;5;1
47356;5;1
47357;5;3
47358;5;1
47359;5;4
47360;5;1
47361;5;3
47362;5;4
47363;5;3
47364;5;4
47365;5;3
47366;5;4
47367;5;3
47368;5;3
47369;5;4
47370;5;1
47371;5;3
47372;5;1
47373;5;4
47374;5;1
47375;5;4
47376;5;4
47377;5;3
47378;5;1
47379;5;4
47380;5;3
47381;5;3
47382;5;3
47383;5;3
47384;5;1
47385;5;1
47386;5;3
47387;5;4
47388;5;4
47389;5;4
47390;5;3
47391;5;4
47392;5;4
47393;5;1
47394;5;4
47395;5;3
47396;5;4
47397;5;3
47398;5;3
47399;5;3
47400;5;3
47401;5;4
47402;5;4
47403;5;4
47404;5;3
47405;5;1
47406;5;4
47407;5;4
47408;5;3
47409;5;3
47410;5;4
47411;5;4
47412;5;4
47413;5;4
47414;5;4
47415;5;1
47416;5;1
47417;5;1
47418;5;4
47419;5;3
47420;5;4
47421;5;4
47422;5;3
47423;5;2
47424;5;4
47425;5;3
47426;5;4
47427;5;3
47428;5;3
47429;5;3
47430;5;2
47431;5;4
47432;5;4
47433;5;4
47434;5;1
47435;5;1
47436;5;4
47437;5;3
47438;5;4
47439;5;3
47440;5;3
47441;5;3
47442;5;3
47443;5;3
47444;5;4
47445;5;3
47446;5;4
47447;5;3
47448;5;4
47449;5;3
47450;5;4
47451;5;4
47452;5;4
47453;5;3
47454;5;3
47455;5;3
47456;5;1
47457;5;3
47458;5;3
47459;5;3
47460;5;3
47461;5;3
47462;5;3
47463;5;3
47464;5;1
47465;5;4
47466;5;1
47467;5;4
47468;5;3
47469;5;3
47470;5;3
47471;5;4
47472;5;3
47473;5;3
47474;5;3
47475;5;3
47476;5;3
47477;5;3
47478;5;3
47479;5;3
47480;5;3
47481;5;3
47482;5;4
47483;5;3
47484;5;3
47485;5;1
47486;5;4
47487;5;4
47488;5;3
47489;5;4
47490;5;3
47491;5;4
47492;5;3
47493;5;3
47494;5;3
47495;5;1
47496;5;3
47497;5;3
47498;5;3
47499;5;1
47500;5;3
47501;5;3
47502;5;3
47503;5;3
47504;5;4
47505;5;3
47506;5;3
47507;5;3
47508;5;3
47509;5;3
47510;5;4
47511;5;4
47512;5;4
47513;5;4
47514;5;3
47515;5;3
47516;5;1
47517;5;4
47518;5;1
47519;5;3
47520;5;3
47521;5;4
47522;5;3
47523;5;3
47524;5;3
47525;5;1
47526;5;4
47527;5;4
47528;5;3
47529;5;4
47530;5;4
47531;5;1
47532;5;4
47533;5;4
47534;5;3
47535;5;3
47536;5;1
47537;5;3
47538;5;4
47539;5;4
47540;5;1
47541;5;4
47542;5;1
47543;5;3
47544;5;3
47545;5;4
47546;5;3
47547;5;4
47548;5;3
47549;5;4
47550;5;3
47551;5;1
47552;5;2
47553;5;4
47554;5;4
47555;5;4
47556;5;3
47557;5;4
47558;5;4
47559;5;3
47560;5;4
47561;5;1
47562;5;3
47563;5;3
47564;5;4
47565;5;1
47566;5;1
47567;5;1
47568;5;3
47569;5;4
47570;5;4
47571;5;4
47572;5;3
47573;5;4
47574;5;4
47575;5;3
47576;5;1
47577;5;3
47578;5;3
47579;5;4
47580;5;4
47581;5;1
47582;5;4
47583;5;4
47584;5;3
47585;5;3
47586;5;3
47587;5;1
47588;5;1
47589;5;4
47590;5;3
47591;5;4
47592;5;3
47593;5;3
47594;5;4
47595;5;2
47596;5;3
47597;5;3
47598;5;3
47599;5;1
47600;5;4
47601;5;4
47602;5;4
47603;5;3
47604;5;3
47605;5;1
47606;5;3
47607;5;4
47608;5;4
47609;5;4
47610;5;1
47611;5;3
47612;5;1
47613;5;3
47614;5;3
47615;5;3
47616;5;4
47617;5;4
47618;5;3
47619;5;4
47620;5;3
47621;5;1
47622;5;4
47623;5;1
47624;5;4
47625;5;1
47626;5;3
47627;5;4
47628;5;4
47629;5;4
47630;5;3
47631;5;4
47632;5;4
47633;5;4
47634;5;1
47635;5;3
47636;5;2
47637;5;1
47638;5;4
47639;5;3
47640;5;3
47641;5;3
47642;5;1
47643;5;2
47644;5;4
47645;5;3
47646;5;3
47647;5;4
47648;5;4
47649;5;4
47650;5;4
47651;5;1
47652;5;3
47653;5;4
47654;5;3
47655;5;3
47656;5;4
47657;5;4
47658;5;1
47659;5;4
47660;5;3
47661;5;4
47662;5;1
47663;5;3
47664;5;1
47665;5;4
47666;5;3
47667;5;4
47668;5;1
47669;5;3
47670;5;1
47671;5;1
47672;5;4
47673;5;4
47674;5;3
47675;5;1
47676;5;4
47677;5;4
47678;5;4
47679;5;4
47680;5;4
47681;5;4
47682;5;3
47683;5;4
47684;5;1
47685;5;3
47686;5;1
47687;5;1
47688;5;3
47689;5;3
47690;5;3
47691;5;3
47692;5;3
47693;5;4
47694;5;3
47695;5;1
47696;5;1
47697;5;4
47698;5;1
47699;5;4
47700;5;3
47701;5;3
47702;5;1
47703;5;4
47704;5;4
47705;5;3
47706;5;3
47707;5;1
47708;5;3
47709;5;3
47710;5;3
47711;5;4
47712;5;4
47713;5;1
47714;5;3
47715;5;4
47716;5;4
47717;5;4
47718;5;3
47719;5;3
47720;5;1
47721;5;4
47722;5;1
47723;5;3
47724;5;3
47725;5;3
47726;5;3
47727;5;3
47728;5;4
47729;5;4
47730;5;1
47731;5;3
47732;5;1
47733;5;1
47734;5;4
47735;5;4
47736;5;4
47737;5;4
47738;5;3
47739;5;4
47740;5;4
47741;5;1
47742;5;4
47743;5;3
47744;5;4
47745;5;1
47746;5;4
47747;5;1
47748;5;1
47749;5;1
47750;5;3
47751;5;1
47752;5;3
47753;5;3
47754;5;1
47755;5;4
47756;5;3
47757;5;3
47758;5;3
47759;5;4
47760;5;3
47761;5;4
47762;5;3
47763;5;4
47764;5;3
47765;5;3
47766;5;4
47767;5;4
47768;5;3
47769;5;4
47770;5;3
47771;5;3
47772;5;2
47773;5;2
47774;5;1
47775;5;3
47776;5;1
47777;5;4
47778;5;3
47779;5;1
47780;5;1
47781;5;1
47782;5;3
47783;5;2
47784;5;1
47785;5;4
47786;5;3
47787;5;4
47788;5;3
47789;5;4
47790;5;3
47791;5;3
47792;5;3
47793;5;4
47794;5;1
47795;5;4
47796;5;1
47797;5;4
47798;5;4
47799;5;2
47800;5;3
47801;5;3
47802;5;4
47803;5;2
47804;5;1
47805;5;1
47806;5;3
47807;5;1
47808;5;1
47809;5;1
47810;5;4
47811;5;3
47812;5;3
47813;5;3
47814;5;1
47815;5;4
47816;5;3
47817;5;1
47818;5;1
47819;5;4
47820;5;4
47821;5;4
47822;5;1
47823;5;4
47824;5;3
47825;5;4
47826;5;1
47827;5;1
47828;5;4
47829;5;1
47830;5;4
47831;5;1
47832;5;3
47833;5;3
47834;5;1
47835;5;3
47836;5;3
47837;5;3
47838;5;3
47839;5;1
47840;5;4
47841;5;1
47842;5;4
47843;5;2
47844;5;3
47845;5;3
47846;5;3
47847;5;3
47848;5;1
47849;5;1
47850;5;1
47851;5;1
47852;5;1
47853;5;1
47854;5;1
47855;5;4
47856;5;1
47857;5;4
47858;5;1
47859;5;2
47860;5;1
47861;5;1
47862;5;4
47863;5;4
47864;5;1
47865;5;1
47866;5;3
47867;5;4
47868;5;4
47869;5;4
47870;5;4
47871;5;4
47872;5;4
47873;5;4
47874;5;4
47875;5;1
47876;5;3
47877;5;4
47878;5;1
47879;5;4
47880;5;3
47881;5;1
47882;5;4
47883;5;3
47884;5;4
47885;5;1
47886;5;4
47887;5;1
47888;5;1
47889;5;4
47890;5;4
47891;5;3
47892;5;4
47893;5;3
47894;5;3
47895;5;3
47896;5;3
47897;5;1
47898;5;1
47899;5;4
47900;5;3
47901;5;4
47902;5;3
47903;5;4
47904;5;1
47905;5;1
47906;5;4
47907;5;3
47908;5;1
47909;5;3
47910;5;3
47911;5;4
47912;5;3
47913;5;3
47914;5;1
47915;5;1
47916;5;3
47917;5;1
47918;5;1
47919;5;3
47920;5;1
47921;5;3
47922;5;4
47923;5;1
47924;5;1
47925;5;1
47926;5;3
47927;5;4
47928;5;1
47929;5;3
47930;5;1
47931;5;3
47932;5;3
47933;5;1
47934;5;4
47935;5;3
47936;5;3
47937;5;3
47938;5;1
47939;5;1
47940;5;3
47941;5;3
47942;5;1
47943;5;4
47944;5;4
47945;5;1
47946;5;1
47947;5;4
47948;5;1
47949;5;4
47950;5;1
47951;5;3
47952;5;1
47953;5;4
47954;5;4
47955;5;3
47956;5;3
47957;5;3
47958;5;3
47959;5;3
47960;5;4
47961;5;3
47962;5;3
47963;5;4
47964;5;4
47965;5;1
47966;5;3
47967;5;3
47968;5;4
47969;5;3
47970;5;1
47971;5;4
47972;5;1
47973;5;1
47974;5;4
47975;5;3
47976;5;4
47977;5;1
47978;5;4
47979;5;3
47980;5;4
47981;5;1
47982;5;1
47983;5;3
47984;5;4
47985;5;1
47986;5;3
47987;5;1
47988;5;3
47989;5;1
47990;5;3
47991;5;3
47992;5;1
47993;5;3
47994;5;1
47995;5;4
47996;5;3
47997;5;3
47998;5;3
47999;5;3
48000;5;4
48001;5;3
48002;5;4
48003;5;4
48004;5;4
48005;5;3
48006;5;4
48007;5;1
48008;5;3
48009;5;1
48010;5;3
48011;5;3
48012;5;1
48013;5;3
48014;5;3
48015;5;4
48016;5;4
48017;5;1
48018;5;3
48019;5;3
48020;5;3
48021;5;3
48022;5;4
48023;5;4
48024;5;1
48025;5;4
48026;5;3
48027;5;4
48028;5;3
48029;5;4
48030;5;3
48031;5;4
48032;5;3
48033;5;3
48034;5;3
48035;5;3
48036;5;4
48037;5;1
48038;5;1
48039;5;4
48040;5;4
48041;5;1
48042;5;3
48043;5;3
48044;5;3
48045;5;3
48046;5;3
48047;5;3
48048;5;1
48049;5;3
48050;5;1
48051;5;4
48052;5;3
48053;5;3
48054;5;3
48055;5;1
48056;5;1
48057;5;3
48058;5;1
48059;5;1
48060;5;1
48061;5;4
48062;5;4
48063;5;4
48064;5;3
48065;5;3
48066;5;3
48067;5;1
48068;5;3
48069;5;4
48070;5;3
48071;5;2
48072;5;3
48073;5;4
48074;5;3
48075;5;3
48076;5;3
48077;5;1
48078;5;4
48079;5;3
48080;5;4
48081;5;4
48082;5;4
48083;5;4
48084;5;4
48085;5;4
48086;5;4
48087;5;3
48088;5;1
48089;5;1
48090;5;1
48091;5;4
48092;5;4
48093;5;1
48094;5;4
48095;5;4
48096;5;3
48097;5;4
48098;5;4
48099;5;4
48100;5;3
48101;5;3
48102;5;4
48103;5;4
48104;5;3
48105;5;4
48106;5;4
48107;5;3
48108;5;1
48109;5;4
48110;5;4
48111;5;1
48112;5;3
48113;5;4
48114;5;3
48115;5;3
48116;5;4
48117;5;3
48118;5;4
48119;5;3
48120;5;4
48121;5;3
48122;5;1
48123;5;4
48124;5;3
48125;5;1
48126;5;3
48127;5;1
48128;5;4
48129;5;1
48130;5;1
48131;5;1
48132;5;2
48133;5;3
48134;5;1
48135;5;4
48136;5;4
48137;5;3
48138;5;1
48139;5;4
48140;5;4
48141;5;1
48142;5;1
48143;5;3
48144;5;1
48145;5;1
48146;5;1
48147;5;3
48148;5;3
48149;5;1
48150;5;3
48151;5;3
48152;5;1
48153;5;1
48154;5;3
48155;5;4
48156;5;4
48157;5;1
48158;5;4
48159;5;3
48160;5;4
48161;5;3
48162;5;4
48163;5;3
48164;5;4
48165;5;4
48166;5;4
48167;5;4
48168;5;4
48169;5;3
48170;5;2
48171;5;3
48172;5;1
48173;5;3
48174;5;3
48175;5;1
48176;5;3
48177;5;3
48178;5;1
48179;5;4
48180;5;2
48181;5;3
48182;5;4
48183;5;3
48184;5;4
48185;5;4
48186;5;4
48187;5;4
48188;5;3
48189;5;4
48190;5;4
48191;5;4
48192;5;4
48193;5;3
48194;5;3
48195;5;4
48196;5;4
48197;5;4
48198;5;3
48199;5;4
48200;5;4
48201;5;4
48202;5;3
48203;5;3
48204;5;1
48205;5;3
48206;5;4
48207;5;1
48208;5;4
48209;5;4
48210;5;1
48211;5;4
48212;5;3
48213;5;4
48214;5;1
48215;5;1
48216;5;4
48217;5;3
48218;5;3
48219;5;1
48220;5;3
48221;5;2
48222;5;1
48223;5;4
48224;5;3
48225;5;4
48226;5;3
48227;5;1
48228;5;4
48229;5;4
48230;5;4
48231;5;3
48232;5;1
48233;5;3
48234;5;4
48235;5;3
48236;5;4
48237;5;1
48238;5;4
48239;5;1
48240;5;1
48241;5;4
48242;5;4
48243;5;3
48244;5;3
48245;5;2
48246;5;4
48247;5;1
48248;5;3
48249;5;4
48250;5;1
48251;5;3
48252;5;4
48253;5;3
48254;5;4
48255;5;4
48256;5;4
48257;5;4
48258;5;3
48259;5;3
48260;5;1
48261;5;1
48262;5;3
48263;5;3
48264;5;3
48265;5;3
48266;5;3
48267;5;4
48268;5;3
48269;5;3
48270;5;4
48271;5;4
48272;5;3
48273;5;3
48274;5;4
48275;5;4
48276;5;1
48277;5;3
48278;5;1
48279;5;4
48280;5;4
48281;5;3
48282;5;4
48283;5;1
48284;5;4
48285;5;4
48286;5;4
48287;5;4
48288;5;3
48289;5;3
48290;5;4
48291;5;4
48292;5;1
48293;5;3
48294;5;3
48295;5;3
48296;5;3
48297;5;4
48298;5;1
48299;5;1
48300;5;1
48301;5;4
48302;5;1
48303;5;3
48304;5;4
48305;5;3
48306;5;4
48307;5;1
48308;5;3
48309;5;3
48310;5;1
48311;5;4
48312;5;4
48313;5;4
48314;5;3
48315;5;3
48316;5;3
48317;5;4
48318;5;4
48319;5;4
48320;5;4
48321;5;3
48322;5;3
48323;5;3
48324;5;3
48325;5;3
48326;5;4
48327;5;4
48328;5;3
48329;5;4
48330;5;4
48331;5;3
48332;5;4
48333;5;3
48334;5;1
48335;5;3
48336;5;4
48337;5;4
48338;5;4
48339;5;3
48340;5;3
48341;5;1
48342;5;3
48343;5;4
48344;5;1
48345;5;3
48346;5;4
48347;5;1
48348;5;3
48349;5;4
48350;5;4
48351;5;3
48352;5;3
48353;5;3
48354;5;1
48355;5;4
48356;5;3
48357;5;1
48358;5;1
48359;5;4
48360;5;3
48361;5;3
48362;5;4
48363;5;3
48364;5;1
48365;5;4
48366;5;4
48367;5;4
48368;5;3
48369;5;4
48370;5;4
48371;5;3
48372;5;3
48373;5;3
48374;5;3
48375;5;1
48376;5;1
48377;5;3
48378;5;4
48379;5;4
48380;5;1
48381;5;4
48382;5;3
48383;5;3
48384;5;4
48385;5;4
48386;5;4
48387;5;4
48388;5;4
48389;5;3
48390;5;1
48391;5;4
48392;5;1
48393;5;3
48394;5;4
48395;5;3
48396;5;3
48397;5;4
48398;5;3
48399;5;1
48400;5;1
48401;5;3
48402;5;3
48403;5;3
48404;5;1
48405;5;1
48406;5;3
48407;5;3
48408;5;4
48409;5;1
48410;5;3
48411;5;1
48412;5;3
48413;5;4
48414;5;3
48415;5;1
48416;5;4
48417;5;1
48418;5;4
48419;5;3
48420;5;4
48421;5;3
48422;5;4
48423;5;3
48424;5;3
48425;5;1
48426;5;1
48427;5;4
48428;5;3
48429;5;1
48430;5;4
48431;5;4
48432;5;3
48433;5;3
48434;5;4
48435;5;1
48436;5;4
48437;5;4
48438;5;4
48439;5;1
48440;5;4
48441;5;4
48442;5;3
48443;5;3
48444;5;3
48445;5;1
48446;5;4
48447;5;4
48448;5;2
48449;5;3
48450;5;3
48451;5;4
48452;5;3
48453;5;3
48454;5;1
48455;5;1
48456;5;3
48457;5;3
48458;5;3
48459;5;4
48460;5;3
48461;5;4
48462;5;1
48463;5;4
48464;5;4
48465;5;3
48466;5;4
48467;5;1
48468;5;4
48469;5;3
48470;5;4
48471;5;3
48472;5;4
48473;5;1
48474;5;3
48475;5;3
48476;5;3
48477;5;3
48478;5;4
48479;5;4
48480;5;4
48481;5;4
48482;5;3
48483;5;3
48484;5;1
48485;5;1
48486;5;4
48487;5;4
48488;5;1
48489;5;4
48490;5;4
48491;5;1
48492;5;1
48493;5;3
48494;5;3
48495;5;4
48496;5;4
48497;5;3
48498;5;3
48499;5;4
48500;5;3
48501;5;4
48502;5;2
48503;5;4
48504;5;4
48505;5;1
48506;5;1
48507;5;4
48508;5;4
48509;5;3
48510;5;1
48511;5;1
48512;5;4
48513;5;4
48514;5;3
48515;5;1
48516;5;4
48517;5;1
48518;5;4
48519;5;3
48520;5;1
48521;5;4
48522;5;1
48523;5;4
48524;5;3
48525;5;4
48526;5;4
48527;5;4
48528;5;1
48529;5;1
48530;5;3
48531;5;4
48532;5;3
48533;5;4
48534;5;3
48535;5;1
48536;5;3
48537;5;1
48538;5;3
48539;5;3
48540;5;3
48541;5;3
48542;5;4
48543;5;1
48544;5;4
48545;5;4
48546;5;4
48547;5;4
48548;5;3
48549;5;3
48550;5;3
48551;5;3
48552;5;4
48553;5;4
48554;5;3
48555;5;4
48556;5;4
48557;5;1
48558;5;4
48559;5;4
48560;5;4
48561;5;4
48562;5;1
48563;5;1
48564;5;4
48565;5;1
48566;5;1
48567;5;3
48568;5;3
48569;5;1
48570;5;1
48571;5;4
48572;5;1
48573;5;4
48574;5;3
48575;5;3
48576;5;1
48577;5;4
48578;5;3
48579;5;3
48580;5;4
48581;5;4
48582;5;3
48583;5;3
48584;5;1
48585;5;3
48586;5;4
48587;5;3
48588;5;1
48589;5;4
48590;5;3
48591;5;3
48592;5;1
48593;5;4
48594;5;4
48595;5;3
48596;5;3
48597;5;1
48598;5;4
48599;5;3
48600;5;3
48601;5;1
48602;5;1
48603;5;1
48604;5;2
48605;5;2
48606;5;1
48607;5;3
48608;5;1
48609;5;1
48610;5;1
48611;5;1
48612;5;1
48613;5;3
48614;5;1
48615;5;1
48616;5;3
48617;5;3
48618;5;1
48619;5;3
48620;5;1
48621;5;3
48622;5;3
48623;5;1
48624;5;3
48625;5;3
48626;5;3
48627;5;1
48628;5;4
48629;5;4
48630;5;3
48631;5;4
48632;5;4
48633;5;4
48634;5;2
48635;5;1
48636;5;1
48637;5;3
48638;5;4
48639;5;3
48640;5;3
48641;5;4
48642;5;3
48643;5;1
48644;5;1
48645;5;3
48646;5;1
48647;5;3
48648;5;4
48649;5;3
48650;5;4
48651;5;3
48652;5;1
48653;5;1
48654;5;4
48655;5;3
48656;5;4
48657;5;1
48658;5;4
48659;5;4
48660;5;3
48661;5;3
48662;5;4
48663;5;4
48664;5;4
48665;5;4
48666;5;4
48667;5;3
48668;5;4
48669;5;3
48670;5;4
48671;5;1
48672;5;3
48673;5;4
48674;5;4
48675;5;4
48676;5;3
48677;5;4
48678;5;3
48679;5;3
48680;5;3
48681;5;1
48682;5;3
48683;5;3
48684;5;2
48685;5;1
48686;5;1
48687;5;3
48688;5;3
48689;5;3
48690;5;4
48691;5;1
48692;5;3
48693;5;1
48694;5;3
48695;5;3
48696;5;4
48697;5;1
48698;5;3
48699;5;1
48700;5;2
48701;5;3
48702;5;4
48703;5;1
48704;5;3
48705;5;4
48706;5;3
48707;5;1
48708;5;3
48709;5;1
48710;5;1
48711;5;3
48712;5;3
48713;5;3
48714;5;4
48715;5;4
48716;5;3
48717;5;4
48718;5;1
48719;5;1
48720;5;4
48721;5;4
48722;5;4
48723;5;4
48724;5;1
48725;5;3
48726;5;4
48727;5;3
48728;5;4
48729;5;1
48730;5;3
48731;5;3
48732;5;1
48733;5;1
48734;5;4
48735;5;4
48736;5;3
48737;5;4
48738;5;4
48739;5;1
48740;5;4
48741;5;3
48742;5;1
48743;5;4
48744;5;3
48745;5;3
48746;5;3
48747;5;1
48748;5;4
48749;5;2
48750;5;3
48751;5;3
48752;5;3
48753;5;4
48754;5;3
48755;5;3
48756;5;3
48757;5;3
48758;5;1
48759;5;3
48760;5;3
48761;5;3
48762;5;3
48763;5;3
48764;5;3
48765;5;3
48766;5;3
48767;5;4
48768;5;3
48769;5;3
48770;5;4
48771;5;1
48772;5;3
48773;5;4
48774;5;4
48775;5;3
48776;5;4
48777;5;4
48778;5;4
48779;5;3
48780;5;4
48781;5;4
48782;5;3
48783;5;3
48784;5;2
48785;5;1
48786;5;4
48787;5;1
48788;5;4
48789;5;4
48790;5;4
48791;5;4
48792;5;4
48793;5;4
48794;5;4
48795;5;4
48796;5;3
48797;5;1
48798;5;3
48799;5;1
48800;5;3
48801;5;3
48802;5;3
48803;5;3
48804;5;3
48805;5;3
48806;5;3
48807;5;4
48808;5;3
48809;5;1
48810;5;4
48811;5;3
48812;5;3
48813;5;2
48814;5;4
48815;5;3
48816;5;3
48817;5;3
48818;5;1
48819;5;1
48820;5;3
48821;5;1
48822;5;1
48823;5;4
48824;5;1
48825;5;3
48826;5;4
48827;5;3
48828;5;3
48829;5;4
48830;5;4
48831;5;4
48832;5;1
48833;5;2
48834;5;4
48835;5;4
48836;5;4
48837;5;4
48838;5;3
48839;5;4
48840;5;3
48841;5;4
48842;5;4
48843;5;1
48844;5;1
48845;5;4
48846;5;3
48847;5;1
48848;5;3
48849;5;1
48850;5;1
48851;5;4
48852;5;3
48853;5;3
48854;5;1
48855;5;3
48856;5;3
48857;5;3
48858;5;4
48859;5;4
48860;5;4
48861;5;4
48862;5;1
48863;5;3
48864;5;4
48865;5;3
48866;5;3
48867;5;3
48868;5;3
48869;5;4
48870;5;2
48871;5;1
48872;5;4
48873;5;4
48874;5;4
48875;5;1
48876;5;3
48877;5;3
48878;5;1
48879;5;4
48880;5;3
48881;5;4
48882;5;4
48883;5;1
48884;5;3
48885;5;3
48886;5;1
48887;5;3
48888;5;3
48889;5;4
48890;5;1
48891;5;1
48892;5;1
48893;5;3
48894;5;3
48895;5;1
48896;5;1
48897;5;4
48898;5;3
48899;5;4
48900;5;3
48901;5;3
48902;5;4
48903;5;3
48904;5;4
48905;5;4
48906;5;3
48907;5;3
48908;5;3
48909;5;4
48910;5;1
48911;5;3
48912;5;4
48913;5;1
48914;5;3
48915;5;1
48916;5;2
48917;5;3
48918;5;4
48919;5;3
48920;5;3
48921;5;4
48922;5;2
48923;5;4
48924;5;4
48925;5;1
48926;5;3
48927;5;4
48928;5;3
48929;5;2
48930;5;4
48931;5;1
48932;5;4
48933;5;4
48934;5;3
48935;5;4
48936;5;1
48937;5;4
48938;5;2
48939;5;4
48940;5;3
48941;5;4
48942;5;4
48943;5;4
48944;5;1
48945;5;4
48946;5;4
48947;5;1
48948;5;3
48949;5;1
48950;5;4
48951;5;4
48952;5;4
48953;5;4
48954;5;4
48955;5;4
48956;5;1
48957;5;4
48958;5;1
48959;5;1
48960;5;4
48961;5;1
48962;5;3
48963;5;1
48964;5;1
48965;5;4
48966;5;1
48967;5;1
48968;5;4
48969;5;4
48970;5;4
48971;5;3
48972;5;1
48973;5;4
48974;5;3
48975;5;4
48976;5;3
48977;5;4
48978;5;4
48979;5;4
48980;5;4
48981;5;4
48982;5;4
48983;5;4
48984;5;4
48985;5;3
48986;5;4
48987;5;3
48988;5;4
48989;5;3
48990;5;4
48991;5;4
48992;5;3
48993;5;3
48994;5;1
48995;5;3
48996;5;1
48997;5;1
48998;5;3
48999;5;3
49000;5;3
49001;5;3
49002;5;1
49003;5;1
49004;5;3
49005;5;3
49006;5;1
49007;5;4
49008;5;1
49009;5;1
49010;5;4
49011;5;4
49012;5;1
49013;5;3
49014;5;3
49015;5;4
49016;5;1
49017;5;3
49018;5;3
49019;5;1
49020;5;3
49021;5;4
49022;5;3
49023;5;4
49024;5;4
49025;5;3
49026;5;3
49027;5;3
49028;5;3
49029;5;3
49030;5;1
49031;5;1
49032;5;3
49033;5;4
49034;5;4
49035;5;4
49036;5;3
49037;5;1
49038;5;4
49039;5;4
49040;5;1
49041;5;4
49042;5;4
49043;5;3
49044;5;3
49045;5;3
49046;5;1
49047;5;4
49048;5;3
49049;5;1
49050;5;4
49051;5;4
49052;5;4
49053;5;4
49054;5;1
49055;5;3
49056;5;1
49057;5;4
49058;5;1
49059;5;3
49060;5;4
49061;5;3
49062;5;4
49063;5;3
49064;5;1
49065;5;1
49066;5;3
49067;5;4
49068;5;3
49069;5;4
49070;5;1
49071;5;1
49072;5;1
49073;5;4
49074;5;3
49075;5;1
49076;5;4
49077;5;4
49078;5;3
49079;5;4
49080;5;2
49081;5;4
49082;5;1
49083;5;1
49084;5;3
49085;5;2
49086;5;3
49087;5;1
49088;5;4
49089;5;4
49090;5;3
49091;5;4
49092;5;1
49093;5;4
49094;5;3
49095;5;4
49096;5;4
49097;5;4
49098;5;1
49099;5;4
49100;5;4
49101;5;1
49102;5;1
49103;5;1
49104;5;1
49105;5;1
49106;5;1
49107;5;3
49108;5;1
49109;5;3
49110;5;1
49111;5;4
49112;5;1
49113;5;4
49114;5;1
49115;5;4
49116;5;3
49117;5;4
49118;5;1
49119;5;4
49120;5;1
49121;5;3
49122;5;4
49123;5;3
49124;5;1
49125;5;1
49126;5;1
49127;5;4
49128;5;3
49129;5;3
49130;5;4
49131;5;3
49132;5;1
49133;5;4
49134;5;1
49135;5;4
49136;5;3
49137;5;3
49138;5;1
49139;5;3
49140;5;3
49141;5;1
49142;5;1
49143;5;1
49144;5;1
49145;5;3
49146;5;3
49147;5;3
49148;5;4
49149;5;3
49150;5;4
49151;5;3
49152;5;1
49153;5;3
49154;5;4
49155;5;4
49156;5;1
49157;5;4
49158;5;3
49159;5;1
49160;5;4
49161;5;2
49162;5;4
49163;5;1
49164;5;1
49165;5;1
49166;5;4
49167;5;1
49168;5;3
49169;5;4
49170;5;1
49171;5;3
49172;5;1
49173;5;4
49174;5;3
49175;5;1
49176;5;3
49177;5;3
49178;5;3
49179;5;1
49180;5;3
49181;5;1
49182;5;1
49183;5;4
49184;5;1
49185;5;1
49186;5;4
49187;5;4
49188;5;4
49189;5;3
49190;5;4
49191;5;4
49192;5;3
49193;5;3
49194;5;3
49195;5;1
49196;5;1
49197;5;3
49198;5;1
49199;5;1
49200;5;3
49201;5;3
49202;5;1
49203;5;4
49204;5;4
49205;5;3
49206;5;3
49207;5;1
49208;5;3
49209;5;3
49210;5;1
49211;5;1
49212;5;4
49213;5;1
49214;5;4
49215;5;1
49216;5;3
49217;5;1
49218;5;4
49219;5;1
49220;5;3
49221;5;1
49222;5;3
49223;5;1
49224;5;3
49225;5;1
49226;5;4
49227;5;3
49228;5;4
49229;5;2
49230;5;4
49231;5;4
49232;5;4
49233;5;3
49234;5;3
49235;5;3
49236;5;4
49237;5;1
49238;5;3
49239;5;1
49240;5;1
49241;5;4
49242;5;3
49243;5;1
49244;5;1
49245;5;1
49246;5;3
49247;5;3
49248;5;1
49249;5;4
49250;5;3
49251;5;3
49252;5;4
49253;5;1
49254;5;3
49255;5;4
49256;5;4
49257;5;4
49258;5;2
49259;5;1
49260;5;1
49261;5;4
49262;5;1
49263;5;3
49264;5;4
49265;5;4
49266;5;4
49267;5;4
49268;5;4
49269;5;1
49270;5;4
49271;5;1
49272;5;4
49273;5;3
49274;5;3
49275;5;3
49276;5;3
49277;5;4
49278;5;4
49279;5;1
49280;5;3
49281;5;1
49282;5;4
49283;5;4
49284;5;2
49285;5;3
49286;5;3
49287;5;3
49288;5;4
49289;5;4
49290;5;3
49291;5;1
49292;5;4
49293;5;4
49294;5;4
49295;5;3
49296;5;1
49297;5;3
49298;5;3
49299;5;1
49300;5;1
49301;5;3
49302;5;1
49303;5;1
49304;5;3
49305;5;4
49306;5;3
49307;5;2
49308;5;4
49309;5;4
49310;5;4
49311;5;4
49312;5;1
49313;5;4
49314;5;4
49315;5;4
49316;5;3
49317;5;4
49318;5;4
49319;5;3
49320;5;4
49321;5;3
49322;5;1
49323;5;4
49324;5;3
49325;5;4
49326;5;3
49327;5;4
49328;5;4
49329;5;1
49330;5;3
49331;5;3
49332;5;3
49333;5;4
49334;5;4
49335;5;1
49336;5;4
49337;5;1
49338;5;4
49339;5;1
49340;5;4
49341;5;1
49342;5;1
49343;5;4
49344;5;4
49345;5;4
49346;5;4
49347;5;4
49348;5;1
49349;5;1
49350;5;1
49351;5;1
49352;5;3
49353;5;1
49354;5;1
49355;5;1
49356;5;3
49357;5;3
49358;5;3
49359;5;1
49360;5;4
49361;5;1
49362;5;4
49363;5;4
49364;5;3
49365;5;3
49366;5;3
49367;5;1
49368;5;4
49369;5;3
49370;5;3
49371;5;3
49372;5;3
49373;5;1
49374;5;4
49375;5;1
49376;5;3
49377;5;3
49378;5;2
49379;5;3
49380;5;1
49381;5;3
49382;5;4
49383;5;1
49384;5;3
49385;5;3
49386;5;4
49387;5;3
49388;5;1
49389;5;3
49390;5;4
49391;5;4
49392;5;4
49393;5;3
49394;5;3
49395;5;3
49396;5;1
49397;5;4
49398;5;3
49399;5;4
49400;5;3
49401;5;4
49402;5;4
49403;5;4
49404;5;1
49405;5;1
49406;5;1
49407;5;4
49408;5;3
49409;5;1
49410;5;3
49411;5;1
49412;5;1
49413;5;1
49414;5;4
49415;5;3
49416;5;3
49417;5;3
49418;5;4
49419;5;1
49420;5;3
49421;5;4
49422;5;1
49423;5;4
49424;5;1
49425;5;1
49426;5;1
49427;5;4
49428;5;1
49429;5;4
49430;5;1
49431;5;1
49432;5;1
49433;5;1
49434;5;1
49435;5;2
49436;5;4
49437;5;3
49438;5;4
49439;5;3
49440;5;3
49441;5;4
49442;5;3
49443;5;4
49444;5;3
49445;5;4
49446;5;3
49447;5;1
49448;5;4
49449;5;1
49450;5;4
49451;5;1
49452;5;4
49453;5;3
49454;5;1
49455;5;2
49456;5;4
49457;5;3
49458;5;3
49459;5;4
49460;5;1
49461;5;1
49462;5;3
49463;5;4
49464;5;1
49465;5;1
49466;5;4
49467;5;1
49468;5;4
49469;5;1
49470;5;1
49471;5;1
49472;5;1
49473;5;1
49474;5;4
49475;5;4
49476;5;1
49477;5;1
49478;5;1
49479;5;1
49480;5;1
49481;5;4
49482;5;3
49483;5;4
49484;5;1
49485;5;1
49486;5;1
49487;5;4
49488;5;3
49489;5;4
49490;5;1
49491;5;1
49492;5;3
49493;5;3
49494;5;4
49495;5;4
49496;5;4
49497;5;3
49498;5;1
49499;5;1
49500;5;2
49501;5;4
49502;5;1
49503;5;1
49504;5;3
49505;5;1
49506;5;3
49507;5;3
49508;5;3
49509;5;4
49510;5;1
49511;5;1
49512;5;1
49513;5;3
49514;5;1
49515;5;1
49516;5;1
49517;5;1
49518;5;3
49519;5;1
49520;5;1
49521;5;3
49522;5;4
49523;5;4
49524;5;1
49525;5;1
49526;5;1
49527;5;3
49528;5;3
49529;5;4
49530;5;4
49531;5;4
49532;5;4
49533;5;4
49534;5;4
49535;5;1
49536;5;1
49537;5;1
49538;5;3
49539;5;1
49540;5;2
49541;5;1
49542;5;4
49543;5;1
49544;5;1
49545;5;4
49546;5;4
49547;5;4
49548;5;3
49549;5;3
49550;5;3
49551;5;3
49552;5;3
49553;5;3
49554;5;1
49555;5;3
49556;5;3
49557;5;3
49558;5;3
49559;5;2
49560;5;3
49561;5;3
49562;5;3
49563;5;3
49564;5;4
49565;5;3
49566;5;4
49567;5;3
49568;5;3
49569;5;3
49570;5;3
49571;5;3
49572;5;3
49573;5;3
49574;5;3
49575;5;3
49576;5;3
49577;5;3
49578;5;4
49579;5;1
49580;5;4
49581;5;4
49582;5;4
49583;5;2
49584;5;1
49585;5;1
49586;5;2
49587;5;1
49588;5;3
49589;5;4
49590;5;4
49591;5;3
49592;5;4
49593;5;3
49594;5;3
49595;5;1
49596;5;3
49597;5;3
49598;5;4
49599;5;3
49600;5;3
49601;5;3
49602;5;3
49603;5;3
49604;5;3
49605;5;3
49606;5;3
49607;5;4
49608;5;4
49609;5;3
49610;5;4
49611;5;3
49612;5;4
49613;5;1
49614;5;1
49615;5;1
49616;5;4
49617;5;3
49618;5;3
49619;5;1
49620;5;1
49621;5;1
49622;5;4
49623;5;4
49624;5;4
49625;5;4
49626;5;1
49627;5;4
49628;5;1
49629;5;1
49630;5;4
49631;5;3
49632;5;4
49633;5;4
49634;5;1
49635;5;1
49636;5;4
49637;5;3
49638;5;4
49639;5;4
49640;5;4
49641;5;1
49642;5;3
49643;5;3
49644;5;4
49645;5;1
49646;5;4
49647;5;4
49648;5;3
49649;5;1
49650;5;1
49651;5;4
49652;5;3
49653;5;4
49654;5;3
49655;5;4
49656;5;1
49657;5;1
49658;5;4
49659;5;1
49660;5;4
49661;5;4
49662;5;1
49663;5;3
49664;5;1
49665;5;3
49666;5;3
49667;5;4
49668;5;3
49669;5;1
49670;5;3
49671;5;3
49672;5;4
49673;5;3
49674;5;2
49675;5;3
49676;5;4
49677;5;1
49678;5;4
49679;5;1
49680;5;3
49681;5;1
49682;5;3
49683;5;4
49684;5;1
49685;5;4
49686;5;4
49687;5;3
49688;5;1
49689;5;3
49690;5;3
49691;5;4
49692;5;4
49693;5;4
49694;5;4
49695;5;3
49696;5;3
49697;5;4
49698;5;1
49699;5;3
49700;5;3
49701;5;2
49702;5;4
49703;5;3
49704;5;3
49705;5;1
49706;5;3
49707;5;4
49708;5;1
49709;5;1
49710;5;3
49711;5;4
49712;5;3
49713;5;3
49714;5;1
49715;5;3
49716;5;3
49717;5;4
49718;5;1
49719;5;3
49720;5;3
49721;5;1
49722;5;3
49723;5;3
49724;5;1
49725;5;1
49726;5;3
49727;5;3
49728;5;4
49729;5;3
49730;5;4
49731;5;3
49732;5;4
49733;5;3
49734;5;1
49735;5;1
49736;5;1
49737;5;1
49738;5;3
49739;5;1
49740;5;3
49741;5;3
49742;5;4
49743;5;2
49744;5;3
49745;5;3
49746;5;4
49747;5;3
49748;5;4
49749;5;3
49750;5;4
49751;5;4
49752;5;4
49753;5;3
49754;5;4
49755;5;1
49756;5;3
49757;5;4
49758;5;3
49759;5;3
49760;5;3
49761;5;4
49762;5;1
49763;5;1
49764;5;1
49765;5;1
49766;5;1
49767;5;2
49768;5;4
49769;5;3
49770;5;4
49771;5;3
49772;5;3
49773;5;3
49774;5;3
49775;5;1
49776;5;4
49777;5;3
49778;5;4
49779;5;3
49780;5;1
49781;5;4
49782;5;4
49783;5;3
49784;5;4
49785;5;4
49786;5;4
49787;5;1
49788;5;1
49789;5;3
49790;5;3
49791;5;3
49792;5;3
49793;5;4
49794;5;4
49795;5;1
49796;5;4
49797;5;3
49798;5;4
49799;5;3
49800;5;4
49801;5;3
49802;5;4
49803;5;1
49804;5;1
49805;5;1
49806;5;3
49807;5;1
49808;5;3
49809;5;3
49810;5;3
49811;5;3
49812;5;1
49813;5;1
49814;5;1
49815;5;3
49816;5;1
49817;5;3
49818;5;1
49819;5;1
49820;5;4
49821;5;4
49822;5;4
49823;5;3
49824;5;4
49825;5;3
49826;5;3
49827;5;3
49828;5;1
49829;5;1
49830;5;3
49831;5;1
49832;5;4
49833;5;4
49834;5;4
49835;5;4
49836;5;4
49837;5;4
49838;5;1
49839;5;4
49840;5;4
49841;5;4
49842;5;4
49843;5;4
49844;5;1
49845;5;1
49846;5;4
49847;5;4
49848;5;4
49849;5;4
49850;5;1
49851;5;3
49852;5;1
49853;5;3
49854;5;4
49855;5;4
49856;5;1
49857;5;4
49858;5;4
49859;5;3
49860;5;3
49861;5;3
49862;5;4
49863;5;3
49864;5;1
49865;5;1
49866;5;4
49867;5;1
49868;5;4
49869;5;1
49870;5;1
49871;5;4
49872;5;1
49873;5;1
49874;5;2
49875;5;2
49876;5;4
49877;5;4
49878;5;3
49879;5;3
49880;5;4
49881;5;4
49882;5;4
49883;5;4
49884;5;1
49885;5;4
49886;5;4
49887;5;1
49888;5;3
49889;5;3
49890;5;3
49891;5;2
49892;5;4
49893;5;3
49894;5;2
49895;5;1
49896;5;4
49897;5;1
49898;5;4
49899;5;1
49900;5;3
49901;5;3
49902;5;4
49903;5;4
49904;5;4
49905;5;4
49906;5;4
49907;5;1
49908;5;1
49909;5;1
49910;5;1
49911;5;1
49912;5;3
49913;5;3
49914;5;2
49915;5;1
49916;5;4
49917;5;4
49918;5;4
49919;5;1
49920;5;1
49921;5;1
49922;5;4
49923;5;2
49924;5;3
49925;5;2
49926;5;1
49927;5;3
49928;5;3
49929;5;4
49930;5;4
49931;5;1
49932;5;3
49933;5;1
49934;5;4
49935;5;2
49936;5;4
49937;5;4
49938;5;1
49939;5;3
49940;5;4
49941;5;2
49942;5;1
49943;5;3
49944;5;3
49945;5;3
49946;5;4
49947;5;1
49948;5;4
49949;5;1
49950;5;1
49951;5;1
49952;5;3
49953;5;4
49954;5;1
49955;5;1
49956;5;1
49957;5;2
49958;5;2
49959;5;3
49960;5;3
49961;5;1
49962;5;2
49963;5;1
49964;5;4
49965;5;1
49966;5;3
49967;5;1
49968;5;3
49969;5;4
49970;5;1
49971;5;3
49972;5;4
49973;5;3
49974;5;1
49975;5;1
49976;5;1
49977;5;1
49978;5;1
49979;5;3
49980;5;1
49981;5;4
49982;5;4
49983;5;1
49984;5;3
49985;5;4
49986;5;1
49987;5;4
49988;5;1
49989;5;4
49990;5;3
49991;5;4
49992;5;4
49993;5;4
49994;5;1
49995;5;1
49996;5;1
49997;5;1
49998;5;1
49999;5;1
50000;5;4
50001;5;4
50002;5;3
50003;5;3
50004;5;4
50005;5;3
50006;5;3
50007;5;4
50008;5;3
50009;5;1
50010;5;3
50011;5;1
50012;5;3
50013;5;3
50014;5;1
50015;5;1
50016;5;3
50017;5;4
50018;5;1
50019;5;1
50020;5;1
50021;5;1
50022;5;4
50023;5;3
50024;5;1
50025;5;1
50026;5;2
50027;5;4
50028;5;1
50029;5;1
50030;5;1
50031;5;4
50032;5;4
50033;5;1
50034;5;4
50035;5;1
50036;5;1
50037;5;4
50038;5;1
50039;5;3
50040;5;1
50041;5;1
50042;5;4
50043;5;4
50044;5;3
50045;5;4
50046;5;2
50047;5;3
50048;5;1
50049;5;1
50050;5;2
50051;5;1
50052;5;1
50053;5;1
50054;5;3
50055;5;4
50056;5;1
50057;5;1
50058;5;1
50059;5;3
50060;5;4
50061;5;4
50062;5;1
50063;5;3
50064;5;3
50065;5;2
50066;5;3
50067;5;1
50068;5;4
50069;5;3
50070;5;1
50071;5;4
50072;5;1
50073;5;4
50074;5;4
50075;5;1
50076;5;4
50077;5;1
50078;5;1
50079;5;3
50080;5;1
50081;5;1
50082;5;3
50083;5;4
50084;5;4
50085;5;3
50086;5;1
50087;5;4
50088;5;3
50089;5;3
50090;5;1
50091;5;1
50092;5;1
50093;5;3
50094;5;1
50095;5;1
50096;5;3
50097;5;1
50098;5;3
50099;5;3
50100;5;1
50101;5;1
50102;5;1
50103;5;4
50104;5;4
50105;5;4
50106;5;1
50107;5;3
50108;5;3
50109;5;3
50110;5;4
50111;5;1
50112;5;1
50113;5;1
50114;5;3
50115;5;4
50116;5;1
50117;5;4
50118;5;4
50119;5;4
50120;5;4
50121;5;1
50122;5;4
50123;5;4
50124;5;3
50125;5;3
50126;5;2
50127;5;1
50128;5;4
50129;5;1
50130;5;1
50131;5;1
50132;5;4
50133;5;1
50134;5;3
50135;5;4
50136;5;1
50137;5;4
50138;5;4
50139;5;3
50140;5;4
50141;5;3
50142;5;1
50143;5;3
50144;5;1
50145;5;4
50146;5;3
50147;5;4
50148;5;3
50149;5;1
50150;5;3
50151;5;4
50152;5;3
50153;5;1
50154;5;4
50155;5;4
50156;5;4
50157;5;1
50158;5;3
50159;5;1
50160;5;4
50161;5;3
50162;5;4
50163;5;4
50164;5;4
50165;5;1
50166;5;2
50167;5;4
50168;5;1
50169;5;3
50170;5;1
50171;5;3
50172;5;4
50173;5;1
50174;5;1
50175;5;3
50176;5;4
50177;5;3
50178;5;3
50179;5;3
50180;5;3
50181;5;3
50182;5;4
50183;5;1
50184;5;3
50185;5;1
50186;5;3
50187;5;1
50188;5;1
50189;5;1
50190;5;3
50191;5;4
50192;5;3
50193;5;1
50194;5;3
50195;5;4
50196;5;4
50197;5;3
50198;5;3
50199;5;3
50200;5;1
50201;5;4
50202;5;1
50203;5;4
50204;5;3
50205;5;2
50206;5;3
50207;5;4
50208;5;1
50209;5;3
50210;5;3
50211;5;1
50212;5;1
50213;5;3
50214;5;3
50215;5;4
50216;5;4
50217;5;4
50218;5;1
50219;5;2
50220;5;3
50221;5;2
50222;5;1
50223;5;3
50224;5;1
50225;5;4
50226;5;1
50227;5;1
50228;5;3
50229;5;1
50230;5;4
50231;5;1
50232;5;1
50233;5;3
50234;5;3
50235;5;4
50236;5;3
50237;5;4
50238;5;3
50239;5;3
50240;5;3
50241;5;3
50242;5;4
50243;5;1
50244;5;4
50245;5;4
50246;5;4
50247;5;1
50248;5;1
50249;5;1
50250;5;3
50251;5;4
50252;5;4
50253;5;4
50254;5;3
50255;5;4
50256;5;4
50257;5;2
50258;5;3
50259;5;4
50260;5;4
50261;5;1
50262;5;3
50263;5;3
50264;5;4
50265;5;4
50266;5;4
50267;5;3
50268;5;1
50269;5;1
50270;5;1
50271;5;1
50272;5;4
50273;5;1
50274;5;3
50275;5;4
50276;5;1
50277;5;3
50278;5;4
50279;5;1
50280;5;3
50281;5;4
50282;5;4
50283;5;4
50284;5;3
50285;5;3
50286;5;2
50287;5;3
50288;5;1
50289;5;4
50290;5;4
50291;5;1
50292;5;4
50293;5;3
50294;5;1
50295;5;3
50296;5;3
50297;5;3
50298;5;4
50299;5;3
50300;5;4
50301;5;4
50302;5;3
50303;5;3
50304;5;3
50305;5;4
50306;5;1
50307;5;3
50308;5;3
50309;5;4
50310;5;4
50311;5;3
50312;5;3
50313;5;3
50314;5;4
50315;5;3
50316;5;4
50317;5;3
50318;5;1
50319;5;4
50320;5;3
50321;5;3
50322;5;1
50323;5;3
50324;5;3
50325;5;4
50326;5;3
50327;5;2
50328;5;4
50329;5;1
50330;5;3
50331;5;3
50332;5;3
50333;5;4
50334;5;4
50335;5;1
50336;5;1
50337;5;1
50338;5;1
50339;5;3
50340;5;4
50341;5;4
50342;5;1
50343;5;1
50344;5;3
50345;5;1
50346;5;4
50347;5;4
50348;5;4
50349;5;3
50350;5;4
50351;5;4
50352;5;3
50353;5;1
50354;5;4
50355;5;4
50356;5;4
50357;5;4
50358;5;3
50359;5;3
50360;5;4
50361;5;4
50362;5;4
50363;5;1
50364;5;4
50365;5;3
50366;5;4
50367;5;4
50368;5;4
50369;5;4
50370;5;4
50371;5;3
50372;5;3
50373;5;4
50374;5;3
50375;5;3
50376;5;4
50377;5;4
50378;5;4
50379;5;3
50380;5;4
50381;5;2
50382;5;4
50383;5;1
50384;5;1
50385;5;3
50386;5;3
50387;5;4
50388;5;4
50389;5;3
50390;5;4
50391;5;2
50392;5;1
50393;5;3
50394;5;4
50395;5;4
50396;5;4
50397;5;4
50398;5;4
50399;5;1
50400;5;4
50401;5;1
50402;5;3
50403;5;3
50404;5;1
50405;5;3
50406;5;3
50407;5;1
50408;5;4
50409;5;4
50410;5;4
50411;5;1
50412;5;4
50413;5;3
50414;5;4
50415;5;4
50416;5;4
50417;5;4
50418;5;4
50419;5;4
50420;5;1
50421;5;4
50422;5;4
50423;5;4
50424;5;4
50425;5;4
50426;5;1
50427;5;3
50428;5;4
50429;5;4
50430;5;4
50431;5;3
50432;5;1
50433;5;1
50434;5;3
50435;5;4
50436;5;4
50437;5;1
50438;5;3
50439;5;3
50440;5;1
50441;5;4
50442;5;3
50443;5;4
50444;5;1
50445;5;4
50446;5;1
50447;5;4
50448;5;1
50449;5;4
50450;5;4
50451;5;4
50452;5;2
50453;5;3
50454;5;4
50455;5;4
50456;5;3
50457;5;3
50458;5;4
50459;5;4
50460;5;4
50461;5;3
50462;5;4
50463;5;1
50464;5;3
50465;5;3
50466;5;3
50467;5;4
50468;5;1
50469;5;1
50470;5;4
50471;5;3
50472;5;4
50473;5;4
50474;5;4
50475;5;1
50476;5;1
50477;5;4
50478;5;1
50479;5;4
50480;5;3
50481;5;3
50482;5;4
50483;5;3
50484;5;1
50485;5;3
50486;5;3
50487;5;3
50488;5;4
50489;5;4
50490;5;3
50491;5;3
50492;5;4
50493;5;3
50494;5;3
50495;5;4
50496;5;4
50497;5;2
50498;5;4
50499;5;3
50500;5;4
50501;5;1
50502;5;3
50503;5;4
50504;5;4
50505;5;4
50506;5;4
50507;5;4
50508;5;4
50509;5;3
50510;5;4
50511;5;4
50512;5;4
50513;5;4
50514;5;4
50515;5;4
50516;5;1
50517;5;3
50518;5;3
50519;5;1
50520;5;1
50521;5;3
50522;5;3
50523;5;4
50524;5;4
50525;5;4
50526;5;1
50527;5;3
50528;5;4
50529;5;3
50530;5;1
50531;5;4
50532;5;4
50533;5;3
50534;5;3
50535;5;1
50536;5;4
50537;5;1
50538;5;3
50539;5;3
50540;5;2
50541;5;1
50542;5;4
50543;5;3
50544;5;4
50545;5;4
50546;5;4
50547;5;1
50548;5;4
50549;5;3
50550;5;1
50551;5;4
50552;5;3
50553;5;1
50554;5;4
50555;5;3
50556;5;1
50557;5;3
50558;5;4
50559;5;1
50560;5;3
50561;5;3
50562;5;3
50563;5;4
50564;5;4
50565;5;3
50566;5;1
50567;5;3
50568;5;4
50569;5;3
50570;5;4
50571;5;4
50572;5;3
50573;5;3
50574;5;1
50575;5;3
50576;5;1
50577;5;4
50578;5;1
50579;5;1
50580;5;4
50581;5;3
50582;5;3
50583;5;2
50584;5;4
50585;5;3
50586;5;4
50587;5;3
50588;5;4
50589;5;3
50590;5;4
50591;5;1
50592;5;1
50593;5;3
50594;5;4
50595;5;4
50596;5;4
50597;5;4
50598;5;4
50599;5;2
50600;5;4
50601;5;3
50602;5;4
50603;5;4
50604;5;1
50605;5;1
50606;5;3
50607;5;4
50608;5;4
50609;5;1
50610;5;4
50611;5;4
50612;5;4
50613;5;1
50614;5;3
50615;5;4
50616;5;3
50617;5;1
50618;5;4
50619;5;4
50620;5;4
50621;5;3
50622;5;1
50623;5;4
50624;5;4
50625;5;1
50626;5;3
50627;5;2
50628;5;1
50629;5;3
50630;5;3
50631;5;4
50632;5;4
50633;5;1
50634;5;3
50635;5;4
50636;5;3
50637;5;3
50638;5;4
50639;5;4
50640;5;3
50641;5;4
50642;5;3
50643;5;3
50644;5;2
50645;5;3
50646;5;3
50647;5;4
50648;5;4
50649;5;3
50650;5;3
50651;5;4
50652;5;1
50653;5;4
50654;5;3
50655;5;3
50656;5;4
50657;5;1
50658;5;4
50659;5;4
50660;5;3
50661;5;3
50662;5;4
50663;5;1
50664;5;3
50665;5;4
50666;5;3
50667;5;1
50668;5;3
50669;5;4
50670;5;1
50671;5;1
50672;5;4
50673;5;4
50674;5;3
50675;5;3
50676;5;4
50677;5;4
50678;5;1
50679;5;1
50680;5;4
50681;5;4
50682;5;4
50683;5;3
50684;5;4
50685;5;3
50686;5;1
50687;5;1
50688;5;1
50689;5;1
50690;5;4
50691;5;4
50692;5;1
50693;5;4
50694;5;1
50695;5;1
50696;5;1
50697;5;1
50698;5;1
50699;5;4
50700;5;2
50701;5;4
50702;5;4
50703;5;1
50704;5;3
50705;5;4
50706;5;3
50707;5;3
50708;5;4
50709;5;3
50710;5;4
50711;5;3
50712;5;4
50713;5;3
50714;5;4
50715;5;4
50716;5;3
50717;5;1
50718;5;3
50719;5;4
50720;5;3
50721;5;3
50722;5;3
50723;5;4
50724;5;4
50725;5;3
50726;5;3
50727;5;3
50728;5;3
50729;5;4
50730;5;4
50731;5;3
50732;5;3
50733;5;4
50734;5;4
50735;5;1
50736;5;2
50737;5;1
50738;5;4
50739;5;1
50740;5;3
50741;5;1
50742;5;3
50743;5;3
50744;5;4
50745;5;4
50746;5;3
50747;5;3
50748;5;1
50749;5;1
50750;5;3
50751;5;1
50752;5;3
50753;5;3
50754;5;1
50755;5;4
50756;5;3
50757;5;4
50758;5;1
50759;5;4
50760;5;4
50761;5;3
50762;5;4
50763;5;3
50764;5;3
50765;5;3
50766;5;4
50767;5;1
50768;5;1
50769;5;3
50770;5;2
50771;5;4
50772;5;3
50773;5;4
50774;5;4
50775;5;1
50776;5;4
50777;5;4
50778;5;4
50779;5;1
50780;5;3
50781;5;1
50782;5;3
50783;5;4
50784;5;1
50785;5;3
50786;5;3
50787;5;3
50788;5;4
50789;5;3
50790;5;4
50791;5;3
50792;5;3
50793;5;3
50794;5;3
50795;5;4
50796;5;1
50797;5;1
50798;5;3
50799;5;3
50800;5;4
50801;5;3
50802;5;3
50803;5;3
50804;5;3
50805;5;4
50806;5;3
50807;5;3
50808;5;4
50809;5;3
50810;5;4
50811;5;3
50812;5;3
50813;5;4
50814;5;3
50815;5;3
50816;5;1
50817;5;1
50818;5;4
50819;5;1
50820;5;3
50821;5;3
50822;5;3
50823;5;3
50824;5;3
50825;5;3
50826;5;4
50827;5;4
50828;5;4
50829;5;1
50830;5;4
50831;5;4
50832;5;3
50833;5;1
50834;5;4
50835;5;4
50836;5;1
50837;5;4
50838;5;4
50839;5;4
50840;5;1
50841;5;3
50842;5;4
50843;5;3
50844;5;3
50845;5;1
50846;5;1
50847;5;3
50848;5;4
50849;5;3
50850;5;3
50851;5;2
50852;5;3
50853;5;4
50854;5;3
50855;5;3
50856;5;1
50857;5;1
50858;5;3
50859;5;3
50860;5;3
50861;5;3
50862;5;4
50863;5;4
50864;5;3
50865;5;3
50866;5;1
50867;5;1
50868;5;3
50869;5;4
50870;5;4
50871;5;3
50872;5;1
50873;5;4
50874;5;1
50875;5;3
50876;5;1
50877;5;4
50878;5;4
50879;5;4
50880;5;4
50881;5;1
50882;5;1
50883;5;4
50884;5;4
50885;5;1
50886;5;3
50887;5;3
50888;5;4
50889;5;4
50890;5;3
50891;5;4
50892;5;1
50893;5;3
50894;5;1
50895;5;4
50896;5;4
50897;5;3
50898;5;3
50899;5;3
50900;5;1
50901;5;4
50902;5;3
50903;5;3
50904;5;1
50905;5;4
50906;5;4
50907;5;1
50908;5;1
50909;5;4
50910;5;4
50911;5;4
50912;5;3
50913;5;1
50914;5;3
50915;5;4
50916;5;3
50917;5;4
50918;5;4
50919;5;1
50920;5;4
50921;5;3
50922;5;4
50923;5;3
50924;5;3
50925;5;3
50926;5;1
50927;5;3
50928;5;3
50929;5;3
50930;5;3
50931;5;1
50932;5;3
50933;5;3
50934;5;3
50935;5;3
50936;5;3
50937;5;4
50938;5;3
50939;5;4
50940;5;3
50941;5;4
50942;5;3
50943;5;4
50944;5;1
50945;5;1
50946;5;2
50947;5;1
50948;5;1
50949;5;3
50950;5;3
50951;5;1
50952;5;3
50953;5;3
50954;5;3
50955;5;3
50956;5;3
50957;5;3
50958;5;3
50959;5;3
50960;5;1
50961;5;3
50962;5;4
50963;5;4
50964;5;3
50965;5;4
50966;5;4
50967;5;4
50968;5;3
50969;5;4
50970;5;1
50971;5;4
50972;5;4
50973;5;4
50974;5;3
50975;5;4
50976;5;1
50977;5;4
50978;5;4
50979;5;4
50980;5;3
50981;5;4
50982;5;1
50983;5;2
50984;5;4
50985;5;4
50986;5;1
50987;5;1
50988;5;3
50989;5;3
50990;5;4
50991;5;1
50992;5;3
50993;5;4
50994;5;3
50995;5;4
50996;5;3
50997;5;3
50998;5;4
50999;5;4
51000;5;4
51001;5;3
51002;5;3
51003;5;3
51004;5;4
51005;5;1
51006;5;3
51007;5;3
51008;5;3
51009;5;3
51010;5;4
51011;5;4
51012;5;4
51013;5;3
51014;5;3
51015;5;4
51016;5;3
51017;5;3
51018;5;1
51019;5;3
51020;5;3
51021;5;3
51022;5;4
51023;5;4
51024;5;3
51025;5;4
51026;5;1
51027;5;3
51028;5;4
51029;5;4
51030;5;1
51031;5;4
51032;5;4
51033;5;4
51034;5;4
51035;5;4
51036;5;4
51037;5;3
51038;5;1
51039;5;3
51040;5;1
51041;5;4
51042;5;1
51043;5;3
51044;5;1
51045;5;1
51046;5;1
51047;5;1
51048;5;4
51049;5;4
51050;5;4
51051;5;1
51052;5;4
51053;5;1
51054;5;1
51055;5;3
51056;5;1
51057;5;4
51058;5;3
51059;5;1
51060;5;3
51061;5;3
51062;5;4
51063;5;3
51064;5;3
51065;5;2
51066;5;1
51067;5;3
51068;5;3
51069;5;4
51070;5;3
51071;5;1
51072;5;3
51073;5;4
51074;5;3
51075;5;1
51076;5;4
51077;5;4
51078;5;3
51079;5;1
51080;5;4
51081;5;4
51082;5;3
51083;5;4
51084;5;4
51085;5;4
51086;5;3
51087;5;3
51088;5;3
51089;5;1
51090;5;3
51091;5;4
51092;5;4
51093;5;1
51094;5;3
51095;5;1
51096;5;3
51097;5;3
51098;5;3
51099;5;3
51100;5;4
51101;5;3
51102;5;4
51103;5;3
51104;5;4
51105;5;3
51106;5;1
51107;5;3
51108;5;3
51109;5;4
51110;5;1
51111;5;4
51112;5;2
51113;5;3
51114;5;1
51115;5;1
51116;5;4
51117;5;1
51118;5;4
51119;5;1
51120;5;4
51121;5;3
51122;5;1
51123;5;3
51124;5;4
51125;5;4
51126;5;3
51127;5;4
51128;5;1
51129;5;4
51130;5;3
51131;5;3
51132;5;3
51133;5;1
51134;5;4
51135;5;4
51136;5;4
51137;5;1
51138;5;1
51139;5;4
51140;5;1
51141;5;3
51142;5;3
51143;5;1
51144;5;3
51145;5;1
51146;5;4
51147;5;1
51148;5;1
51149;5;3
51150;5;3
51151;5;4
51152;5;1
51153;5;4
51154;5;1
51155;5;1
51156;5;1
51157;5;4
51158;5;1
51159;5;4
51160;5;3
51161;5;1
51162;5;4
51163;5;4
51164;5;3
51165;5;3
51166;5;1
51167;5;4
51168;5;4
51169;5;4
51170;5;4
51171;5;1
51172;5;3
51173;5;1
51174;5;3
51175;5;3
51176;5;1
51177;5;3
51178;5;4
51179;5;4
51180;5;4
51181;5;2
51182;5;3
51183;5;1
51184;5;3
51185;5;1
51186;5;3
51187;5;1
51188;5;1
51189;5;2
51190;5;3
51191;5;1
51192;5;1
51193;5;1
51194;5;3
51195;5;1
51196;5;1
51197;5;2
51198;5;3
51199;5;1
51200;5;1
51201;5;3
51202;5;4
51203;5;4
51204;5;3
51205;5;4
51206;5;3
51207;5;4
51208;5;2
51209;5;4
51210;5;3
51211;5;3
51212;5;3
51213;5;4
51214;5;1
51215;5;1
51216;5;3
51217;5;3
51218;5;4
51219;5;4
51220;5;3
51221;5;1
51222;5;4
51223;5;4
51224;5;3
51225;5;4
51226;5;3
51227;5;4
51228;5;4
51229;5;1
51230;5;1
51231;5;4
51232;5;1
51233;5;3
51234;5;1
51235;5;4
51236;5;4
51237;5;3
51238;5;3
51239;5;1
51240;5;3
51241;5;1
51242;5;1
51243;5;3
51244;5;4
51245;5;1
51246;5;3
51247;5;3
51248;5;1
51249;5;4
51250;5;1
51251;5;1
51252;5;3
51253;5;3
51254;5;3
51255;5;4
51256;5;4
51257;5;1
51258;5;3
51259;5;1
51260;5;3
51261;5;4
51262;5;3
51263;5;4
51264;5;3
51265;5;1
51266;5;4
51267;5;1
51268;5;1
51269;5;2
51270;5;3
51271;5;3
51272;5;3
51273;5;4
51274;5;4
51275;5;1
51276;5;3
51277;5;4
51278;5;1
51279;5;1
51280;5;1
51281;5;1
51282;5;3
51283;5;4
51284;5;3
51285;5;4
51286;5;1
51287;5;4
51288;5;3
51289;5;1
51290;5;4
51291;5;1
51292;5;4
51293;5;4
51294;5;4
51295;5;1
51296;5;1
51297;5;1
51298;5;4
51299;5;4
51300;5;4
51301;5;3
51302;5;4
51303;5;3
51304;5;4
51305;5;3
51306;5;1
51307;5;3
51308;5;3
51309;5;3
51310;5;3
51311;5;3
51312;5;3
51313;5;3
51314;5;3
51315;5;3
51316;5;3
51317;5;3
51318;5;3
51319;5;3
51320;5;4
51321;5;4
51322;5;3
51323;5;3
51324;5;3
51325;5;3
51326;5;1
51327;5;3
51328;5;4
51329;5;4
51330;5;4
51331;5;4
51332;5;3
51333;5;1
51334;5;4
51335;5;4
51336;5;1
51337;5;4
51338;5;1
51339;5;4
51340;5;1
51341;5;3
51342;5;1
51343;5;4
51344;5;3
51345;5;4
51346;5;4
51347;5;3
51348;5;4
51349;5;1
51350;5;1
51351;5;4
51352;5;3
51353;5;4
51354;5;4
51355;5;1
51356;5;3
51357;5;4
51358;5;3
51359;5;3
51360;5;3
51361;5;3
51362;5;3
51363;5;4
51364;5;3
51365;5;3
51366;5;3
51367;5;3
51368;5;3
51369;5;4
51370;5;4
51371;5;4
51372;5;3
51373;5;2
51374;5;3
51375;5;3
51376;5;1
51377;5;3
51378;5;4
51379;5;3
51380;5;1
51381;5;4
51382;5;3
51383;5;1
51384;5;3
51385;5;4
51386;5;4
51387;5;3
51388;5;3
51389;5;3
51390;5;4
51391;5;1
51392;5;3
51393;5;3
51394;5;4
51395;5;2
51396;5;4
51397;5;3
51398;5;3
51399;5;4
51400;5;3
51401;5;3
51402;5;3
51403;5;1
51404;5;4
51405;5;4
51406;5;4
51407;5;3
51408;5;3
51409;5;3
51410;5;3
51411;5;3
51412;5;4
51413;5;1
51414;5;4
51415;5;3
51416;5;1
51417;5;3
51418;5;3
51419;5;3
51420;5;3
51421;5;4
51422;5;1
51423;5;4
51424;5;3
51425;5;3
51426;5;3
51427;5;3
51428;5;3
51429;5;3
51430;5;1
51431;5;4
51432;5;4
51433;5;3
51434;5;3
51435;5;4
51436;5;3
51437;5;4
51438;5;3
51439;5;4
51440;5;3
51441;5;4
51442;5;1
51443;5;1
51444;5;1
51445;5;4
51446;5;3
51447;5;1
51448;5;3
51449;5;3
51450;5;1
51451;5;4
51452;5;4
51453;5;4
51454;5;3
51455;5;3
51456;5;3
51457;5;4
51458;5;3
51459;5;3
51460;5;3
51461;5;4
51462;5;4
51463;5;4
51464;5;4
51465;5;1
51466;5;4
51467;5;3
51468;5;4
51469;5;4
51470;5;3
51471;5;3
51472;5;3
51473;5;4
51474;5;4
51475;5;1
51476;5;4
51477;5;4
51478;5;3
51479;5;1
51480;5;1
51481;5;3
51482;5;1
51483;5;4
51484;5;3
51485;5;4
51486;5;4
51487;5;4
51488;5;1
51489;5;3
51490;5;3
51491;5;1
51492;5;4
51493;5;1
51494;5;4
51495;5;1
51496;5;1
51497;5;4
51498;5;1
51499;5;3
51500;5;1
51501;5;3
51502;5;3
51503;5;4
51504;5;3
51505;5;3
51506;5;3
51507;5;3
51508;5;2
51509;5;4
51510;5;1
51511;5;4
51512;5;1
51513;5;4
51514;5;3
51515;5;4
51516;5;4
51517;5;1
51518;5;3
51519;5;3
51520;5;3
51521;5;4
51522;5;4
51523;5;3
51524;5;4
51525;5;4
51526;5;1
51527;5;1
51528;5;3
51529;5;1
51530;5;3
51531;5;1
51532;5;4
51533;5;1
51534;5;1
51535;5;1
51536;5;3
51537;5;3
51538;5;1
51539;5;3
51540;5;3
51541;5;3
51542;5;4
51543;5;3
51544;5;3
51545;5;1
51546;5;3
51547;5;3
51548;5;4
51549;5;1
51550;5;1
51551;5;3
51552;5;4
51553;5;3
51554;5;1
51555;5;1
51556;5;3
51557;5;3
51558;5;4
51559;5;4
51560;5;3
51561;5;2
51562;5;4
51563;5;3
51564;5;3
51565;5;1
51566;5;4
51567;5;3
51568;5;1
51569;5;4
51570;5;4
51571;5;4
51572;5;1
51573;5;3
51574;5;3
51575;5;3
51576;5;4
51577;5;4
51578;5;3
51579;5;3
51580;5;4
51581;5;1
51582;5;4
51583;5;4
51584;5;3
51585;5;3
51586;5;3
51587;5;4
51588;5;4
51589;5;4
51590;5;3
51591;5;3
51592;5;3
51593;5;1
51594;5;4
51595;5;4
51596;5;1
51597;5;4
51598;5;4
51599;5;2
51600;5;3
51601;5;3
51602;5;3
51603;5;1
51604;5;3
51605;5;3
51606;5;3
51607;5;3
51608;5;3
51609;5;1
51610;5;1
51611;5;1
51612;5;4
51613;5;1
51614;5;4
51615;5;4
51616;5;4
51617;5;3
51618;5;3
51619;5;3
51620;5;4
51621;5;1
51622;5;3
51623;5;4
51624;5;3
51625;5;4
51626;5;1
51627;5;3
51628;5;4
51629;5;3
51630;5;4
51631;5;3
51632;5;3
51633;5;4
51634;5;1
51635;5;2
51636;5;1
51637;5;3
51638;5;3
51639;5;4
51640;5;4
51641;5;3
51642;5;4
51643;5;3
51644;5;1
51645;5;4
51646;5;4
51647;5;4
51648;5;4
51649;5;4
51650;5;4
51651;5;3
51652;5;1
51653;5;4
51654;5;4
51655;5;1
51656;5;4
51657;5;3
51658;5;3
51659;5;4
51660;5;3
51661;5;1
51662;5;4
51663;5;3
51664;5;1
51665;5;4
51666;5;4
51667;5;1
51668;5;1
51669;5;3
51670;5;3
51671;5;1
51672;5;3
51673;5;1
51674;5;4
51675;5;4
51676;5;1
51677;5;4
51678;5;3
51679;5;4
51680;5;1
51681;5;1
51682;5;3
51683;5;3
51684;5;1
51685;5;3
51686;5;4
51687;5;1
51688;5;3
51689;5;4
51690;5;3
51691;5;3
51692;5;3
51693;5;4
51694;5;3
51695;5;3
51696;5;3
51697;5;4
51698;5;3
51699;5;1
51700;5;1
51701;5;3
51702;5;3
51703;5;4
51704;5;3
51705;5;4
51706;5;1
51707;5;2
51708;5;3
51709;5;3
51710;5;4
51711;5;3
51712;5;2
51713;5;2
51714;5;1
51715;5;3
51716;5;1
51717;5;4
51718;5;3
51719;5;4
51720;5;3
51721;5;4
51722;5;1
51723;5;3
51724;5;3
51725;5;1
51726;5;4
51727;5;3
51728;5;3
51729;5;1
51730;5;4
51731;5;1
51732;5;3
51733;5;4
51734;5;4
51735;5;3
51736;5;3
51737;5;3
51738;5;4
51739;5;1
51740;5;1
51741;5;3
51742;5;3
51743;5;4
51744;5;3
51745;5;3
51746;5;3
51747;5;4
51748;5;4
51749;5;1
51750;5;3
51751;5;3
51752;5;3
51753;5;4
51754;5;3
51755;5;4
51756;5;3
51757;5;4
51758;5;3
51759;5;3
51760;5;3
51761;5;1
51762;5;1
51763;5;1
51764;5;4
51765;5;4
51766;5;3
51767;5;3
51768;5;4
51769;5;1
51770;5;4
51771;5;1
51772;5;3
51773;5;4
51774;5;1
51775;5;1
51776;5;3
51777;5;4
51778;5;3
51779;5;4
51780;5;4
51781;5;3
51782;5;3
51783;5;3
51784;5;3
51785;5;4
51786;5;1
51787;5;4
51788;5;1
51789;5;1
51790;5;3
51791;5;3
51792;5;4
51793;5;4
51794;5;4
51795;5;3
51796;5;3
51797;5;3
51798;5;3
51799;5;3
51800;5;3
51801;5;1
51802;5;3
51803;5;4
51804;5;4
51805;5;4
51806;5;3
51807;5;4
51808;5;3
51809;5;1
51810;5;3
51811;5;4
51812;5;4
51813;5;3
51814;5;3
51815;5;3
51816;5;3
51817;5;3
51818;5;4
51819;5;1
51820;5;3
51821;5;3
51822;5;4
51823;5;4
51824;5;4
51825;5;4
51826;5;3
51827;5;3
51828;5;4
51829;5;4
51830;5;4
51831;5;3
51832;5;3
51833;5;4
51834;5;4
51835;5;4
51836;5;1
51837;5;4
51838;5;4
51839;5;1
51840;5;3
51841;5;4
51842;5;3
51843;5;4
51844;5;1
51845;5;4
51846;5;2
51847;5;3
51848;5;4
51849;5;3
51850;5;3
51851;5;1
51852;5;4
51853;5;4
51854;5;1
51855;5;3
51856;5;1
51857;5;4
51858;5;4
51859;5;4
51860;5;2
51861;5;1
51862;5;3
51863;5;3
51864;5;3
51865;5;3
51866;5;3
51867;5;3
51868;5;3
51869;5;3
51870;5;3
51871;5;1
51872;5;4
51873;5;3
51874;5;4
51875;5;3
51876;5;2
51877;5;3
51878;5;4
51879;5;3
51880;5;3
51881;5;4
51882;5;3
51883;5;3
51884;5;4
51885;5;3
51886;5;4
51887;5;3
51888;5;3
51889;5;4
51890;5;4
51891;5;4
51892;5;3
51893;5;4
51894;5;3
51895;5;3
51896;5;4
51897;5;3
51898;5;3
51899;5;4
51900;5;4
51901;5;1
51902;5;3
51903;5;3
51904;5;1
51905;5;3
51906;5;3
51907;5;4
51908;5;1
51909;5;4
51910;5;4
51911;5;1
51912;5;4
51913;5;3
51914;5;3
51915;5;2
51916;5;1
51917;5;4
51918;5;4
51919;5;1
51920;5;4
51921;5;4
51922;5;4
51923;5;3
51924;5;3
51925;5;4
51926;5;4
51927;5;1
51928;5;4
51929;5;4
51930;5;1
51931;5;4
51932;5;4
51933;5;4
51934;5;3
51935;5;3
51936;5;3
51937;5;3
51938;5;1
51939;5;3
51940;5;4
51941;5;4
51942;5;4
51943;5;1
51944;5;4
51945;5;4
51946;5;4
51947;5;1
51948;5;1
51949;5;3
51950;5;1
51951;5;3
51952;5;3
51953;5;1
51954;5;3
51955;5;1
51956;5;4
51957;5;3
51958;5;3
51959;5;3
51960;5;1
51961;5;1
51962;5;1
51963;5;1
51964;5;3
51965;5;3
51966;5;3
51967;5;1
51968;5;3
51969;5;1
51970;5;4
51971;5;3
51972;5;3
51973;5;4
51974;5;1
51975;5;4
51976;5;1
51977;5;3
51978;5;3
51979;5;4
51980;5;3
51981;5;3
51982;5;4
51983;5;3
51984;5;4
51985;5;1
51986;5;3
51987;5;3
51988;5;3
51989;5;3
51990;5;3
51991;5;4
51992;5;3
51993;5;3
51994;5;4
51995;5;3
51996;5;3
51997;5;4
51998;5;4
51999;5;1
52000;5;3
52001;5;1
52002;5;3
52003;5;1
52004;5;3
52005;5;1
52006;5;3
52007;5;3
52008;5;3
52009;5;3
52010;5;4
52011;5;4
52012;5;3
52013;5;1
52014;5;4
52015;5;4
52016;5;1
52017;5;4
52018;5;1
52019;5;4
52020;5;1
52021;5;3
52022;5;1
52023;5;3
52024;5;3
52025;5;1
52026;5;3
52027;5;3
52028;5;4
52029;5;4
52030;5;4
52031;5;3
52032;5;1
52033;5;3
52034;5;3
52035;5;3
52036;5;1
52037;5;4
52038;5;3
52039;5;1
52040;5;3
52041;5;4
52042;5;3
52043;5;4
52044;5;3
52045;5;1
52046;5;1
52047;5;3
52048;5;4
52049;5;3
52050;5;4
52051;5;3
52052;5;4
52053;5;3
52054;5;3
52055;5;3
52056;5;3
52057;5;3
52058;5;3
52059;5;4
52060;5;4
52061;5;3
52062;5;4
52063;5;3
52064;5;3
52065;5;1
52066;5;4
52067;5;1
52068;5;3
52069;5;4
52070;5;3
52071;5;3
52072;5;3
52073;5;3
52074;5;4
52075;5;3
52076;5;3
52077;5;1
52078;5;4
52079;5;4
52080;5;3
52081;5;3
52082;5;4
52083;5;3
52084;5;4
52085;5;3
52086;5;3
52087;5;3
52088;5;3
52089;5;4
52090;5;3
52091;5;2
52092;5;1
52093;5;4
52094;5;3
52095;5;4
52096;5;4
52097;5;4
52098;5;4
52099;5;4
52100;5;4
52101;5;4
52102;5;4
52103;5;4
52104;5;3
52105;5;3
52106;5;1
52107;5;3
52108;5;1
52109;5;4
52110;5;3
52111;5;4
52112;5;4
52113;5;3
52114;5;4
52115;5;1
52116;5;3
52117;5;4
52118;5;3
52119;5;3
52120;5;1
52121;5;4
52122;5;3
52123;5;1
52124;5;1
52125;5;3
52126;5;4
52127;5;4
52128;5;3
52129;5;1
52130;5;1
52131;5;3
52132;5;3
52133;5;3
52134;5;3
52135;5;2
52136;5;3
52137;5;3
52138;5;1
52139;5;3
52140;5;3
52141;5;4
52142;5;1
52143;5;3
52144;5;1
52145;5;3
52146;5;4
52147;5;3
52148;5;4
52149;5;4
52150;5;1
52151;5;4
52152;5;3
52153;5;1
52154;5;3
52155;5;3
52156;5;3
52157;5;3
52158;5;3
52159;5;3
52160;5;1
52161;5;4
52162;5;3
52163;5;1
52164;5;1
52165;5;4
52166;5;3
52167;5;3
52168;5;1
52169;5;4
52170;5;4
52171;5;3
52172;5;3
52173;5;3
52174;5;3
52175;5;3
52176;5;3
52177;5;3
52178;5;3
52179;5;4
52180;5;3
52181;5;4
52182;5;1
52183;5;3
52184;5;3
52185;5;3
52186;5;1
52187;5;4
52188;5;1
52189;5;3
52190;5;3
52191;5;3
52192;5;1
52193;5;1
52194;5;3
52195;5;3
52196;5;4
52197;5;4
52198;5;4
52199;5;3
52200;5;3
52201;5;4
52202;5;3
52203;5;3
52204;5;3
52205;5;4
52206;5;4
52207;5;4
52208;5;4
52209;5;4
52210;5;3
52211;5;3
52212;5;3
52213;5;3
52214;5;4
52215;5;3
52216;5;4
52217;5;4
52218;5;3
52219;5;3
52220;5;4
52221;5;3
52222;5;4
52223;5;4
52224;5;1
52225;5;4
52226;5;4
52227;5;3
52228;5;4
52229;5;4
52230;5;4
52231;5;3
52232;5;1
52233;5;3
52234;5;3
52235;5;1
52236;5;4
52237;5;4
52238;5;3
52239;5;3
52240;5;3
52241;5;2
52242;5;3
52243;5;1
52244;5;3
52245;5;2
52246;5;4
52247;5;3
52248;5;3
52249;5;3
52250;5;3
52251;5;4
52252;5;3
52253;5;3
52254;5;4
52255;5;4
52256;5;3
52257;5;3
52258;5;3
52259;5;1
52260;5;4
52261;5;4
52262;5;4
52263;5;3
52264;5;4
52265;5;3
52266;5;1
52267;5;3
52268;5;1
52269;5;1
52270;5;4
52271;5;1
52272;5;4
52273;5;2
52274;5;1
52275;5;4
52276;5;4
52277;5;1
52278;5;3
52279;5;3
52280;5;4
52281;5;3
52282;5;3
52283;5;1
52284;5;3
52285;5;4
52286;5;3
52287;5;1
52288;5;1
52289;5;4
52290;5;3
52291;5;1
52292;5;4
52293;5;3
52294;5;3
52295;5;3
52296;5;3
52297;5;4
52298;5;1
52299;5;3
52300;5;3
52301;5;4
52302;5;3
52303;5;4
52304;5;4
52305;5;1
52306;5;1
52307;5;3
52308;5;3
52309;5;1
52310;5;3
52311;5;3
52312;5;2
52313;5;1
52314;5;4
52315;5;3
52316;5;3
52317;5;3
52318;5;4
52319;5;1
52320;5;1
52321;5;4
52322;5;3
52323;5;4
52324;5;4
52325;5;3
52326;5;4
52327;5;3
52328;5;4
52329;5;3
52330;5;4
52331;5;3
52332;5;4
52333;5;4
52334;5;4
52335;5;1
52336;5;1
52337;5;4
52338;5;4
52339;5;2
52340;5;1
52341;5;3
52342;5;1
52343;5;4
52344;5;4
52345;5;4
52346;5;1
52347;5;1
52348;5;3
52349;5;3
52350;5;3
52351;5;3
52352;5;3
52353;5;3
52354;5;4
52355;5;3
52356;5;3
52357;5;4
52358;5;3
52359;5;3
52360;5;4
52361;5;4
52362;5;4
52363;5;1
52364;5;4
52365;5;3
52366;5;4
52367;5;3
52368;5;3
52369;5;1
52370;5;3
52371;5;3
52372;5;4
52373;5;1
52374;5;1
52375;5;3
52376;5;4
52377;5;4
52378;5;3
52379;5;4
52380;5;4
52381;5;4
52382;5;4
52383;5;4
52384;5;4
52385;5;4
52386;5;3
52387;5;1
52388;5;4
52389;5;1
52390;5;4
52391;5;4
52392;5;1
52393;5;1
52394;5;3
52395;5;3
52396;5;1
52397;5;1
52398;5;3
52399;5;1
52400;5;1
52401;5;3
52402;5;4
52403;5;4
52404;5;4
52405;5;2
52406;5;1
52407;5;4
52408;5;3
52409;5;4
52410;5;4
52411;5;4
52412;5;3
52413;5;4
52414;5;3
52415;5;4
52416;5;1
52417;5;3
52418;5;3
52419;5;4
52420;5;3
52421;5;4
52422;5;3
52423;5;3
52424;5;1
52425;5;3
52426;5;3
52427;5;3
52428;5;3
52429;5;3
52430;5;1
52431;5;3
52432;5;3
52433;5;3
52434;5;3
52435;5;3
52436;5;3
52437;5;4
52438;5;4
52439;5;4
52440;5;4
52441;5;3
52442;5;3
52443;5;3
52444;5;4
52445;5;1
52446;5;4
52447;5;3
52448;5;1
52449;5;3
52450;5;3
52451;5;3
52452;5;1
52453;5;1
52454;5;4
52455;5;3
52456;5;3
52457;5;1
52458;5;4
52459;5;3
52460;5;4
52461;5;3
52462;5;4
52463;5;3
52464;5;3
52465;5;4
52466;5;3
52467;5;4
52468;5;4
52469;5;1
52470;5;3
52471;5;4
52472;5;3
52473;5;4
52474;5;1
52475;5;4
52476;5;3
52477;5;3
52478;5;3
52479;5;3
52480;5;1
52481;5;1
52482;5;1
52483;5;3
52484;5;3
52485;5;4
52486;5;4
52487;5;3
52488;5;1
52489;5;4
52490;5;3
52491;5;4
52492;5;4
52493;5;3
52494;5;3
52495;5;4
52496;5;3
52497;5;3
52498;5;4
52499;5;4
52500;5;4
52501;5;4
52502;5;4
52503;5;1
52504;5;1
52505;5;1
52506;5;1
52507;5;4
52508;5;4
52509;5;4
52510;5;4
52511;5;4
52512;5;4
52513;5;3
52514;5;4
52515;5;1
52516;5;1
52517;5;1
52518;5;1
52519;5;1
52520;5;3
52521;5;4
52522;5;3
52523;5;4
52524;5;1
52525;5;3
52526;5;3
52527;5;4
52528;5;3
52529;5;3
52530;5;4
52531;5;4
52532;5;3
52533;5;4
52534;5;4
52535;5;4
52536;5;4
52537;5;4
52538;5;4
52539;5;4
52540;5;1
52541;5;4
52542;5;4
52543;5;3
52544;5;3
52545;5;4
52546;5;3
52547;5;4
52548;5;4
52549;5;4
52550;5;3
52551;5;4
52552;5;3
52553;5;4
52554;5;4
52555;5;1
52556;5;1
52557;5;3
52558;5;4
52559;5;4
52560;5;1
52561;5;1
52562;5;4
52563;5;1
52564;5;4
52565;5;3
52566;5;3
52567;5;3
52568;5;1
52569;5;4
52570;5;4
52571;5;3
52572;5;4
52573;5;4
52574;5;4
52575;5;3
52576;5;4
52577;5;4
52578;5;1
52579;5;4
52580;5;3
52581;5;1
52582;5;1
52583;5;3
52584;5;4
52585;5;1
52586;5;1
52587;5;4
52588;5;3
52589;5;4
52590;5;3
52591;5;1
52592;5;1
52593;5;1
52594;5;3
52595;5;1
52596;5;3
52597;5;1
52598;5;1
52599;5;4
52600;5;4
52601;5;4
52602;5;1
52603;5;4
52604;5;3
52605;5;3
52606;5;3
52607;5;4
52608;5;4
52609;5;1
52610;5;3
52611;5;4
52612;5;3
52613;5;4
52614;5;4
52615;5;1
52616;5;3
52617;5;3
52618;5;4
52619;5;4
52620;5;1
52621;5;3
52622;5;4
52623;5;1
52624;5;1
52625;5;3
52626;5;4
52627;5;4
52628;5;1
52629;5;4
52630;5;4
52631;5;4
52632;5;1
52633;5;1
52634;5;1
52635;5;1
52636;5;4
52637;5;3
52638;5;1
52639;5;1
52640;5;3
52641;5;1
52642;5;4
52643;5;3
52644;5;3
52645;5;1
52646;5;2
52647;5;3
52648;5;1
52649;5;1
52650;5;1
52651;5;4
52652;5;1
52653;5;1
52654;5;3
52655;5;1
52656;5;3
52657;5;4
52658;5;3
52659;5;1
52660;5;1
52661;5;1
52662;5;1
52663;5;3
52664;5;2
52665;5;4
52666;5;4
52667;5;4
52668;5;4
52669;5;1
52670;5;3
52671;5;1
52672;5;3
52673;5;3
52674;5;1
52675;5;1
52676;5;3
52677;5;3
52678;5;4
52679;5;4
52680;5;3
52681;5;4
52682;5;2
52683;5;4
52684;5;1
52685;5;4
52686;5;4
52687;5;4
52688;5;4
52689;5;1
52690;5;1
52691;5;1
52692;5;1
52693;5;4
52694;5;4
52695;5;1
52696;5;1
52697;5;1
52698;5;1
52699;5;3
52700;5;4
52701;5;4
52702;5;4
52703;5;4
52704;5;4
52705;5;4
52706;5;4
52707;5;3
52708;5;4
52709;5;1
52710;5;3
52711;5;4
52712;5;3
52713;5;3
52714;5;4
52715;5;4
52716;5;4
52717;5;1
52718;5;1
52719;5;4
52720;5;3
52721;5;1
52722;5;1
52723;5;1
52724;5;4
52725;5;1
52726;5;4
52727;5;3
52728;5;1
52729;5;1
52730;5;4
52731;5;4
52732;5;1
52733;5;3
52734;5;2
52735;5;1
52736;5;4
52737;5;1
52738;5;4
52739;5;4
52740;5;3
52741;5;4
52742;5;3
52743;5;1
52744;5;4
52745;5;4
52746;5;4
52747;5;3
52748;5;1
52749;5;1
52750;5;3
52751;5;3
52752;5;3
52753;5;4
52754;5;1
52755;5;1
52756;5;1
52757;5;4
52758;5;4
52759;5;4
52760;5;3
52761;5;1
52762;5;3
52763;5;3
52764;5;1
52765;5;1
52766;5;1
52767;5;1
52768;5;3
52769;5;3
52770;5;4
52771;5;3
52772;5;1
52773;5;3
52774;5;3
52775;5;3
52776;5;3
52777;5;4
52778;5;4
52779;5;4
52780;5;1
52781;5;4
52782;5;1
52783;5;4
52784;5;1
52785;5;1
52786;5;1
52787;5;4
52788;5;1
52789;5;3
52790;5;1
52791;5;4
52792;5;3
52793;5;4
52794;5;3
52795;5;3
52796;5;4
52797;5;3
52798;5;1
52799;5;3
52800;5;4
52801;5;4
52802;5;4
52803;5;1
52804;5;3
52805;5;4
52806;5;4
52807;5;3
52808;5;1
52809;5;1
52810;5;4
52811;5;3
52812;5;3
52813;5;4
52814;5;1
52815;5;3
52816;5;3
52817;5;3
52818;5;4
52819;5;3
52820;5;3
52821;5;3
52822;5;1
52823;5;1
52824;5;4
52825;5;3
52826;5;4
52827;5;3
52828;5;3
52829;5;3
52830;5;4
52831;5;1
52832;5;4
52833;5;1
52834;5;4
52835;5;4
52836;5;4
52837;5;3
52838;5;1
52839;5;3
52840;5;3
52841;5;3
52842;5;1
52843;5;1
52844;5;1
52845;5;3
52846;5;1
52847;5;1
52848;5;3
52849;5;3
52850;5;4
52851;5;1
52852;5;1
52853;5;1
52854;5;1
52855;5;3
52856;5;1
52857;5;1
52858;5;1
52859;5;4
52860;5;4
52861;5;4
52862;5;4
52863;5;4
52864;5;4
52865;5;1
52866;5;1
52867;5;3
52868;5;1
52869;5;1
52870;5;4
52871;5;1
52872;5;3
52873;5;1
52874;5;4
52875;5;4
52876;5;4
52877;5;3
52878;5;3
52879;5;3
52880;5;3
52881;5;1
52882;5;3
52883;5;4
52884;5;3
52885;5;3
52886;5;1
52887;5;3
52888;5;4
52889;5;1
52890;5;4
52891;5;4
52892;5;1
52893;5;3
52894;5;1
52895;5;3
52896;5;4
52897;5;3
52898;5;1
52899;5;3
52900;5;4
52901;5;4
52902;5;4
52903;5;3
52904;5;1
52905;5;4
52906;5;1
52907;5;3
52908;5;4
52909;5;4
52910;5;3
52911;5;4
52912;5;4
52913;5;1
52914;5;3
52915;5;4
52916;5;3
52917;5;2
52918;5;3
52919;5;3
52920;5;4
52921;5;3
52922;5;1
52923;5;3
52924;5;3
52925;5;4
52926;5;4
52927;5;1
52928;5;4
52929;5;3
52930;5;3
52931;5;3
52932;5;1
52933;5;4
52934;5;3
52935;5;1
52936;5;3
52937;5;3
52938;5;3
52939;5;1
52940;5;1
52941;5;4
52942;5;4
52943;5;3
52944;5;3
52945;5;4
52946;5;3
52947;5;3
52948;5;4
52949;5;3
52950;5;4
52951;5;4
52952;5;3
52953;5;3
52954;5;4
52955;5;4
52956;5;3
52957;5;3
52958;5;4
52959;5;4
52960;5;4
52961;5;3
52962;5;3
52963;5;1
52964;5;3
52965;5;1
52966;5;1
52967;5;3
52968;5;4
52969;5;4
52970;5;3
52971;5;3
52972;5;1
52973;5;1
52974;5;3
52975;5;2
52976;5;3
52977;5;3
52978;5;4
52979;5;4
52980;5;3
52981;5;4
52982;5;3
52983;5;3
52984;5;4
52985;5;3
52986;5;3
52987;5;3
52988;5;4
52989;5;3
52990;5;4
52991;5;4
52992;5;4
52993;5;4
52994;5;4
52995;5;1
52996;5;4
52997;5;1
52998;5;3
52999;5;3
53000;5;1
53001;5;1
53002;5;4
53003;5;1
53004;5;4
53005;5;3
53006;5;3
53007;5;4
53008;5;3
53009;5;3
53010;5;1
53011;5;3
53012;5;4
53013;5;4
53014;5;4
53015;5;4
53016;5;4
53017;5;4
53018;5;3
53019;5;4
53020;5;4
53021;5;3
53022;5;4
53023;5;1
53024;5;4
53025;5;4
53026;5;4
53027;5;1
53028;5;1
53029;5;4
53030;5;4
53031;5;3
53032;5;4
53033;5;1
53034;5;4
53035;5;3
53036;5;1
53037;5;4
53038;5;3
53039;5;4
53040;5;4
53041;5;3
53042;5;1
53043;5;4
53044;5;4
53045;5;3
53046;5;3
53047;5;4
53048;5;3
53049;5;4
53050;5;3
53051;5;1
53052;5;3
53053;5;3
53054;5;4
53055;5;1
53056;5;1
53057;5;2
53058;5;4
53059;5;3
53060;5;3
53061;5;4
53062;5;2
53063;5;2
53064;5;4
53065;5;1
53066;5;4
53067;5;4
53068;5;4
53069;5;1
53070;5;4
53071;5;1
53072;5;4
53073;5;3
53074;5;4
53075;5;3
53076;5;3
53077;5;4
53078;5;3
53079;5;4
53080;5;3
53081;5;4
53082;5;3
53083;5;1
53084;5;4
53085;5;3
53086;5;3
53087;5;1
53088;5;4
53089;5;3
53090;5;4
53091;5;3
53092;5;4
53093;5;4
53094;5;4
53095;5;4
53096;5;1
53097;5;1
53098;5;4
53099;5;3
53100;5;1
53101;5;4
53102;5;1
53103;5;4
53104;5;1
53105;5;4
53106;5;1
53107;5;1
53108;5;4
53109;5;1
53110;5;3
53111;5;3
53112;5;4
53113;5;4
53114;5;1
53115;5;3
53116;5;1
53117;5;4
53118;5;4
53119;5;1
53120;5;1
53121;5;2
53122;5;3
53123;5;4
53124;5;1
53125;5;3
53126;5;4
53127;5;1
53128;5;3
53129;5;3
53130;5;4
53131;5;4
53132;5;3
53133;5;3
53134;5;3
53135;5;3
53136;5;4
53137;5;4
53138;5;4
53139;5;4
53140;5;3
53141;5;4
53142;5;4
53143;5;3
53144;5;3
53145;5;3
53146;5;3
53147;5;2
53148;5;3
53149;5;4
53150;5;4
53151;5;1
53152;5;1
53153;5;4
53154;5;4
53155;5;3
53156;5;3
53157;5;4
53158;5;3
53159;5;1
53160;5;1
53161;5;3
53162;5;4
53163;5;4
53164;5;1
53165;5;1
53166;5;4
53167;5;1
53168;5;1
53169;5;1
53170;5;1
53171;5;1
53172;5;2
53173;5;1
53174;5;1
53175;5;4
53176;5;3
53177;5;1
53178;5;4
53179;5;3
53180;5;4
53181;5;4
53182;5;3
53183;5;3
53184;5;3
53185;5;4
53186;5;4
53187;5;4
53188;5;3
53189;5;3
53190;5;4
53191;5;4
53192;5;3
53193;5;3
53194;5;4
53195;5;1
53196;5;4
53197;5;3
53198;5;4
53199;5;3
53200;5;3
53201;5;3
53202;5;1
53203;5;4
53204;5;3
53205;5;1
53206;5;4
53207;5;3
53208;5;3
53209;5;4
53210;5;3
53211;5;4
53212;5;1
53213;5;3
53214;5;1
53215;5;3
53216;5;4
53217;5;3
53218;5;1
53219;5;1
53220;5;4
53221;5;3
53222;5;1
53223;5;3
53224;5;4
53225;5;3
53226;5;4
53227;5;2
53228;5;4
53229;5;4
53230;5;1
53231;5;3
53232;5;4
53233;5;1
53234;5;3
53235;5;4
53236;5;4
53237;5;1
53238;5;4
53239;5;1
53240;5;1
53241;5;1
53242;5;3
53243;5;1
53244;5;4
53245;5;4
53246;5;4
53247;5;3
53248;5;3
53249;5;3
53250;5;3
53251;5;4
53252;5;3
53253;5;4
53254;5;3
53255;5;3
53256;5;1
53257;5;1
53258;5;2
53259;5;3
53260;5;3
53261;5;4
53262;5;3
53263;5;3
53264;5;3
53265;5;1
53266;5;4
53267;5;1
53268;5;1
53269;5;1
53270;5;4
53271;5;3
53272;5;2
53273;5;1
53274;5;1
53275;5;4
53276;5;3
53277;5;3
53278;5;4
53279;5;3
53280;5;3
53281;5;3
53282;5;4
53283;5;1
53284;5;1
53285;5;1
53286;5;1
53287;5;4
53288;5;4
53289;5;3
53290;5;3
53291;5;4
53292;5;3
53293;5;4
53294;5;4
53295;5;3
53296;5;4
53297;5;3
53298;5;1
53299;5;4
53300;5;3
53301;5;3
53302;5;3
53303;5;4
53304;5;4
53305;5;4
53306;5;1
53307;5;3
53308;5;4
53309;5;4
53310;5;3
53311;5;3
53312;5;1
53313;5;3
53314;5;3
53315;5;4
53316;5;3
53317;5;1
53318;5;3
53319;5;1
53320;5;3
53321;5;4
53322;5;3
53323;5;4
53324;5;3
53325;5;4
53326;5;1
53327;5;4
53328;5;1
53329;5;1
53330;5;3
53331;5;1
53332;5;1
53333;5;1
53334;5;4
53335;5;4
53336;5;3
53337;5;3
53338;5;1
53339;5;4
53340;5;1
53341;5;1
53342;5;1
53343;5;1
53344;5;1
53345;5;4
53346;5;3
53347;5;1
53348;5;4
53349;5;4
53350;5;4
53351;5;4
53352;5;4
53353;5;1
53354;5;1
53355;5;1
53356;5;4
53357;5;1
53358;5;1
53359;5;1
53360;5;1
53361;5;4
53362;5;1
53363;5;3
53364;5;1
53365;5;4
53366;5;3
53367;5;4
53368;5;3
53369;5;4
53370;5;4
53371;5;1
53372;5;1
53373;5;4
53374;5;1
53375;5;3
53376;5;4
53377;5;1
53378;5;4
53379;5;4
53380;5;4
53381;5;4
53382;5;1
53383;5;1
53384;5;1
53385;5;1
53386;5;3
53387;5;4
53388;5;3
53389;5;2
53390;5;3
53391;5;3
53392;5;1
53393;5;3
53394;5;4
53395;5;4
53396;5;3
53397;5;1
53398;5;4
53399;5;3
53400;5;3
53401;5;4
53402;5;1
53403;5;1
53404;5;4
53405;5;1
53406;5;1
53407;5;1
53408;5;4
53409;5;1
53410;5;3
53411;5;4
53412;5;2
53413;5;1
53414;5;4
53415;5;3
53416;5;4
53417;5;1
53418;5;3
53419;5;4
53420;5;3
53421;5;3
53422;5;4
53423;5;4
53424;5;4
53425;5;1
53426;5;3
53427;5;1
53428;5;4
53429;5;4
53430;5;3
53431;5;1
53432;5;1
53433;5;3
53434;5;1
53435;5;1
53436;5;3
53437;5;3
53438;5;1
53439;5;4
53440;5;1
53441;5;1
53442;5;3
53443;5;2
53444;5;3
53445;5;3
53446;5;1
53447;5;4
53448;5;1
53449;5;3
53450;5;3
53451;5;1
53452;5;4
53453;5;2
53454;5;4
53455;5;3
53456;5;4
53457;5;1
53458;5;1
53459;5;4
53460;5;4
53461;5;1
53462;5;4
53463;5;2
53464;5;1
53465;5;3
53466;5;3
53467;5;4
53468;5;3
53469;5;3
53470;5;4
53471;5;4
53472;5;3
53473;5;1
53474;5;3
53475;5;1
53476;5;3
53477;5;1
53478;5;4
53479;5;4
53480;5;3
53481;5;1
53482;5;1
53483;5;1
53484;5;1
53485;5;3
53486;5;4
53487;5;1
53488;5;4
53489;5;4
53490;5;4
53491;5;1
53492;5;4
53493;5;3
53494;5;4
53495;5;4
53496;5;1
53497;5;1
53498;5;1
53499;5;3
53500;5;3
53501;5;1
53502;5;1
53503;5;1
53504;5;3
53505;5;3
53506;5;3
53507;5;3
53508;5;3
53509;5;3
53510;5;4
53511;5;4
53512;5;3
53513;5;4
53514;5;3
53515;5;3
53516;5;3
53517;5;4
53518;5;3
53519;5;4
53520;5;1
53521;5;1
53522;5;3
53523;5;1
53524;5;3
53525;5;1
53526;5;4
53527;5;3
53528;5;1
53529;5;1
53530;5;1
53531;5;3
53532;5;4
53533;5;3
53534;5;1
53535;5;4
53536;5;4
53537;5;4
53538;5;4
53539;5;3
53540;5;4
53541;5;4
53542;5;4
53543;5;4
53544;5;4
53545;5;4
53546;5;1
53547;5;3
53548;5;4
53549;5;4
53550;5;4
53551;5;4
53552;5;3
53553;5;1
53554;5;4
53555;5;4
53556;5;4
53557;5;1
53558;5;1
53559;5;4
53560;5;4
53561;5;4
53562;5;4
53563;5;4
53564;5;1
53565;5;3
53566;5;3
53567;5;1
53568;5;3
53569;5;4
53570;5;4
53571;5;1
53572;5;4
53573;5;4
53574;5;3
53575;5;4
53576;5;4
53577;5;4
53578;5;4
53579;5;2
53580;5;1
53581;5;3
53582;5;4
53583;5;1
53584;5;4
53585;5;3
53586;5;4
53587;5;4
53588;5;3
53589;5;4
53590;5;1
53591;5;3
53592;5;4
53593;5;1
53594;5;4
53595;5;1
53596;5;3
53597;5;4
53598;5;4
53599;5;4
53600;5;3
53601;5;3
53602;5;4
53603;5;4
53604;5;3
53605;5;1
53606;5;3
53607;5;4
53608;5;4
53609;5;1
53610;5;3
53611;5;1
53612;5;3
53613;5;1
53614;5;4
53615;5;3
53616;5;3
53617;5;4
53618;5;1
53619;5;1
53620;5;1
53621;5;1
53622;5;4
53623;5;3
53624;5;3
53625;5;3
53626;5;3
53627;5;3
53628;5;1
53629;5;1
53630;5;3
53631;5;4
53632;5;4
53633;5;4
53634;5;1
53635;5;1
53636;5;4
53637;5;4
53638;5;4
53639;5;3
53640;5;1
53641;5;4
53642;5;4
53643;5;4
53644;5;4
53645;5;4
53646;5;4
53647;5;4
53648;5;1
53649;5;1
53650;5;4
53651;5;1
53652;5;3
53653;5;1
53654;5;4
53655;5;3
53656;5;1
53657;5;4
53658;5;4
53659;5;1
53660;5;4
53661;5;1
53662;5;3
53663;5;4
53664;5;4
53665;5;3
53666;5;3
53667;5;4
53668;5;1
53669;5;4
53670;5;4
53671;5;4
53672;5;1
53673;5;1
53674;5;1
53675;5;4
53676;5;3
53677;5;1
53678;5;1
53679;5;4
53680;5;1
53681;5;4
53682;5;4
53683;5;3
53684;5;3
53685;5;4
53686;5;3
53687;5;1
53688;5;1
53689;5;3
53690;5;3
53691;5;4
53692;5;1
53693;5;4
53694;5;3
53695;5;3
53696;5;1
53697;5;1
53698;5;4
53699;5;1
53700;5;3
53701;5;4
53702;5;3
53703;5;4
53704;5;4
53705;5;3
53706;5;1
53707;5;4
53708;5;2
53709;5;3
53710;5;3
53711;5;1
53712;5;3
53713;5;1
53714;5;1
53715;5;4
53716;5;1
53717;5;1
53718;5;4
53719;5;3
53720;5;4
53721;5;1
53722;5;1
53723;5;1
53724;5;3
53725;5;1
53726;5;4
53727;5;3
53728;5;4
53729;5;3
53730;5;1
53731;5;3
53732;5;3
53733;5;4
53734;5;4
53735;5;4
53736;5;4
53737;5;3
53738;5;4
53739;5;4
53740;5;4
53741;5;3
53742;5;3
53743;5;3
53744;5;4
53745;5;1
53746;5;1
53747;5;3
53748;5;4
53749;5;4
53750;5;4
53751;5;1
53752;5;3
53753;5;1
53754;5;4
53755;5;1
53756;5;4
53757;5;1
53758;5;3
53759;5;4
53760;5;3
53761;5;4
53762;5;3
53763;5;4
53764;5;1
53765;5;2
53766;5;3
53767;5;3
53768;5;4
53769;5;3
53770;5;1
53771;5;3
53772;5;1
53773;5;3
53774;5;1
53775;5;3
53776;5;1
53777;5;1
53778;5;4
53779;5;1
53780;5;4
53781;5;1
53782;5;1
53783;5;4
53784;5;4
53785;5;4
53786;5;4
53787;5;3
53788;5;3
53789;5;1
53790;5;3
53791;5;4
53792;5;1
53793;5;4
53794;5;1
53795;5;1
53796;5;1
53797;5;4
53798;5;4
53799;5;3
53800;5;4
53801;5;1
53802;5;4
53803;5;4
53804;5;3
53805;5;4
53806;5;3
53807;5;1
53808;5;4
53809;5;1
53810;5;4
53811;5;1
53812;5;4
53813;5;4
53814;5;1
53815;5;1
53816;5;4
53817;5;4
53818;5;3
53819;5;4
53820;5;1
53821;5;1
53822;5;4
53823;5;4
53824;5;3
53825;5;3
53826;5;1
53827;5;3
53828;5;2
53829;5;3
53830;5;1
53831;5;1
53832;5;3
53833;5;3
53834;5;1
53835;5;1
53836;5;3
53837;5;1
53838;5;4
53839;5;4
53840;5;1
53841;5;4
53842;5;3
53843;5;3
53844;5;4
53845;5;4
53846;5;3
53847;5;3
53848;5;3
53849;5;2
53850;5;4
53851;5;1
53852;5;1
53853;5;3
53854;5;4
53855;5;3
53856;5;4
53857;5;4
53858;5;3
53859;5;3
53860;5;3
53861;5;4
53862;5;3
53863;5;4
53864;5;3
53865;5;1
53866;5;4
53867;5;4
53868;5;1
53869;5;3
53870;5;4
53871;5;1
53872;5;1
53873;5;1
53874;5;1
53875;5;4
53876;5;4
53877;5;1
53878;5;4
53879;5;4
53880;5;3
53881;5;1
53882;5;3
53883;5;3
53884;5;1
53885;5;4
53886;5;3
53887;5;3
53888;5;4
53889;5;3
53890;5;4
53891;5;3
53892;5;4
53893;5;1
53894;5;3
53895;5;4
53896;5;4
53897;5;4
53898;5;4
53899;5;4
53900;5;4
53901;5;4
53902;5;3
53903;5;3
53904;5;4
53905;5;4
53906;5;4
53907;5;2
53908;5;3
53909;5;4
53910;5;4
53911;5;3
53912;5;4
53913;5;4
53914;5;4
53915;5;4
53916;5;1
53917;5;1
53918;5;1
53919;5;1
53920;5;1
53921;5;1
53922;5;3
53923;5;4
53924;5;4
53925;5;1
53926;5;1
53927;5;1
53928;5;4
53929;5;4
53930;5;1
53931;5;3
53932;5;3
53933;5;3
53934;5;3
53935;5;4
53936;5;4
53937;5;3
53938;5;4
53939;5;4
53940;5;4
53941;5;4
53942;5;3
53943;5;1
53944;5;1
53945;5;1
53946;5;4
53947;5;1
53948;5;1
53949;5;1
53950;5;1
53951;5;1
53952;5;3
53953;5;4
53954;5;4
53955;5;2
53956;5;4
53957;5;1
53958;5;4
53959;5;1
53960;5;1
53961;5;3
53962;5;4
53963;5;3
53964;5;3
53965;5;1
53966;5;4
53967;5;3
53968;5;3
53969;5;2
53970;5;3
53971;5;3
53972;5;3
53973;5;3
53974;5;3
53975;5;1
53976;5;3
53977;5;3
53978;5;3
53979;5;3
53980;5;4
53981;5;3
53982;5;1
53983;5;4
53984;5;1
53985;5;3
53986;5;2
53987;5;3
53988;5;2
53989;5;4
53990;5;3
53991;5;3
53992;5;4
53993;5;1
53994;5;3
53995;5;4
53996;5;4
53997;5;4
53998;5;3
53999;5;4
54000;5;3
54001;5;3
54002;5;1
54003;5;4
54004;5;3
54005;5;3
54006;5;4
54007;5;3
54008;5;1
54009;5;3
54010;5;1
54011;5;4
54012;5;4
54013;5;4
54014;5;4
54015;5;4
54016;5;3
54017;5;4
54018;5;3
54019;5;3
54020;5;4
54021;5;3
54022;5;3
54023;5;4
54024;5;4
54025;5;3
54026;5;3
54027;5;3
54028;5;1
54029;5;3
54030;5;3
54031;5;1
54032;5;3
54033;5;4
54034;5;1
54035;5;3
54036;5;3
54037;5;3
54038;5;3
54039;5;3
54040;5;4
54041;5;3
54042;5;1
54043;5;3
54044;5;4
54045;5;4
54046;5;4
54047;5;4
54048;5;4
54049;5;3
54050;5;3
54051;5;1
54052;5;1
54053;5;3
54054;5;1
54055;5;3
54056;5;1
54057;5;4
54058;5;4
54059;5;4
54060;5;4
54061;5;1
54062;5;3
54063;5;4
54064;5;4
54065;5;4
54066;5;4
54067;5;1
54068;5;1
54069;5;2
54070;5;4
54071;5;4
54072;5;4
54073;5;1
54074;5;1
54075;5;4
54076;5;4
54077;5;1
54078;5;4
54079;5;4
54080;5;4
54081;5;4
54082;5;3
54083;5;4
54084;5;4
54085;5;1
54086;5;1
54087;5;4
54088;5;4
54089;5;4
54090;5;4
54091;5;1
54092;5;3
54093;5;1
54094;5;1
54095;5;1
54096;5;3
54097;5;4
54098;5;4
54099;5;4
54100;5;3
54101;5;3
54102;5;3
54103;5;4
54104;5;3
54105;5;1
54106;5;3
54107;5;4
54108;5;3
54109;5;3
54110;5;3
54111;5;3
54112;5;1
54113;5;3
54114;5;4
54115;5;4
54116;5;4
54117;5;4
54118;5;1
54119;5;3
54120;5;1
54121;5;1
54122;5;3
54123;5;3
54124;5;4
54125;5;2
54126;5;4
54127;5;1
54128;5;4
54129;5;4
54130;5;3
54131;5;2
54132;5;3
54133;5;4
54134;5;3
54135;5;4
54136;5;4
54137;5;4
54138;5;4
54139;5;4
54140;5;4
54141;5;2
54142;5;4
54143;5;3
54144;5;4
54145;5;3
54146;5;4
54147;5;4
54148;5;3
54149;5;4
54150;5;4
54151;5;1
54152;5;4
54153;5;4
54154;5;4
54155;5;3
54156;5;4
54157;5;3
54158;5;1
54159;5;1
54160;5;4
54161;5;4
54162;5;4
54163;5;4
54164;5;3
54165;5;4
54166;5;4
54167;5;4
54168;5;3
54169;5;4
54170;5;4
54171;5;4
54172;5;1
54173;5;3
54174;5;1
54175;5;3
54176;5;3
54177;5;4
54178;5;1
54179;5;4
54180;5;1
54181;5;4
54182;5;4
54183;5;1
54184;5;1
54185;5;3
54186;5;4
54187;5;4
54188;5;4
54189;5;3
54190;5;1
54191;5;3
54192;5;4
54193;5;4
54194;5;1
54195;5;1
54196;5;1
54197;5;1
54198;5;4
54199;5;3
54200;5;4
54201;5;4
54202;5;3
54203;5;1
54204;5;4
54205;5;3
54206;5;4
54207;5;4
54208;5;4
54209;5;1
54210;5;4
54211;5;4
54212;5;4
54213;5;4
54214;5;4
54215;5;1
54216;5;3
54217;5;4
54218;5;3
54219;5;4
54220;5;3
54221;5;1
54222;5;4
54223;5;1
54224;5;1
54225;5;1
54226;5;4
54227;5;3
54228;5;3
54229;5;4
54230;5;1
54231;5;1
54232;5;4
54233;5;1
54234;5;1
54235;5;1
54236;5;3
54237;5;1
54238;5;3
54239;5;1
54240;5;1
54241;5;3
54242;5;2
54243;5;1
54244;5;3
54245;5;1
54246;5;3
54247;5;1
54248;5;4
54249;5;3
54250;5;4
54251;5;3
54252;5;3
54253;5;3
54254;5;3
54255;5;4
54256;5;4
54257;5;3
54258;5;4
54259;5;1
54260;5;3
54261;5;3
54262;5;4
54263;5;1
54264;5;1
54265;5;3
54266;5;3
54267;5;3
54268;5;4
54269;5;4
54270;5;4
54271;5;1
54272;5;1
54273;5;4
54274;5;1
54275;5;4
54276;5;1
54277;5;1
54278;5;4
54279;5;3
54280;5;3
54281;5;1
54282;5;3
54283;5;3
54284;5;4
54285;5;3
54286;5;1
54287;5;3
54288;5;4
54289;5;4
54290;5;3
54291;5;4
54292;5;3
54293;5;3
54294;5;3
54295;5;3
54296;5;4
54297;5;3
54298;5;3
54299;5;3
54300;5;4
54301;5;3
54302;5;4
54303;5;4
54304;5;4
54305;5;3
54306;5;3
54307;5;3
54308;5;3
54309;5;1
54310;5;3
54311;5;4
54312;5;3
54313;5;3
54314;5;4
54315;5;3
54316;5;4
54317;5;3
54318;5;3
54319;5;3
54320;5;3
54321;5;3
54322;5;3
54323;5;4
54324;5;3
54325;5;2
54326;5;1
54327;5;1
54328;5;4
54329;5;4
54330;5;4
54331;5;1
54332;5;1
54333;5;4
54334;5;3
54335;5;1
54336;5;3
54337;5;3
54338;5;1
54339;5;3
54340;5;4
54341;5;3
54342;5;3
54343;5;3
54344;5;3
54345;5;4
54346;5;1
54347;5;3
54348;5;4
54349;5;3
54350;5;3
54351;5;3
54352;5;3
54353;5;3
54354;5;3
54355;5;4
54356;5;4
54357;5;3
54358;5;4
54359;5;3
54360;5;3
54361;5;4
54362;5;4
54363;5;1
54364;5;1
54365;5;1
54366;5;3
54367;5;1
54368;5;4
54369;5;3
54370;5;4
54371;5;3
54372;5;4
54373;5;4
54374;5;4
54375;5;4
54376;5;1
54377;5;1
54378;5;4
54379;5;4
54380;5;3
54381;5;3
54382;5;4
54383;5;1
54384;5;1
54385;5;4
54386;5;3
54387;5;1
54388;5;3
54389;5;3
54390;5;4
54391;5;1
54392;5;3
54393;5;4
54394;5;3
54395;5;4
54396;5;4
54397;5;1
54398;5;1
54399;5;1
54400;5;3
54401;5;3
54402;5;4
54403;5;3
54404;5;1
54405;5;4
54406;5;2
54407;5;1
54408;5;3
54409;5;3
54410;5;3
54411;5;4
54412;5;4
54413;5;1
54414;5;3
54415;5;3
54416;5;3
54417;5;4
54418;5;4
54419;5;3
54420;5;4
54421;5;4
54422;5;3
54423;5;3
54424;5;1
54425;5;4
54426;5;4
54427;5;4
54428;5;3
54429;5;4
54430;5;3
54431;5;4
54432;5;3
54433;5;3
54434;5;4
54435;5;3
54436;5;3
54437;5;3
54438;5;3
54439;5;3
54440;5;3
54441;5;4
54442;5;1
54443;5;4
54444;5;3
54445;5;3
54446;5;4
54447;5;3
54448;5;1
54449;5;1
54450;5;3
54451;5;3
54452;5;1
54453;5;1
54454;5;1
54455;5;3
54456;5;3
54457;5;4
54458;5;3
54459;5;3
54460;5;4
54461;5;4
54462;5;4
54463;5;1
54464;5;3
54465;5;4
54466;5;4
54467;5;4
54468;5;3
54469;5;4
54470;5;1
54471;5;4
54472;5;1
54473;5;3
54474;5;1
54475;5;4
54476;5;2
54477;5;1
54478;5;3
54479;5;4
54480;5;3
54481;5;1
54482;5;3
54483;5;4
54484;5;3
54485;5;1
54486;5;3
54487;5;3
54488;5;3
54489;5;3
54490;5;3
54491;5;3
54492;5;3
54493;5;3
54494;5;3
54495;5;1
54496;5;4
54497;5;3
54498;5;3
54499;5;3
54500;5;3
54501;5;4
54502;5;1
54503;5;3
54504;5;4
54505;5;1
54506;5;4
54507;5;1
54508;5;3
54509;5;3
54510;5;1
54511;5;3
54512;5;4
54513;5;1
54514;5;3
54515;5;1
54516;5;1
54517;5;4
54518;5;1
54519;5;1
54520;5;1
54521;5;1
54522;5;4
54523;5;3
54524;5;3
54525;5;1
54526;5;4
54527;5;3
54528;5;1
54529;5;1
54530;5;1
54531;5;4
54532;5;1
54533;5;3
54534;5;3
54535;5;3
54536;5;3
54537;5;4
54538;5;3
54539;5;4
54540;5;3
54541;5;3
54542;5;3
54543;5;3
54544;5;3
54545;5;4
54546;5;3
54547;5;4
54548;5;3
54549;5;1
54550;5;4
54551;5;3
54552;5;3
54553;5;3
54554;5;3
54555;5;3
54556;5;3
54557;5;3
54558;5;3
54559;5;3
54560;5;1
54561;5;1
54562;5;3
54563;5;4
54564;5;4
54565;5;4
54566;5;3
54567;5;3
54568;5;3
54569;5;3
54570;5;3
54571;5;3
54572;5;3
54573;5;4
54574;5;3
54575;5;1
54576;5;1
54577;5;1
54578;5;1
54579;5;1
54580;5;4
54581;5;3
54582;5;3
54583;5;1
54584;5;3
54585;5;4
54586;5;4
54587;5;3
54588;5;3
54589;5;3
54590;5;1
54591;5;1
54592;5;1
54593;5;1
54594;5;4
54595;5;3
54596;5;1
54597;5;4
54598;5;4
54599;5;1
54600;5;1
54601;5;1
54602;5;3
54603;5;4
54604;5;1
54605;5;4
54606;5;4
54607;5;1
54608;5;1
54609;5;3
54610;5;1
54611;5;3
54612;5;3
54613;5;3
54614;5;4
54615;5;3
54616;5;4
54617;5;4
54618;5;3
54619;5;4
54620;5;3
54621;5;4
54622;5;4
54623;5;3
54624;5;3
54625;5;4
54626;5;4
54627;5;1
54628;5;4
54629;5;1
54630;5;4
54631;5;4
54632;5;3
54633;5;4
54634;5;1
54635;5;1
54636;5;4
54637;5;1
54638;5;4
54639;5;3
54640;5;1
54641;5;3
54642;5;4
54643;5;4
54644;5;3
54645;5;4
54646;5;4
54647;5;3
54648;5;1
54649;5;1
54650;5;2
54651;5;4
54652;5;3
54653;5;3
54654;5;3
54655;5;4
54656;5;3
54657;5;1
54658;5;3
54659;5;4
54660;5;4
54661;5;1
54662;5;1
54663;5;3
54664;5;3
54665;5;1
54666;5;4
54667;5;4
54668;5;3
54669;5;1
54670;5;3
54671;5;1
54672;5;1
54673;5;1
54674;5;3
54675;5;4
54676;5;3
54677;5;3
54678;5;4
54679;5;4
54680;5;3
54681;5;4
54682;5;1
54683;5;4
54684;5;1
54685;5;3
54686;5;4
54687;5;1
54688;5;3
54689;5;4
54690;5;4
54691;5;3
54692;5;1
54693;5;4
54694;5;4
54695;5;4
54696;5;3
54697;5;4
54698;5;4
54699;5;3
54700;5;4
54701;5;1
54702;5;3
54703;5;4
54704;5;4
54705;5;4
54706;5;4
54707;5;3
54708;5;4
54709;5;4
54710;5;1
54711;5;3
54712;5;4
54713;5;4
54714;5;3
54715;5;4
54716;5;4
54717;5;3
54718;5;1
54719;5;3
54720;5;2
54721;5;4
54722;5;3
54723;5;3
54724;5;4
54725;5;4
54726;5;1
54727;5;3
54728;5;4
54729;5;3
54730;5;4
54731;5;3
54732;5;1
54733;5;4
54734;5;3
54735;5;4
54736;5;1
54737;5;4
54738;5;4
54739;5;4
54740;5;1
54741;5;1
54742;5;1
54743;5;3
54744;5;4
54745;5;3
54746;5;3
54747;5;4
54748;5;4
54749;5;4
54750;5;3
54751;5;3
54752;5;2
54753;5;4
54754;5;1
54755;5;4
54756;5;3
54757;5;1
54758;5;3
54759;5;3
54760;5;3
54761;5;1
54762;5;3
54763;5;1
54764;5;3
54765;5;3
54766;5;3
54767;5;3
54768;5;4
54769;5;4
54770;5;3
54771;5;3
54772;5;4
54773;5;4
54774;5;1
54775;5;3
54776;5;1
54777;5;3
54778;5;1
54779;5;3
54780;5;3
54781;5;3
54782;5;1
54783;5;3
54784;5;3
54785;5;4
54786;5;4
54787;5;4
54788;5;3
54789;5;4
54790;5;3
54791;5;4
54792;5;3
54793;5;4
54794;5;3
54795;5;3
54796;5;1
54797;5;1
54798;5;4
54799;5;1
54800;5;4
54801;5;3
54802;5;3
54803;5;4
54804;5;3
54805;5;4
54806;5;3
54807;5;4
54808;5;3
54809;5;3
54810;5;1
54811;5;4
54812;5;3
54813;5;3
54814;5;4
54815;5;3
54816;5;4
54817;5;3
54818;5;1
54819;5;3
54820;5;3
54821;5;1
54822;5;3
54823;5;3
54824;5;1
54825;5;1
54826;5;4
54827;5;3
54828;5;3
54829;5;1
54830;5;4
54831;5;3
54832;5;2
54833;5;3
54834;5;3
54835;5;3
54836;5;3
54837;5;3
54838;5;3
54839;5;3
54840;5;3
54841;5;3
54842;5;3
54843;5;4
54844;5;3
54845;5;3
54846;5;3
54847;5;3
54848;5;4
54849;5;3
54850;5;4
54851;5;3
54852;5;3
54853;5;3
54854;5;3
54855;5;4
54856;5;3
54857;5;4
54858;5;4
54859;5;3
54860;5;3
54861;5;3
54862;5;3
54863;5;3
54864;5;4
54865;5;1
54866;5;3
54867;5;3
54868;5;3
54869;5;3
54870;5;4
54871;5;3
54872;5;4
54873;5;4
54874;5;4
54875;5;3
54876;5;4
54877;5;3
54878;5;4
54879;5;4
54880;5;1
54881;5;4
54882;5;1
54883;5;3
54884;5;4
54885;5;3
54886;5;1
54887;5;4
54888;5;4
54889;5;4
54890;5;3
54891;5;3
54892;5;3
54893;5;4
54894;5;3
54895;5;4
54896;5;4
54897;5;3
54898;5;1
54899;5;4
54900;5;1
54901;5;1
54902;5;2
54903;5;4
54904;5;4
54905;5;4
54906;5;3
54907;5;4
54908;5;4
54909;5;1
54910;5;2
54911;5;4
54912;5;3
54913;5;3
54914;5;3
54915;5;1
54916;5;1
54917;5;4
54918;5;3
54919;5;1
54920;5;3
54921;5;1
54922;5;3
54923;5;3
54924;5;4
54925;5;4
54926;5;4
54927;5;1
54928;5;4
54929;5;1
54930;5;3
54931;5;4
54932;5;4
54933;5;4
54934;5;1
54935;5;3
54936;5;3
54937;5;3
54938;5;4
54939;5;3
54940;5;1
54941;5;4
54942;5;3
54943;5;3
54944;5;1
54945;5;3
54946;5;4
54947;5;4
54948;5;3
54949;5;3
54950;5;4
54951;5;4
54952;5;3
54953;5;3
54954;5;3
54955;5;3
54956;5;3
54957;5;4
54958;5;3
54959;5;4
54960;5;3
54961;5;4
54962;5;3
54963;5;4
54964;5;3
54965;5;3
54966;5;4
54967;5;3
54968;5;4
54969;5;4
54970;5;4
54971;5;3
54972;5;3
54973;5;3
54974;5;3
54975;5;3
54976;5;3
54977;5;4
54978;5;4
54979;5;3
54980;5;3
54981;5;4
54982;5;3
54983;5;3
54984;5;3
54985;5;1
54986;5;3
54987;5;3
54988;5;3
54989;5;4
54990;5;3
54991;5;4
54992;5;3
54993;5;4
54994;5;1
54995;5;4
54996;5;3
54997;5;3
54998;5;3
54999;5;1
55000;5;3
55001;5;1
55002;5;3
55003;5;4
55004;5;3
55005;5;4
55006;5;4
55007;5;3
55008;5;1
55009;5;4
55010;5;4
55011;5;3
55012;5;3
55013;5;3
55014;5;3
55015;5;4
55016;5;4
55017;5;4
55018;5;4
55019;5;3
55020;5;1
55021;5;3
55022;5;4
55023;5;1
55024;5;3
55025;5;4
55026;5;1
55027;5;4
55028;5;1
55029;5;3
55030;5;3
55031;5;3
55032;5;3
55033;5;1
55034;5;3
55035;5;3
55036;5;3
55037;5;4
55038;5;4
55039;5;3
55040;5;4
55041;5;4
55042;5;4
55043;5;4
55044;5;4
55045;5;4
55046;5;3
55047;5;4
55048;5;4
55049;5;4
55050;5;3
55051;5;4
55052;5;4
55053;5;4
55054;5;3
55055;5;4
55056;5;1
55057;5;2
55058;5;4
55059;5;1
55060;5;4
55061;5;4
55062;5;3
55063;5;1
55064;5;3
55065;5;1
55066;5;3
55067;5;3
55068;5;3
55069;5;3
55070;5;4
55071;5;4
55072;5;4
55073;5;4
55074;5;1
55075;5;1
55076;5;1
55077;5;1
55078;5;4
55079;5;4
55080;5;3
55081;5;3
55082;5;4
55083;5;3
55084;5;1
55085;5;4
55086;5;4
55087;5;4
55088;5;1
55089;5;4
55090;5;3
55091;5;3
55092;5;4
55093;5;1
55094;5;1
55095;5;3
55096;5;1
55097;5;4
55098;5;4
55099;5;4
55100;5;4
55101;5;4
55102;5;4
55103;5;1
55104;5;4
55105;5;3
55106;5;3
55107;5;4
55108;5;1
55109;5;3
55110;5;1
55111;5;1
55112;5;3
55113;5;4
55114;5;1
55115;5;4
55116;5;3
55117;5;1
55118;5;3
55119;5;4
55120;5;1
55121;5;4
55122;5;4
55123;5;4
55124;5;3
55125;5;4
55126;5;4
55127;5;3
55128;5;1
55129;5;1
55130;5;3
55131;5;1
55132;5;4
55133;5;3
55134;5;1
55135;5;1
55136;5;4
55137;5;3
55138;5;1
55139;5;4
55140;5;4
55141;5;3
55142;5;3
55143;5;4
55144;5;3
55145;5;4
55146;5;4
55147;5;4
55148;5;3
55149;5;4
55150;5;4
55151;5;3
55152;5;1
55153;5;4
55154;5;4
55155;5;1
55156;5;4
55157;5;3
55158;5;4
55159;5;3
55160;5;4
55161;5;4
55162;5;3
55163;5;1
55164;5;1
55165;5;4
55166;5;1
55167;5;1
55168;5;4
55169;5;3
55170;5;1
55171;5;1
55172;5;3
55173;5;4
55174;5;4
55175;5;4
55176;5;3
55177;5;4
55178;5;4
55179;5;4
55180;5;1
55181;5;3
55182;5;3
55183;5;3
55184;5;4
55185;5;4
55186;5;4
55187;5;3
55188;5;4
55189;5;4
55190;5;1
55191;5;1
55192;5;1
55193;5;4
55194;5;4
55195;5;4
55196;5;3
55197;5;4
55198;5;3
55199;5;4
55200;5;4
55201;5;1
55202;5;3
55203;5;4
55204;5;4
55205;5;4
55206;5;3
55207;5;1
55208;5;3
55209;5;4
55210;5;4
55211;5;1
55212;5;3
55213;5;1
55214;5;4
55215;5;4
55216;5;4
55217;5;4
55218;5;4
55219;5;4
55220;5;1
55221;5;4
55222;5;4
55223;5;4
55224;5;4
55225;5;3
55226;5;1
55227;5;4
55228;5;4
55229;5;4
55230;5;4
55231;5;4
55232;5;1
55233;5;4
55234;5;1
55235;5;4
55236;5;3
55237;5;4
55238;5;3
55239;5;2
55240;5;3
55241;5;3
55242;5;1
55243;5;4
55244;5;4
55245;5;3
55246;5;4
55247;5;4
55248;5;4
55249;5;4
55250;5;4
55251;5;4
55252;5;4
55253;5;4
55254;5;4
55255;5;4
55256;5;3
55257;5;4
55258;5;1
55259;5;2
55260;5;3
55261;5;4
55262;5;4
55263;5;4
55264;5;4
55265;5;3
55266;5;4
55267;5;4
55268;5;3
55269;5;1
55270;5;4
55271;5;4
55272;5;4
55273;5;4
55274;5;4
55275;5;1
55276;5;4
55277;5;3
55278;5;1
55279;5;3
55280;5;4
55281;5;4
55282;5;4
55283;5;3
55284;5;4
55285;5;1
55286;5;4
55287;5;4
55288;5;4
55289;5;4
55290;5;4
55291;5;3
55292;5;4
55293;5;4
55294;5;4
55295;5;2
55296;5;4
55297;5;2
55298;5;4
55299;5;2
55300;5;4
55301;5;4
55302;5;4
55303;5;3
55304;5;1
55305;5;4
55306;5;1
55307;5;4
55308;5;4
55309;5;2
55310;5;4
55311;5;4
55312;5;1
55313;5;1
55314;5;1
55315;5;4
55316;5;2
55317;5;4
55318;5;3
55319;5;4
55320;5;1
55321;5;4
55322;5;3
55323;5;3
55324;5;4
55325;5;4
55326;5;1
55327;5;4
55328;5;2
55329;5;4
55330;5;4
55331;5;4
55332;5;1
55333;5;1
55334;5;3
55335;5;4
55336;5;4
55337;5;1
55338;5;2
55339;5;4
55340;5;1
55341;5;4
55342;5;1
55343;5;2
55344;5;1
55345;5;1
55346;5;1
55347;5;4
55348;5;3
55349;5;3
55350;5;1
55351;5;1
55352;5;3
55353;5;2
55354;5;3
55355;5;1
55356;5;4
55357;5;4
55358;5;4
55359;5;1
55360;5;4
55361;5;1
55362;5;3
55363;5;3
55364;5;3
55365;5;4
55366;5;4
55367;5;4
55368;5;3
55369;5;3
55370;5;1
55371;5;3
55372;5;3
55373;5;3
55374;5;4
55375;5;4
55376;5;1
55377;5;1
55378;5;4
55379;5;4
55380;5;4
55381;5;4
55382;5;3
55383;5;1
55384;5;4
55385;5;1
55386;5;4
55387;5;1
55388;5;3
55389;5;3
55390;5;1
55391;5;3
55392;5;3
55393;5;3
55394;5;1
55395;5;1
55396;5;3
55397;5;4
55398;5;4
55399;5;1
55400;5;3
55401;5;4
55402;5;1
55403;5;2
55404;5;1
55405;5;4
55406;5;1
55407;5;4
55408;5;1
55409;5;1
55410;5;1
55411;5;1
55412;5;2
55413;5;3
55414;5;3
55415;5;4
55416;5;4
55417;5;4
55418;5;4
55419;5;1
55420;5;4
55421;5;4
55422;5;4
55423;5;3
55424;5;3
55425;5;1
55426;5;4
55427;5;1
55428;5;3
55429;5;3
55430;5;1
55431;5;1
55432;5;4
55433;5;3
55434;5;2
55435;5;4
55436;5;4
55437;5;4
55438;5;1
55439;5;4
55440;5;1
55441;5;1
55442;5;1
55443;5;4
55444;5;2
55445;5;3
55446;5;4
55447;5;4
55448;5;3
55449;5;2
55450;5;4
55451;5;1
55452;5;3
55453;5;2
55454;5;4
55455;5;4
55456;5;4
55457;5;1
55458;5;3
55459;5;4
55460;5;3
55461;5;3
55462;5;3
55463;5;4
55464;5;1
55465;5;3
55466;5;3
55467;5;3
55468;5;4
55469;5;1
55470;5;1
55471;5;3
55472;5;1
55473;5;3
55474;5;3
55475;5;3
55476;5;4
55477;5;3
55478;5;4
55479;5;4
55480;5;4
55481;5;1
55482;5;3
55483;5;3
55484;5;3
55485;5;3
55486;5;3
55487;5;3
55488;5;1
55489;5;3
55490;5;4
55491;5;3
55492;5;4
55493;5;4
55494;5;1
55495;5;3
55496;5;4
55497;5;1
55498;5;1
55499;5;4
55500;5;4
55501;5;4
55502;5;4
55503;5;2
55504;5;3
55505;5;3
55506;5;4
55507;5;4
55508;5;4
55509;5;3
55510;5;3
55511;5;1
55512;5;4
55513;5;4
55514;5;3
55515;5;3
55516;5;3
55517;5;3
55518;5;3
55519;5;3
55520;5;4
55521;5;4
55522;5;3
55523;5;4
55524;5;3
55525;5;4
55526;5;1
55527;5;3
55528;5;4
55529;5;3
55530;5;3
55531;5;1
55532;5;3
55533;5;3
55534;5;1
55535;5;3
55536;5;3
55537;5;4
55538;5;3
55539;5;4
55540;5;4
55541;5;4
55542;5;4
55543;5;4
55544;5;3
55545;5;4
55546;5;4
55547;5;4
55548;5;4
55549;5;4
55550;5;4
55551;5;4
55552;5;1
55553;5;3
55554;5;4
55555;5;3
55556;5;4
55557;5;1
55558;5;3
55559;5;4
55560;5;3
55561;5;4
55562;5;3
55563;5;1
55564;5;4
55565;5;3
55566;5;4
55567;5;3
55568;5;4
55569;5;3
55570;5;4
55571;5;1
55572;5;3
55573;5;4
55574;5;4
55575;5;3
55576;5;3
55577;5;1
55578;5;3
55579;5;2
55580;5;1
55581;5;1
55582;5;3
55583;5;4
55584;5;1
55585;5;4
55586;5;3
55587;5;4
55588;5;3
55589;5;3
55590;5;1
55591;5;3
55592;5;4
55593;5;1
55594;5;4
55595;5;1
55596;5;4
55597;5;4
55598;5;1
55599;5;3
55600;5;3
55601;5;3
55602;5;4
55603;5;4
55604;5;3
55605;5;4
55606;5;3
55607;5;3
55608;5;4
55609;5;4
55610;5;3
55611;5;1
55612;5;1
55613;5;4
55614;5;3
55615;5;1
55616;5;3
55617;5;4
55618;5;3
55619;5;4
55620;5;1
55621;5;3
55622;5;3
55623;5;4
55624;5;1
55625;5;3
55626;5;1
55627;5;3
55628;5;3
55629;5;1
55630;5;3
55631;5;1
55632;5;3
55633;5;4
55634;5;4
55635;5;4
55636;5;4
55637;5;3
55638;5;4
55639;5;3
55640;5;3
55641;5;3
55642;5;3
55643;5;3
55644;5;3
55645;5;3
55646;5;4
55647;5;1
55648;5;4
55649;5;4
55650;5;4
55651;5;3
55652;5;3
55653;5;3
55654;5;4
55655;5;4
55656;5;3
55657;5;3
55658;5;1
55659;5;4
55660;5;3
55661;5;1
55662;5;3
55663;5;4
55664;5;4
55665;5;1
55666;5;2
55667;5;3
55668;5;1
55669;5;1
55670;5;4
55671;5;4
55672;5;1
55673;5;3
55674;5;1
55675;5;3
55676;5;3
55677;5;3
55678;5;3
55679;5;4
55680;5;4
55681;5;1
55682;5;4
55683;5;1
55684;5;3
55685;5;4
55686;5;3
55687;5;4
55688;5;4
55689;5;3
55690;5;1
55691;5;3
55692;5;3
55693;5;1
55694;5;1
55695;5;1
55696;5;2
55697;5;3
55698;5;4
55699;5;4
55700;5;4
55701;5;3
55702;5;1
55703;5;3
55704;5;1
55705;5;4
55706;5;4
55707;5;3
55708;5;1
55709;5;4
55710;5;3
55711;5;3
55712;5;4
55713;5;4
55714;5;3
55715;5;3
55716;5;1
55717;5;1
55718;5;3
55719;5;4
55720;5;3
55721;5;3
55722;5;1
55723;5;4
55724;5;1
55725;5;4
55726;5;2
55727;5;4
55728;5;4
55729;5;4
55730;5;3
55731;5;3
55732;5;1
55733;5;4
55734;5;1
55735;5;4
55736;5;3
55737;5;1
55738;5;1
55739;5;3
55740;5;3
55741;5;4
55742;5;3
55743;5;1
55744;5;1
55745;5;4
55746;5;3
55747;5;1
55748;5;4
55749;5;1
55750;5;4
55751;5;3
55752;5;4
55753;5;3
55754;5;3
55755;5;4
55756;5;3
55757;5;4
55758;5;1
55759;5;3
55760;5;1
55761;5;1
55762;5;4
55763;5;3
55764;5;3
55765;5;3
55766;5;1
55767;5;3
55768;5;1
55769;5;4
55770;5;3
55771;5;4
55772;5;3
55773;5;4
55774;5;1
55775;5;4
55776;5;4
55777;5;1
55778;5;3
55779;5;3
55780;5;3
55781;5;4
55782;5;3
55783;5;4
55784;5;3
55785;5;3
55786;5;3
55787;5;3
55788;5;3
55789;5;4
55790;5;4
55791;5;1
55792;5;3
55793;5;4
55794;5;3
55795;5;4
55796;5;3
55797;5;3
55798;5;3
55799;5;4
55800;5;3
55801;5;4
55802;5;4
55803;5;4
55804;5;3
55805;5;3
55806;5;4
55807;5;3
55808;5;4
55809;5;1
55810;5;4
55811;5;4
55812;5;1
55813;5;3
55814;5;4
55815;5;4
55816;5;1
55817;5;3
55818;5;3
55819;5;1
55820;5;4
55821;5;4
55822;5;1
55823;5;1
55824;5;1
55825;5;4
55826;5;1
55827;5;1
55828;5;4
55829;5;3
55830;5;4
55831;5;1
55832;5;1
55833;5;4
55834;5;4
55835;5;1
55836;5;3
55837;5;4
55838;5;4
55839;5;2
55840;5;3
55841;5;3
55842;5;4
55843;5;4
55844;5;3
55845;5;3
55846;5;2
55847;5;1
55848;5;3
55849;5;3
55850;5;3
55851;5;3
55852;5;3
55853;5;4
55854;5;1
55855;5;4
55856;5;4
55857;5;4
55858;5;3
55859;5;3
55860;5;1
55861;5;1
55862;5;4
55863;5;1
55864;5;3
55865;5;3
55866;5;3
55867;5;1
55868;5;1
55869;5;3
55870;5;3
55871;5;3
55872;5;3
55873;5;3
55874;5;3
55875;5;3
55876;5;3
55877;5;3
55878;5;3
55879;5;1
55880;5;1
55881;5;4
55882;5;4
55883;5;1
55884;5;1
55885;5;4
55886;5;4
55887;5;3
55888;5;1
55889;5;1
55890;5;3
55891;5;1
55892;5;3
55893;5;3
55894;5;3
55895;5;4
55896;5;1
55897;5;1
55898;5;1
55899;5;3
55900;5;1
55901;5;4
55902;5;4
55903;5;1
55904;5;4
55905;5;3
55906;5;4
55907;5;1
55908;5;4
55909;5;1
55910;5;3
55911;5;3
55912;5;3
55913;5;1
55914;5;1
55915;5;4
55916;5;1
55917;5;3
55918;5;3
55919;5;4
55920;5;1
55921;5;1
55922;5;1
55923;5;3
55924;5;4
55925;5;1
55926;5;1
55927;5;3
55928;5;3
55929;5;4
55930;5;4
55931;5;4
55932;5;4
55933;5;4
55934;5;4
55935;5;4
55936;5;4
55937;5;1
55938;5;4
55939;5;3
55940;5;1
55941;5;4
55942;5;2
55943;5;3
55944;5;3
55945;5;3
55946;5;3
55947;5;4
55948;5;3
55949;5;4
55950;5;3
55951;5;1
55952;5;1
55953;5;4
55954;5;1
55955;5;2
55956;5;4
55957;5;1
55958;5;4
55959;5;1
55960;5;3
55961;5;4
55962;5;4
55963;5;4
55964;5;3
55965;5;1
55966;5;3
55967;5;4
55968;5;3
55969;5;2
55970;5;1
55971;5;4
55972;5;3
55973;5;4
55974;5;4
55975;5;1
55976;5;4
55977;5;4
55978;5;3
55979;5;3
55980;5;1
55981;5;4
55982;5;1
55983;5;1
55984;5;3
55985;5;1
55986;5;4
55987;5;4
55988;5;1
55989;5;3
55990;5;3
55991;5;3
55992;5;4
55993;5;3
55994;5;3
55995;5;3
55996;5;4
55997;5;3
55998;5;3
55999;5;4
56000;5;3
56001;5;3
56002;5;3
56003;5;4
56004;5;3
56005;5;4
56006;5;4
56007;5;4
56008;5;3
56009;5;2
56010;5;1
56011;5;3
56012;5;3
56013;5;3
56014;5;4
56015;5;2
56016;5;4
56017;5;3
56018;5;3
56019;5;3
56020;5;1
56021;5;3
56022;5;3
56023;5;1
56024;5;4
56025;5;4
56026;5;4
56027;5;4
56028;5;3
56029;5;1
56030;5;3
56031;5;4
56032;5;4
56033;5;4
56034;5;4
56035;5;4
56036;5;4
56037;5;4
56038;5;4
56039;5;4
56040;5;3
56041;5;1
56042;5;4
56043;5;1
56044;5;3
56045;5;3
56046;5;1
56047;5;1
56048;5;1
56049;5;3
56050;5;1
56051;5;1
56052;5;1
56053;5;4
56054;5;3
56055;5;1
56056;5;1
56057;5;4
56058;5;4
56059;5;4
56060;5;4
56061;5;1
56062;5;4
56063;5;3
56064;5;3
56065;5;4
56066;5;3
56067;5;4
56068;5;3
56069;5;4
56070;5;1
56071;5;1
56072;5;1
56073;5;1
56074;5;1
56075;5;3
56076;5;4
56077;5;4
56078;5;1
56079;5;4
56080;5;4
56081;5;1
56082;5;1
56083;5;4
56084;5;3
56085;5;4
56086;5;3
56087;5;4
56088;5;4
56089;5;3
56090;5;3
56091;5;1
56092;5;4
56093;5;1
56094;5;4
56095;5;1
56096;5;3
56097;5;3
56098;5;1
56099;5;3
56100;5;4
56101;5;3
56102;5;4
56103;5;3
56104;5;1
56105;5;4
56106;5;3
56107;5;1
56108;5;1
56109;5;2
56110;5;3
56111;5;3
56112;5;1
56113;5;3
56114;5;4
56115;5;1
56116;5;4
56117;5;4
56118;5;4
56119;5;2
56120;5;4
56121;5;2
56122;5;3
56123;5;3
56124;5;1
56125;5;1
56126;5;3
56127;5;4
56128;5;3
56129;5;4
56130;5;3
56131;5;3
56132;5;3
56133;5;4
56134;5;4
56135;5;4
56136;5;1
56137;5;1
56138;5;3
56139;5;4
56140;5;4
56141;5;1
56142;5;4
56143;5;3
56144;5;1
56145;5;4
56146;5;3
56147;5;4
56148;5;4
56149;5;4
56150;5;1
56151;5;3
56152;5;1
56153;5;4
56154;5;4
56155;5;3
56156;5;4
56157;5;3
56158;5;4
56159;5;4
56160;5;1
56161;5;1
56162;5;3
56163;5;1
56164;5;1
56165;5;1
56166;5;1
56167;5;4
56168;5;4
56169;5;1
56170;5;3
56171;5;1
56172;5;4
56173;5;1
56174;5;1
56175;5;3
56176;5;4
56177;5;3
56178;5;3
56179;5;4
56180;5;1
56181;5;4
56182;5;4
56183;5;1
56184;5;4
56185;5;4
56186;5;4
56187;5;3
56188;5;4
56189;5;1
56190;5;4
56191;5;3
56192;5;4
56193;5;4
56194;5;4
56195;5;4
56196;5;4
56197;5;1
56198;5;4
56199;5;1
56200;5;1
56201;5;4
56202;5;4
56203;5;4
56204;5;1
56205;5;2
56206;5;2
56207;5;4
56208;5;1
56209;5;4
56210;5;4
56211;5;3
56212;5;3
56213;5;4
56214;5;3
56215;5;4
56216;5;3
56217;5;3
56218;5;1
56219;5;4
56220;5;3
56221;5;1
56222;5;3
56223;5;3
56224;5;1
56225;5;1
56226;5;4
56227;5;4
56228;5;1
56229;5;1
56230;5;4
56231;5;4
56232;5;3
56233;5;3
56234;5;4
56235;5;1
56236;5;3
56237;5;4
56238;5;3
56239;5;1
56240;5;3
56241;5;4
56242;5;3
56243;5;1
56244;5;1
56245;5;3
56246;5;1
56247;5;1
56248;5;3
56249;5;3
56250;5;4
56251;5;4
56252;5;3
56253;5;1
56254;5;4
56255;5;2
56256;5;1
56257;5;1
56258;5;1
56259;5;1
56260;5;1
56261;5;1
56262;5;2
56263;5;4
56264;5;3
56265;5;3
56266;5;4
56267;5;4
56268;5;1
56269;5;3
56270;5;4
56271;5;4
56272;5;4
56273;5;4
56274;5;1
56275;5;3
56276;5;3
56277;5;3
56278;5;4
56279;5;1
56280;5;1
56281;5;3
56282;5;1
56283;5;3
56284;5;4
56285;5;3
56286;5;4
56287;5;4
56288;5;1
56289;5;4
56290;5;4
56291;5;3
56292;5;1
56293;5;4
56294;5;4
56295;5;3
56296;5;1
56297;5;4
56298;5;3
56299;5;1
56300;5;3
56301;5;4
56302;5;3
56303;5;3
56304;5;4
56305;5;4
56306;5;3
56307;5;4
56308;5;1
56309;5;1
56310;5;3
56311;5;3
56312;5;3
56313;5;1
56314;5;1
56315;5;1
56316;5;1
56317;5;4
56318;5;4
56319;5;1
56320;5;4
56321;5;3
56322;5;4
56323;5;1
56324;5;4
56325;5;4
56326;5;4
56327;5;3
56328;5;4
56329;5;3
56330;5;1
56331;5;4
56332;5;4
56333;5;2
56334;5;2
56335;5;4
56336;5;3
56337;5;3
56338;5;1
56339;5;4
56340;5;4
56341;5;1
56342;5;1
56343;5;1
56344;5;4
56345;5;4
56346;5;1
56347;5;4
56348;5;3
56349;5;1
56350;5;1
56351;5;1
56352;5;1
56353;5;4
56354;5;3
56355;5;4
56356;5;1
56357;5;3
56358;5;4
56359;5;4
56360;5;3
56361;5;1
56362;5;3
56363;5;3
56364;5;1
56365;5;3
56366;5;1
56367;5;4
56368;5;1
56369;5;1
56370;5;3
56371;5;4
56372;5;1
56373;5;3
56374;5;3
56375;5;1
56376;5;4
56377;5;3
56378;5;4
56379;5;3
56380;5;3
56381;5;1
56382;5;3
56383;5;1
56384;5;3
56385;5;1
56386;5;3
56387;5;4
56388;5;3
56389;5;3
56390;5;4
56391;5;1
56392;5;3
56393;5;3
56394;5;4
56395;5;4
56396;5;4
56397;5;3
56398;5;4
56399;5;3
56400;5;3
56401;5;4
56402;5;3
56403;5;3
56404;5;3
56405;5;1
56406;5;1
56407;5;4
56408;5;4
56409;5;3
56410;5;4
56411;5;3
56412;5;4
56413;5;3
56414;5;3
56415;5;3
56416;5;3
56417;5;1
56418;5;3
56419;5;3
56420;5;3
56421;5;3
56422;5;4
56423;5;3
56424;5;3
56425;5;4
56426;5;4
56427;5;4
56428;5;3
56429;5;4
56430;5;3
56431;5;4
56432;5;4
56433;5;4
56434;5;4
56435;5;4
56436;5;4
56437;5;4
56438;5;1
56439;5;1
56440;5;3
56441;5;3
56442;5;3
56443;5;4
56444;5;3
56445;5;4
56446;5;4
56447;5;3
56448;5;4
56449;5;4
56450;5;4
56451;5;3
56452;5;1
56453;5;1
56454;5;1
56455;5;3
56456;5;1
56457;5;1
56458;5;1
56459;5;4
56460;5;3
56461;5;4
56462;5;4
56463;5;4
56464;5;4
56465;5;4
56466;5;4
56467;5;3
56468;5;4
56469;5;4
56470;5;4
56471;5;3
56472;5;1
56473;5;1
56474;5;4
56475;5;4
56476;5;3
56477;5;2
56478;5;4
56479;5;1
56480;5;1
56481;5;4
56482;5;1
56483;5;4
56484;5;1
56485;5;3
56486;5;3
56487;5;3
56488;5;4
56489;5;1
56490;5;4
56491;5;3
56492;5;1
56493;5;3
56494;5;4
56495;5;3
56496;5;1
56497;5;4
56498;5;4
56499;5;4
56500;5;4
56501;5;3
56502;5;1
56503;5;3
56504;5;1
56505;5;1
56506;5;3
56507;5;4
56508;5;3
56509;5;1
56510;5;3
56511;5;4
56512;5;4
56513;5;4
56514;5;1
56515;5;1
56516;5;4
56517;5;4
56518;5;1
56519;5;4
56520;5;3
56521;5;4
56522;5;1
56523;5;4
56524;5;1
56525;5;3
56526;5;1
56527;5;1
56528;5;4
56529;5;3
56530;5;4
56531;5;3
56532;5;4
56533;5;1
56534;5;4
56535;5;1
56536;5;4
56537;5;4
56538;5;1
56539;5;1
56540;5;3
56541;5;4
56542;5;1
56543;5;3
56544;5;1
56545;5;3
56546;5;4
56547;5;3
56548;5;3
56549;5;4
56550;5;4
56551;5;4
56552;5;4
56553;5;4
56554;5;1
56555;5;4
56556;5;4
56557;5;4
56558;5;3
56559;5;3
56560;5;3
56561;5;4
56562;5;3
56563;5;3
56564;5;4
56565;5;1
56566;5;1
56567;5;3
56568;5;4
56569;5;3
56570;5;1
56571;5;1
56572;5;1
56573;5;3
56574;5;1
56575;5;3
56576;5;3
56577;5;1
56578;5;4
56579;5;1
56580;5;3
56581;5;4
56582;5;4
56583;5;3
56584;5;4
56585;5;4
56586;5;1
56587;5;4
56588;5;4
56589;5;1
56590;5;1
56591;5;1
56592;5;4
56593;5;1
56594;5;3
56595;5;3
56596;5;3
56597;5;1
56598;5;4
56599;5;3
56600;5;1
56601;5;1
56602;5;4
56603;5;3
56604;5;4
56605;5;4
56606;5;1
56607;5;1
56608;5;3
56609;5;3
56610;5;3
56611;5;1
56612;5;1
56613;5;3
56614;5;4
56615;5;1
56616;5;4
56617;5;3
56618;5;1
56619;5;3
56620;5;4
56621;5;3
56622;5;4
56623;5;2
56624;5;1
56625;5;4
56626;5;3
56627;5;3
56628;5;3
56629;5;1
56630;5;4
56631;5;4
56632;5;4
56633;5;4
56634;5;1
56635;5;3
56636;5;3
56637;5;3
56638;5;3
56639;5;3
56640;5;3
56641;5;1
56642;5;4
56643;5;3
56644;5;4
56645;5;1
56646;5;4
56647;5;3
56648;5;3
56649;5;4
56650;5;1
56651;5;3
56652;5;4
56653;5;3
56654;5;3
56655;5;3
56656;5;4
56657;5;4
56658;5;2
56659;5;3
56660;5;3
56661;5;3
56662;5;3
56663;5;3
56664;5;3
56665;5;3
56666;5;3
56667;5;2
56668;5;4
56669;5;3
56670;5;4
56671;5;3
56672;5;1
56673;5;4
56674;5;4
56675;5;4
56676;5;4
56677;5;3
56678;5;3
56679;5;4
56680;5;1
56681;5;4
56682;5;4
56683;5;4
56684;5;1
56685;5;1
56686;5;3
56687;5;3
56688;5;1
56689;5;4
56690;5;1
56691;5;1
56692;5;2
56693;5;4
56694;5;3
56695;5;4
56696;5;4
56697;5;3
56698;5;1
56699;5;1
56700;5;1
56701;5;1
56702;5;3
56703;5;1
56704;5;3
56705;5;3
56706;5;2
56707;5;4
56708;5;4
56709;5;3
56710;5;4
56711;5;3
56712;5;3
56713;5;4
56714;5;1
56715;5;4
56716;5;4
56717;5;4
56718;5;4
56719;5;3
56720;5;4
56721;5;4
56722;5;2
56723;5;3
56724;5;4
56725;5;4
56726;5;4
56727;5;1
56728;5;3
56729;5;4
56730;5;1
56731;5;1
56732;5;4
56733;5;3
56734;5;3
56735;5;3
56736;5;1
56737;5;4
56738;5;1
56739;5;1
56740;5;3
56741;5;3
56742;5;1
56743;5;4
56744;5;3
56745;5;4
56746;5;1
56747;5;2
56748;5;3
56749;5;4
56750;5;3
56751;5;4
56752;5;4
56753;5;1
56754;5;1
56755;5;4
56756;5;1
56757;5;1
56758;5;1
56759;5;4
56760;5;3
56761;5;3
56762;5;4
56763;5;1
56764;5;1
56765;5;4
56766;5;4
56767;5;1
56768;5;3
56769;5;1
56770;5;3
56771;5;1
56772;5;1
56773;5;3
56774;5;1
56775;5;1
56776;5;3
56777;5;3
56778;5;1
56779;5;1
56780;5;3
56781;5;1
56782;5;4
56783;5;4
56784;5;1
56785;5;1
56786;5;3
56787;5;1
56788;5;1
56789;5;3
56790;5;1
56791;5;4
56792;5;3
56793;5;3
56794;5;1
56795;5;4
56796;5;3
56797;5;4
56798;5;3
56799;5;4
56800;5;3
56801;5;4
56802;5;4
56803;5;4
56804;5;3
56805;5;1
56806;5;1
56807;5;4
56808;5;3
56809;5;4
56810;5;4
56811;5;1
56812;5;1
56813;5;4
56814;5;3
56815;5;1
56816;5;3
56817;5;1
56818;5;4
56819;5;1
56820;5;3
56821;5;3
56822;5;3
56823;5;1
56824;5;1
56825;5;1
56826;5;4
56827;5;3
56828;5;4
56829;5;4
56830;5;1
56831;5;3
56832;5;3
56833;5;1
56834;5;3
56835;5;3
56836;5;1
56837;5;4
56838;5;4
56839;5;4
56840;5;4
56841;5;1
56842;5;4
56843;5;1
56844;5;4
56845;5;3
56846;5;3
56847;5;2
56848;5;1
56849;5;1
56850;5;4
56851;5;3
56852;5;4
56853;5;1
56854;5;4
56855;5;1
56856;5;1
56857;5;4
56858;5;4
56859;5;3
56860;5;4
56861;5;4
56862;5;1
56863;5;3
56864;5;4
56865;5;4
56866;5;4
56867;5;4
56868;5;1
56869;5;3
56870;5;4
56871;5;4
56872;5;1
56873;5;3
56874;5;4
56875;5;2
56876;5;1
56877;5;4
56878;5;3
56879;5;4
56880;5;4
56881;5;4
56882;5;4
56883;5;3
56884;5;3
56885;5;3
56886;5;4
56887;5;2
56888;5;2
56889;5;3
56890;5;3
56891;5;1
56892;5;4
56893;5;4
56894;5;1
56895;5;3
56896;5;1
56897;5;1
56898;5;4
56899;5;1
56900;5;3
56901;5;1
56902;5;4
56903;5;1
56904;5;4
56905;5;3
56906;5;1
56907;5;3
56908;5;4
56909;5;4
56910;5;3
56911;5;2
56912;5;4
56913;5;3
56914;5;3
56915;5;4
56916;5;3
56917;5;1
56918;5;4
56919;5;4
56920;5;3
56921;5;3
56922;5;1
56923;5;3
56924;5;1
56925;5;3
56926;5;4
56927;5;3
56928;5;3
56929;5;1
56930;5;4
56931;5;4
56932;5;3
56933;5;1
56934;5;4
56935;5;4
56936;5;3
56937;5;3
56938;5;3
56939;5;3
56940;5;1
56941;5;1
56942;5;3
56943;5;1
56944;5;3
56945;5;4
56946;5;1
56947;5;1
56948;5;3
56949;5;1
56950;5;3
56951;5;3
56952;5;4
56953;5;3
56954;5;1
56955;5;4
56956;5;3
56957;5;4
56958;5;4
56959;5;4
56960;5;1
56961;5;1
56962;5;4
56963;5;1
56964;5;3
56965;5;1
56966;5;3
56967;5;4
56968;5;1
56969;5;4
56970;5;4
56971;5;4
56972;5;1
56973;5;3
56974;5;1
56975;5;1
56976;5;1
56977;5;1
56978;5;4
56979;5;4
56980;5;3
56981;5;1
56982;5;1
56983;5;1
56984;5;2
56985;5;1
56986;5;3
56987;5;1
56988;5;1
56989;5;3
56990;5;1
56991;5;4
56992;5;4
56993;5;3
56994;5;1
56995;5;4
56996;5;1
56997;5;1
56998;5;3
56999;5;4
57000;5;3
57001;5;3
57002;5;4
57003;5;1
57004;5;4
57005;5;1
57006;5;1
57007;5;1
57008;5;4
57009;5;3
57010;5;3
57011;5;3
57012;5;3
57013;5;3
57014;5;3
57015;5;4
57016;5;3
57017;5;4
57018;5;3
57019;5;4
57020;5;3
57021;5;3
57022;5;3
57023;5;3
57024;5;4
57025;5;1
57026;5;2
57027;5;1
57028;5;4
57029;5;1
57030;5;3
57031;5;3
57032;5;4
57033;5;4
57034;5;1
57035;5;4
57036;5;4
57037;5;3
57038;5;4
57039;5;3
57040;5;3
57041;5;1
57042;5;4
57043;5;1
57044;5;3
57045;5;3
57046;5;1
57047;5;3
57048;5;4
57049;5;4
57050;5;4
57051;5;1
57052;5;3
57053;5;4
57054;5;2
57055;5;4
57056;5;1
57057;5;4
57058;5;4
57059;5;4
57060;5;4
57061;5;4
57062;5;1
57063;5;1
57064;5;3
57065;5;4
57066;5;4
57067;5;1
57068;5;1
57069;5;4
57070;5;1
57071;5;1
57072;5;1
57073;5;4
57074;5;1
57075;5;4
57076;5;3
57077;5;4
57078;5;1
57079;5;4
57080;5;1
57081;5;1
57082;5;4
57083;5;3
57084;5;3
57085;5;4
57086;5;4
57087;5;3
57088;5;1
57089;5;3
57090;5;1
57091;5;3
57092;5;1
57093;5;4
57094;5;4
57095;5;1
57096;5;1
57097;5;1
57098;5;4
57099;5;4
57100;5;4
57101;5;3
57102;5;1
57103;5;4
57104;5;1
57105;5;4
57106;5;1
57107;5;3
57108;5;3
57109;5;4
57110;5;4
57111;5;1
57112;5;3
57113;5;4
57114;5;1
57115;5;1
57116;5;3
57117;5;4
57118;5;1
57119;5;1
57120;5;3
57121;5;3
57122;5;3
57123;5;4
57124;5;4
57125;5;4
57126;5;3
57127;5;3
57128;5;1
57129;5;1
57130;5;1
57131;5;1
57132;5;4
57133;5;4
57134;5;4
57135;5;4
57136;5;3
57137;5;1
57138;5;3
57139;5;3
57140;5;3
57141;5;3
57142;5;3
57143;5;3
57144;5;1
57145;5;4
57146;5;4
57147;5;4
57148;5;3
57149;5;2
57150;5;1
57151;5;1
57152;5;1
57153;5;3
57154;5;4
57155;5;4
57156;5;3
57157;5;3
57158;5;3
57159;5;4
57160;5;4
57161;5;1
57162;5;2
57163;5;4
57164;5;4
57165;5;4
57166;5;4
57167;5;4
57168;5;3
57169;5;3
57170;5;2
57171;5;3
57172;5;4
57173;5;3
57174;5;3
57175;5;1
57176;5;4
57177;5;3
57178;5;4
57179;5;3
57180;5;4
57181;5;3
57182;5;1
57183;5;1
57184;5;1
57185;5;1
57186;5;1
57187;5;4
57188;5;3
57189;5;4
57190;5;3
57191;5;1
57192;5;4
57193;5;1
57194;5;3
57195;5;1
57196;5;1
57197;5;4
57198;5;1
57199;5;1
57200;5;1
57201;5;3
57202;5;1
57203;5;4
57204;5;3
57205;5;1
57206;5;4
57207;5;4
57208;5;1
57209;5;4
57210;5;4
57211;5;4
57212;5;1
57213;5;1
57214;5;2
57215;5;3
57216;5;4
57217;5;3
57218;5;1
57219;5;1
57220;5;1
57221;5;1
57222;5;4
57223;5;3
57224;5;3
57225;5;1
57226;5;2
57227;5;4
57228;5;4
57229;5;4
57230;5;3
57231;5;1
57232;5;4
57233;5;1
57234;5;1
57235;5;4
57236;5;4
57237;5;1
57238;5;1
57239;5;1
57240;5;4
57241;5;1
57242;5;4
57243;5;3
57244;5;4
57245;5;3
57246;5;1
57247;5;1
57248;5;1
57249;5;1
57250;5;4
57251;5;3
57252;5;4
57253;5;1
57254;5;2
57255;5;1
57256;5;4
57257;5;1
57258;5;1
57259;5;4
57260;5;3
57261;5;1
57262;5;2
57263;5;4
57264;5;1
57265;5;1
57266;5;1
57267;5;3
57268;5;2
57269;5;1
57270;5;1
57271;5;1
57272;5;1
57273;5;4
57274;5;3
57275;5;3
57276;5;4
57277;5;1
57278;5;4
57279;5;3
57280;5;2
57281;5;4
57282;5;3
57283;5;1
57284;5;3
57285;5;1
57286;5;2
57287;5;1
57288;5;1
57289;5;1
57290;5;4
57291;5;3
57292;5;2
57293;5;4
57294;5;1
57295;5;3
57296;5;4
57297;5;3
57298;5;3
57299;5;1
57300;5;3
57301;5;3
57302;5;4
57303;5;4
57304;5;1
57305;5;1
57306;5;1
57307;5;1
57308;5;1
57309;5;2
57310;5;4
57311;5;1
57312;5;4
57313;5;3
57314;5;1
57315;5;1
57316;5;1
57317;5;1
57318;5;1
57319;5;2
57320;5;1
57321;5;1
57322;5;1
57323;5;1
57324;5;3
57325;5;3
57326;5;3
57327;5;1
57328;5;4
57329;5;1
57330;5;1
57331;5;3
57332;5;1
57333;5;1
57334;5;1
57335;5;4
57336;5;4
57337;5;1
57338;5;3
57339;5;4
57340;5;4
57341;5;1
57342;5;4
57343;5;1
57344;5;3
57345;5;1
57346;5;2
57347;5;4
57348;5;1
57349;5;1
57350;5;1
57351;5;1
57352;5;3
57353;5;1
57354;5;4
57355;5;3
57356;5;1
57357;5;1
57358;5;3
57359;5;1
57360;5;1
57361;5;2
57362;5;3
57363;5;4
57364;5;3
57365;5;4
57366;5;4
57367;5;4
57368;5;3
57369;5;1
57370;5;4
57371;5;1
57372;5;4
57373;5;1
57374;5;3
57375;5;3
57376;5;1
57377;5;4
57378;5;4
57379;5;1
57380;5;3
57381;5;3
57382;5;1
57383;5;1
57384;5;3
57385;5;4
57386;5;4
57387;5;4
57388;5;1
57389;5;1
57390;5;1
57391;5;3
57392;5;4
57393;5;3
57394;5;1
57395;5;4
57396;5;3
57397;5;1
57398;5;4
57399;5;4
57400;5;1
57401;5;2
57402;5;2
57403;5;1
57404;5;4
57405;5;4
57406;5;4
57407;5;4
57408;5;1
57409;5;1
57410;5;3
57411;5;1
57412;5;3
57413;5;1
57414;5;1
57415;5;1
57416;5;4
57417;5;1
57418;5;3
57419;5;4
57420;5;3
57421;5;3
57422;5;4
57423;5;1
57424;5;1
57425;5;1
57426;5;1
57427;5;4
57428;5;4
57429;5;3
57430;5;4
57431;5;3
57432;5;4
57433;5;1
57434;5;3
57435;5;3
57436;5;4
57437;5;1
57438;5;1
57439;5;3
57440;5;4
57441;5;3
57442;5;4
57443;5;1
57444;5;2
57445;5;3
57446;5;1
57447;5;4
57448;5;4
57449;5;1
57450;5;4
57451;5;1
57452;5;4
57453;5;1
57454;5;1
57455;5;4
57456;5;3
57457;5;1
57458;5;4
57459;5;4
57460;5;3
57461;5;1
57462;5;3
57463;5;1
57464;5;4
57465;5;1
57466;5;1
57467;5;4
57468;5;1
57469;5;2
57470;5;4
57471;5;1
57472;5;1
57473;5;3
57474;5;3
57475;5;3
57476;5;3
57477;5;3
57478;5;2
57479;5;4
57480;5;4
57481;5;4
57482;5;4
57483;5;4
57484;5;1
57485;5;1
57486;5;3
57487;5;3
57488;5;1
57489;5;4
57490;5;1
57491;5;1
57492;5;1
57493;5;3
57494;5;1
57495;5;3
57496;5;1
57497;5;4
57498;5;1
57499;5;3
57500;5;1
57501;5;3
57502;5;3
57503;5;3
57504;5;3
57505;5;3
57506;5;3
57507;5;3
57508;5;3
57509;5;4
57510;5;3
57511;5;1
57512;5;3
57513;5;1
57514;5;1
57515;5;4
57516;5;1
57517;5;1
57518;5;3
57519;5;3
57520;5;3
57521;5;1
57522;5;3
57523;5;3
57524;5;3
57525;5;1
57526;5;1
57527;5;4
57528;5;4
57529;5;1
57530;5;3
57531;5;1
57532;5;3
57533;5;1
57534;5;3
57535;5;3
57536;5;3
57537;5;2
57538;5;4
57539;5;3
57540;5;1
57541;5;3
57542;5;1
57543;5;3
57544;5;4
57545;5;3
57546;5;3
57547;5;4
57548;5;1
57549;5;1
57550;5;1
57551;5;4
57552;5;1
57553;5;3
57554;5;4
57555;5;4
57556;5;4
57557;5;2
57558;5;3
57559;5;4
57560;5;3
57561;5;4
57562;5;2
57563;5;3
57564;5;1
57565;5;1
57566;5;1
57567;5;1
57568;5;1
57569;5;3
57570;5;1
57571;5;4
57572;5;4
57573;5;1
57574;5;1
57575;5;4
57576;5;3
57577;5;1
57578;5;3
57579;5;1
57580;5;1
57581;5;3
57582;5;3
57583;5;3
57584;5;3
57585;5;1
57586;5;1
57587;5;3
57588;5;1
57589;5;4
57590;5;4
57591;5;4
57592;5;3
57593;5;3
57594;5;4
57595;5;1
57596;5;4
57597;5;3
57598;5;1
57599;5;3
57600;5;1
57601;5;1
57602;5;4
57603;5;4
57604;5;4
57605;5;3
57606;5;3
57607;5;3
57608;5;4
57609;5;3
57610;5;3
57611;5;4
57612;5;4
57613;5;4
57614;5;4
57615;5;4
57616;5;4
57617;5;4
57618;5;4
57619;5;4
57620;5;3
57621;5;4
57622;5;4
57623;5;1
57624;5;4
57625;5;4
57626;5;1
57627;5;3
57628;5;4
57629;5;3
57630;5;1
57631;5;1
57632;5;4
57633;5;4
57634;5;3
57635;5;3
57636;5;1
57637;5;4
57638;5;4
57639;5;3
57640;5;1
57641;5;3
57642;5;4
57643;5;3
57644;5;4
57645;5;3
57646;5;1
57647;5;4
57648;5;3
57649;5;1
57650;5;4
57651;5;3
57652;5;4
57653;5;4
57654;5;4
57655;5;1
57656;5;3
57657;5;4
57658;5;1
57659;5;4
57660;5;2
57661;5;1
57662;5;3
57663;5;4
57664;5;1
57665;5;1
57666;5;3
57667;5;1
57668;5;3
57669;5;1
57670;5;4
57671;5;4
57672;5;1
57673;5;4
57674;5;3
57675;5;1
57676;5;1
57677;5;1
57678;5;1
57679;5;2
57680;5;1
57681;5;4
57682;5;4
57683;5;4
57684;5;1
57685;5;3
57686;5;3
57687;5;4
57688;5;3
57689;5;3
57690;5;3
57691;5;4
57692;5;3
57693;5;3
57694;5;4
57695;5;4
57696;5;1
57697;5;3
57698;5;3
57699;5;1
57700;5;4
57701;5;4
57702;5;1
57703;5;4
57704;5;3
57705;5;1
57706;5;1
57707;5;4
57708;5;3
57709;5;4
57710;5;3
57711;5;3
57712;5;1
57713;5;3
57714;5;3
57715;5;3
57716;5;4
57717;5;1
57718;5;3
57719;5;3
57720;5;3
57721;5;1
57722;5;2
57723;5;2
57724;5;3
57725;5;4
57726;5;4
57727;5;3
57728;5;3
57729;5;3
57730;5;4
57731;5;2
57732;5;3
57733;5;4
57734;5;4
57735;5;4
57736;5;3
57737;5;4
57738;5;3
57739;5;1
57740;5;1
57741;5;4
57742;5;3
57743;5;3
57744;5;3
57745;5;4
57746;5;1
57747;5;4
57748;5;4
57749;5;4
57750;5;1
57751;5;4
57752;5;4
57753;5;3
57754;5;3
57755;5;4
57756;5;3
57757;5;4
57758;5;4
57759;5;3
57760;5;3
57761;5;4
57762;5;4
57763;5;3
57764;5;4
57765;5;4
57766;5;3
57767;5;4
57768;5;3
57769;5;3
57770;5;4
57771;5;3
57772;5;3
57773;5;1
57774;5;2
57775;5;3
57776;5;3
57777;5;1
57778;5;4
57779;5;3
57780;5;1
57781;5;3
57782;5;3
57783;5;4
57784;5;4
57785;5;1
57786;5;4
57787;5;4
57788;5;3
57789;5;3
57790;5;4
57791;5;4
57792;5;4
57793;5;4
57794;5;4
57795;5;4
57796;5;3
57797;5;4
57798;5;3
57799;5;3
57800;5;3
57801;5;4
57802;5;4
57803;5;3
57804;5;4
57805;5;4
57806;5;3
57807;5;1
57808;5;4
57809;5;1
57810;5;3
57811;5;3
57812;5;1
57813;5;1
57814;5;1
57815;5;4
57816;5;4
57817;5;4
57818;5;4
57819;5;4
57820;5;3
57821;5;1
57822;5;1
57823;5;4
57824;5;4
57825;5;4
57826;5;1
57827;5;1
57828;5;4
57829;5;4
57830;5;4
57831;5;4
57832;5;4
57833;5;4
57834;5;4
57835;5;1
57836;5;4
57837;5;4
57838;5;3
57839;5;4
57840;5;3
57841;5;1
57842;5;4
57843;5;4
57844;5;1
57845;5;1
57846;5;3
57847;5;3
57848;5;1
57849;5;4
57850;5;4
57851;5;4
57852;5;4
57853;5;4
57854;5;4
57855;5;3
57856;5;3
57857;5;1
57858;5;3
57859;5;3
57860;5;3
57861;5;3
57862;5;3
57863;5;3
57864;5;4
57865;5;1
57866;5;4
57867;5;4
57868;5;4
57869;5;1
57870;5;1
57871;5;1
57872;5;4
57873;5;1
57874;5;4
57875;5;4
57876;5;3
57877;5;4
57878;5;4
57879;5;1
57880;5;4
57881;5;4
57882;5;4
57883;5;1
57884;5;1
57885;5;1
57886;5;1
57887;5;1
57888;5;1
57889;5;4
57890;5;1
57891;5;2
57892;5;1
57893;5;1
57894;5;1
57895;5;1
57896;5;4
57897;5;4
57898;5;4
57899;5;1
57900;5;1
57901;5;1
57902;5;1
57903;5;1
57904;5;1
57905;5;4
57906;5;1
57907;5;3
57908;5;3
57909;5;4
57910;5;1
57911;5;4
57912;5;4
57913;5;1
57914;5;4
57915;5;4
57916;5;4
57917;5;1
57918;5;4
57919;5;3
57920;5;4
57921;5;4
57922;5;1
57923;5;3
57924;5;2
57925;5;1
57926;5;1
57927;5;1
57928;5;4
57929;5;3
57930;5;1
57931;5;3
57932;5;1
57933;5;2
57934;5;1
57935;5;1
57936;5;4
57937;5;3
57938;5;4
57939;5;4
57940;5;3
57941;5;1
57942;5;1
57943;5;1
57944;5;4
57945;5;4
57946;5;3
57947;5;4
57948;5;3
57949;5;4
57950;5;1
57951;5;1
57952;5;4
57953;5;1
57954;5;2
57955;5;4
57956;5;1
57957;5;3
57958;5;4
57959;5;1
57960;5;1
57961;5;4
57962;5;1
57963;5;4
57964;5;1
57965;5;4
57966;5;1
57967;5;1
57968;5;1
57969;5;1
57970;5;4
57971;5;1
57972;5;2
57973;5;1
57974;5;4
57975;5;1
57976;5;1
57977;5;1
57978;5;1
57979;5;1
57980;5;1
57981;5;4
57982;5;4
57983;5;3
57984;5;1
57985;5;2
57986;5;1
57987;5;4
57988;5;1
57989;5;1
57990;5;4
57991;5;4
57992;5;1
57993;5;4
57994;5;1
57995;5;4
57996;5;2
57997;5;1
57998;5;1
57999;5;1
58000;5;1
58001;5;3
58002;5;1
58003;5;4
58004;5;1
58005;5;4
58006;5;1
58007;5;4
58008;5;1
58009;5;4
58010;5;3
58011;5;4
58012;5;1
58013;5;4
58014;5;4
58015;5;4
58016;5;3
58017;5;4
58018;5;4
58019;5;4
58020;5;1
58021;5;3
58022;5;4
58023;5;4
58024;5;1
58025;5;4
58026;5;3
58027;5;1
58028;5;4
58029;5;1
58030;5;4
58031;5;1
58032;5;1
58033;5;4
58034;5;1
58035;5;3
58036;5;3
58037;5;1
58038;5;4
58039;5;4
58040;5;1
58041;5;4
58042;5;1
58043;5;1
58044;5;3
58045;5;1
58046;5;1
58047;5;3
58048;5;3
58049;5;3
58050;5;1
58051;5;1
58052;5;1
58053;5;4
58054;5;1
58055;5;1
58056;5;3
58057;5;4
58058;5;4
58059;5;1
58060;5;1
58061;5;1
58062;5;4
58063;5;3
58064;5;1
58065;5;1
58066;5;4
58067;5;2
58068;5;1
58069;5;3
58070;5;4
58071;5;4
58072;5;3
58073;5;1
58074;5;1
58075;5;4
58076;5;3
58077;5;4
58078;5;4
58079;5;4
58080;5;3
58081;5;3
58082;5;4
58083;5;3
58084;5;4
58085;5;2
58086;5;4
58087;5;1
58088;5;4
58089;5;1
58090;5;1
58091;5;4
58092;5;1
58093;5;1
58094;5;4
58095;5;4
58096;5;4
58097;5;4
58098;5;4
58099;5;3
58100;5;4
58101;5;1
58102;5;3
58103;5;4
58104;5;3
58105;5;3
58106;5;4
58107;5;3
58108;5;3
58109;5;4
58110;5;4
58111;5;4
58112;5;2
58113;5;3
58114;5;3
58115;5;3
58116;5;3
58117;5;3
58118;5;3
58119;5;4
58120;5;3
58121;5;3
58122;5;1
58123;5;3
58124;5;3
58125;5;3
58126;5;1
58127;5;3
58128;5;4
58129;5;4
58130;5;4
58131;5;2
58132;5;4
58133;5;3
58134;5;3
58135;5;4
58136;5;3
58137;5;4
58138;5;2
58139;5;1
58140;5;1
58141;5;4
58142;5;1
58143;5;1
58144;5;1
58145;5;3
58146;5;1
58147;5;1
58148;5;3
58149;5;1
58150;5;3
58151;5;1
58152;5;3
58153;5;1
58154;5;4
58155;5;1
58156;5;4
58157;5;1
58158;5;1
58159;5;1
58160;5;4
58161;5;1
58162;5;3
58163;5;2
58164;5;1
58165;5;1
58166;5;3
58167;5;3
58168;5;4
58169;5;4
58170;5;3
58171;5;1
58172;5;3
58173;5;4
58174;5;4
58175;5;4
58176;5;3
58177;5;4
58178;5;3
58179;5;4
58180;5;4
58181;5;3
58182;5;3
58183;5;1
58184;5;1
58185;5;4
58186;5;4
58187;5;4
58188;5;3
58189;5;4
58190;5;3
58191;5;3
58192;5;3
58193;5;3
58194;5;3
58195;5;1
58196;5;4
58197;5;1
58198;5;4
58199;5;4
58200;5;4
58201;5;1
58202;5;4
58203;5;1
58204;5;1
58205;5;3
58206;5;1
58207;5;1
58208;5;3
58209;5;3
58210;5;3
58211;5;4
58212;5;3
58213;5;3
58214;5;1
58215;5;3
58216;5;4
58217;5;4
58218;5;4
58219;5;3
58220;5;3
58221;5;1
58222;5;1
58223;5;1
58224;5;3
58225;5;3
58226;5;4
58227;5;3
58228;5;4
58229;5;3
58230;5;4
58231;5;4
58232;5;1
58233;5;4
58234;5;4
58235;5;1
58236;5;3
58237;5;4
58238;5;3
58239;5;1
58240;5;1
58241;5;4
58242;5;4
58243;5;3
58244;5;1
58245;5;3
58246;5;4
58247;5;4
58248;5;3
58249;5;4
58250;5;4
58251;5;4
58252;5;3
58253;5;4
58254;5;3
58255;5;1
58256;5;4
58257;5;4
58258;5;3
58259;5;3
58260;5;1
58261;5;1
58262;5;1
58263;5;4
58264;5;1
58265;5;1
58266;5;3
58267;5;1
58268;5;4
58269;5;1
58270;5;4
58271;5;3
58272;5;1
58273;5;3
58274;5;3
58275;5;3
58276;5;3
58277;5;1
58278;5;4
58279;5;1
58280;5;1
58281;5;1
58282;5;1
58283;5;4
58284;5;3
58285;5;3
58286;5;4
58287;5;3
58288;5;1
58289;5;1
58290;5;3
58291;5;1
58292;5;3
58293;5;4
58294;5;2
58295;5;4
58296;5;4
58297;5;1
58298;5;1
58299;5;4
58300;5;3
58301;5;3
58302;5;4
58303;5;3
58304;5;4
58305;5;4
58306;5;3
58307;5;3
58308;5;4
58309;5;3
58310;5;3
58311;5;3
58312;5;4
58313;5;3
58314;5;4
58315;5;4
58316;5;1
58317;5;3
58318;5;3
58319;5;4
58320;5;2
58321;5;4
58322;5;3
58323;5;4
58324;5;3
58325;5;4
58326;5;4
58327;5;3
58328;5;3
58329;5;1
58330;5;4
58331;5;1
58332;5;1
58333;5;3
58334;5;3
58335;5;4
58336;5;3
58337;5;4
58338;5;1
58339;5;1
58340;5;1
58341;5;1
58342;5;4
58343;5;1
58344;5;4
58345;5;4
58346;5;3
58347;5;4
58348;5;4
58349;5;1
58350;5;3
58351;5;3
58352;5;1
58353;5;3
58354;5;3
58355;5;4
58356;5;4
58357;5;3
58358;5;1
58359;5;3
58360;5;3
58361;5;4
58362;5;4
58363;5;1
58364;5;1
58365;5;4
58366;5;3
58367;5;1
58368;5;4
58369;5;1
58370;5;3
58371;5;4
58372;5;4
58373;5;1
58374;5;3
58375;5;1
58376;5;3
58377;5;3
58378;5;3
58379;5;1
58380;5;3
58381;5;3
58382;5;3
58383;5;4
58384;5;3
58385;5;1
58386;5;3
58387;5;3
58388;5;3
58389;5;1
58390;5;1
58391;5;4
58392;5;3
58393;5;4
58394;5;4
58395;5;4
58396;5;1
58397;5;1
58398;5;1
58399;5;1
58400;5;1
58401;5;3
58402;5;4
58403;5;4
58404;5;3
58405;5;1
58406;5;3
58407;5;3
58408;5;1
58409;5;4
58410;5;4
58411;5;3
58412;5;3
58413;5;1
58414;5;4
58415;5;3
58416;5;1
58417;5;1
58418;5;4
58419;5;4
58420;5;3
58421;5;2
58422;5;1
58423;5;3
58424;5;1
58425;5;4
58426;5;1
58427;5;4
58428;5;4
58429;5;1
58430;5;2
58431;5;3
58432;5;4
58433;5;3
58434;5;1
58435;5;1
58436;5;4
58437;5;3
58438;5;1
58439;5;1
58440;5;4
58441;5;1
58442;5;3
58443;5;4
58444;5;4
58445;5;4
58446;5;4
58447;5;4
58448;5;1
58449;5;3
58450;5;3
58451;5;3
58452;5;4
58453;5;1
58454;5;1
58455;5;4
58456;5;1
58457;5;3
58458;5;4
58459;5;3
58460;5;1
58461;5;3
58462;5;1
58463;5;3
58464;5;1
58465;5;3
58466;5;3
58467;5;1
58468;5;3
58469;5;1
58470;5;4
58471;5;3
58472;5;1
58473;5;1
58474;5;3
58475;5;1
58476;5;3
58477;5;1
58478;5;1
58479;5;4
58480;5;4
58481;5;4
58482;5;1
58483;5;4
58484;5;4
58485;5;3
58486;5;4
58487;5;3
58488;5;3
58489;5;4
58490;5;1
58491;5;1
58492;5;3
58493;5;4
58494;5;1
58495;5;4
58496;5;3
58497;5;3
58498;5;3
58499;5;1
58500;5;3
58501;5;3
58502;5;3
58503;5;4
58504;5;3
58505;5;3
58506;5;1
58507;5;3
58508;5;3
58509;5;3
58510;5;3
58511;5;4
58512;5;3
58513;5;3
58514;5;4
58515;5;3
58516;5;1
58517;5;3
58518;5;4
58519;5;4
58520;5;3
58521;5;3
58522;5;3
58523;5;4
58524;5;4
58525;5;3
58526;5;3
58527;5;4
58528;5;3
58529;5;3
58530;5;3
58531;5;4
58532;5;4
58533;5;4
58534;5;3
58535;5;4
58536;5;1
58537;5;3
58538;5;1
58539;5;1
58540;5;3
58541;5;4
58542;5;1
58543;5;3
58544;5;3
58545;5;3
58546;5;3
58547;5;1
58548;5;3
58549;5;4
58550;5;4
58551;5;3
58552;5;3
58553;5;3
58554;5;4
58555;5;3
58556;5;3
58557;5;4
58558;5;4
58559;5;4
58560;5;3
58561;5;4
58562;5;4
58563;5;3
58564;5;3
58565;5;3
58566;5;3
58567;5;3
58568;5;3
58569;5;1
58570;5;4
58571;5;4
58572;5;1
58573;5;1
58574;5;1
58575;5;4
58576;5;4
58577;5;3
58578;5;4
58579;5;1
58580;5;3
58581;5;3
58582;5;3
58583;5;1
58584;5;3
58585;5;3
58586;5;4
58587;5;4
58588;5;4
58589;5;1
58590;5;4
58591;5;3
58592;5;3
58593;5;3
58594;5;3
58595;5;4
58596;5;4
58597;5;4
58598;5;3
58599;5;3
58600;5;4
58601;5;3
58602;5;1
58603;5;4
58604;5;1
58605;5;3
58606;5;1
58607;5;1
58608;5;4
58609;5;3
58610;5;4
58611;5;4
58612;5;3
58613;5;4
58614;5;3
58615;5;3
58616;5;3
58617;5;1
58618;5;4
58619;5;3
58620;5;4
58621;5;1
58622;5;1
58623;5;4
58624;5;3
58625;5;3
58626;5;3
58627;5;3
58628;5;3
58629;5;1
58630;5;3
58631;5;3
58632;5;4
58633;5;1
58634;5;3
58635;5;4
58636;5;1
58637;5;1
58638;5;3
58639;5;3
58640;5;2
58641;5;4
58642;5;3
58643;5;3
58644;5;3
58645;5;3
58646;5;4
58647;5;4
58648;5;4
58649;5;4
58650;5;4
58651;5;3
58652;5;3
58653;5;4
58654;5;1
58655;5;1
58656;5;4
58657;5;1
58658;5;3
58659;5;4
58660;5;1
58661;5;4
58662;5;4
58663;5;4
58664;5;3
58665;5;4
58666;5;4
58667;5;4
58668;5;4
58669;5;4
58670;5;4
58671;5;3
58672;5;4
58673;5;4
58674;5;4
58675;5;4
58676;5;4
58677;5;3
58678;5;4
58679;5;4
58680;5;3
58681;5;1
58682;5;4
58683;5;3
58684;5;4
58685;5;4
58686;5;3
58687;5;3
58688;5;4
58689;5;3
58690;5;4
58691;5;3
58692;5;4
58693;5;3
58694;5;4
58695;5;3
58696;5;4
58697;5;4
58698;5;4
58699;5;4
58700;5;4
58701;5;4
58702;5;3
58703;5;4
58704;5;1
58705;5;3
58706;5;4
58707;5;3
58708;5;3
58709;5;4
58710;5;4
58711;5;4
58712;5;4
58713;5;1
58714;5;4
58715;5;3
58716;5;4
58717;5;1
58718;5;3
58719;5;3
58720;5;4
58721;5;1
58722;5;1
58723;5;1
58724;5;4
58725;5;4
58726;5;4
58727;5;4
58728;5;1
58729;5;3
58730;5;3
58731;5;4
58732;5;4
58733;5;4
58734;5;3
58735;5;4
58736;5;4
58737;5;3
58738;5;1
58739;5;4
58740;5;3
58741;5;4
58742;5;4
58743;5;3
58744;5;4
58745;5;4
58746;5;3
58747;5;4
58748;5;1
58749;5;3
58750;5;3
58751;5;3
58752;5;1
58753;5;3
58754;5;3
58755;5;4
58756;5;3
58757;5;4
58758;5;1
58759;5;1
58760;5;4
58761;5;4
58762;5;1
58763;5;4
58764;5;1
58765;5;3
58766;5;3
58767;5;3
58768;5;4
58769;5;3
58770;5;1
58771;5;4
58772;5;4
58773;5;1
58774;5;4
58775;5;1
58776;5;1
58777;5;4
58778;5;1
58779;5;3
58780;5;4
58781;5;4
58782;5;3
58783;5;3
58784;5;4
58785;5;3
58786;5;1
58787;5;3
58788;5;3
58789;5;1
58790;5;3
58791;5;4
58792;5;2
58793;5;4
58794;5;4
58795;5;1
58796;5;4
58797;5;1
58798;5;4
58799;5;3
58800;5;4
58801;5;1
58802;5;1
58803;5;3
58804;5;4
58805;5;1
58806;5;4
58807;5;3
58808;5;4
58809;5;4
58810;5;4
58811;5;1
58812;5;3
58813;5;4
58814;5;1
58815;5;1
58816;5;3
58817;5;3
58818;5;2
58819;5;4
58820;5;3
58821;5;3
58822;5;4
58823;5;1
58824;5;2
58825;5;4
58826;5;2
58827;5;4
58828;5;4
58829;5;4
58830;5;4
58831;5;4
58832;5;4
58833;5;4
58834;5;3
58835;5;4
58836;5;3
58837;5;4
58838;5;4
58839;5;1
58840;5;4
58841;5;2
58842;5;4
58843;5;1
58844;5;1
58845;5;3
58846;5;1
58847;5;2
58848;5;3
58849;5;4
58850;5;3
58851;5;1
58852;5;3
58853;5;4
58854;5;3
58855;5;1
58856;5;4
58857;5;4
58858;5;4
58859;5;3
58860;5;3
58861;5;3
58862;5;4
58863;5;3
58864;5;3
58865;5;4
58866;5;4
58867;5;4
58868;5;4
58869;5;3
58870;5;1
58871;5;1
58872;5;3
58873;5;4
58874;5;3
58875;5;3
58876;5;4
58877;5;3
58878;5;1
58879;5;1
58880;5;4
58881;5;1
58882;5;1
58883;5;2
58884;5;1
58885;5;3
58886;5;4
58887;5;3
58888;5;4
58889;5;3
58890;5;1
58891;5;1
58892;5;4
58893;5;4
58894;5;3
58895;5;1
58896;5;1
58897;5;1
58898;5;4
58899;5;4
58900;5;1
58901;5;3
58902;5;4
58903;5;3
58904;5;3
58905;5;4
58906;5;4
58907;5;4
58908;5;4
58909;5;4
58910;5;4
58911;5;4
58912;5;3
58913;5;3
58914;5;3
58915;5;3
58916;5;1
58917;5;1
58918;5;1
58919;5;1
58920;5;4
58921;5;1
58922;5;3
58923;5;1
58924;5;1
58925;5;4
58926;5;3
58927;5;4
58928;5;3
58929;5;1
58930;5;4
58931;5;1
58932;5;1
58933;5;3
58934;5;1
58935;5;3
58936;5;3
58937;5;3
58938;5;4
58939;5;3
58940;5;1
58941;5;3
58942;5;3
58943;5;3
58944;5;4
58945;5;1
58946;5;3
58947;5;1
58948;5;3
58949;5;4
58950;5;3
58951;5;4
58952;5;4
58953;5;3
58954;5;3
58955;5;4
58956;5;4
58957;5;3
58958;5;3
58959;5;3
58960;5;3
58961;5;4
58962;5;4
58963;5;1
58964;5;3
58965;5;3
58966;5;4
58967;5;3
58968;5;4
58969;5;3
58970;5;4
58971;5;3
58972;5;4
58973;5;3
58974;5;3
58975;5;3
58976;5;4
58977;5;1
58978;5;3
58979;5;4
58980;5;1
58981;5;4
58982;5;4
58983;5;3
58984;5;3
58985;5;3
58986;5;1
58987;5;3
58988;5;4
58989;5;4
58990;5;4
58991;5;3
58992;5;3
58993;5;3
58994;5;1
58995;5;4
58996;5;3
58997;5;4
58998;5;1
58999;5;3
59000;5;1
59001;5;4
59002;5;3
59003;5;1
59004;5;1
59005;5;3
59006;5;1
59007;5;1
59008;5;4
59009;5;3
59010;5;1
59011;5;3
59012;5;1
59013;5;4
59014;5;1
59015;5;4
59016;5;1
59017;5;1
59018;5;1
59019;5;2
59020;5;1
59021;5;1
59022;5;4
59023;5;1
59024;5;4
59025;5;1
59026;5;2
59027;5;2
59028;5;1
59029;5;4
59030;5;3
59031;5;3
59032;5;4
59033;5;4
59034;5;2
59035;5;4
59036;5;2
59037;5;3
59038;5;2
59039;5;1
59040;5;3
59041;5;2
59042;5;4
59043;5;1
59044;5;4
59045;5;4
59046;5;3
59047;5;3
59048;5;4
59049;5;3
59050;5;4
59051;5;1
59052;5;4
59053;5;3
59054;5;1
59055;5;3
59056;5;1
59057;5;1
59058;5;4
59059;5;1
59060;5;1
59061;5;4
59062;5;3
59063;5;1
59064;5;1
59065;5;1
59066;5;3
59067;5;4
59068;5;1
59069;5;4
59070;5;1
59071;5;4
59072;5;2
59073;5;3
59074;5;1
59075;5;3
59076;5;1
59077;5;3
59078;5;1
59079;5;1
59080;5;4
59081;5;3
59082;5;3
59083;5;3
59084;5;3
59085;5;3
59086;5;1
59087;5;4
59088;5;1
59089;5;4
59090;5;3
59091;5;3
59092;5;1
59093;5;3
59094;5;3
59095;5;4
59096;5;1
59097;5;4
59098;5;1
59099;5;4
59100;5;3
59101;5;4
59102;5;3
59103;5;4
59104;5;1
59105;5;4
59106;5;1
59107;5;1
59108;5;3
59109;5;4
59110;5;1
59111;5;3
59112;5;4
59113;5;1
59114;5;3
59115;5;1
59116;5;1
59117;5;3
59118;5;3
59119;5;3
59120;5;3
59121;5;4
59122;5;1
59123;5;4
59124;5;1
59125;5;4
59126;5;4
59127;5;4
59128;5;4
59129;5;3
59130;5;2
59131;5;1
59132;5;4
59133;5;4
59134;5;1
59135;5;4
59136;5;4
59137;5;3
59138;5;4
59139;5;3
59140;5;1
59141;5;4
59142;5;1
59143;5;3
59144;5;4
59145;5;1
59146;5;1
59147;5;1
59148;5;1
59149;5;1
59150;5;1
59151;5;1
59152;5;4
59153;5;1
59154;5;1
59155;5;1
59156;5;4
59157;5;4
59158;5;4
59159;5;1
59160;5;1
59161;5;1
59162;5;3
59163;5;1
59164;5;1
59165;5;1
59166;5;1
59167;5;3
59168;5;4
59169;5;4
59170;5;1
59171;5;2
59172;5;1
59173;5;1
59174;5;4
59175;5;3
59176;5;4
59177;5;1
59178;5;3
59179;5;3
59180;5;3
59181;5;4
59182;5;3
59183;5;4
59184;5;4
59185;5;1
59186;5;3
59187;5;4
59188;5;1
59189;5;4
59190;5;3
59191;5;4
59192;5;3
59193;5;4
59194;5;1
59195;5;4
59196;5;1
59197;5;3
59198;5;3
59199;5;4
59200;5;1
59201;5;1
59202;5;4
59203;5;3
59204;5;1
59205;5;3
59206;5;3
59207;5;4
59208;5;3
59209;5;4
59210;5;4
59211;5;2
59212;5;1
59213;5;3
59214;5;4
59215;5;3
59216;5;3
59217;5;3
59218;5;4
59219;5;4
59220;5;1
59221;5;1
59222;5;3
59223;5;4
59224;5;1
59225;5;4
59226;5;4
59227;5;4
59228;5;3
59229;5;4
59230;5;2
59231;5;3
59232;5;3
59233;5;4
59234;5;3
59235;5;4
59236;5;3
59237;5;4
59238;5;4
59239;5;4
59240;5;4
59241;5;4
59242;5;3
59243;5;4
59244;5;4
59245;5;3
59246;5;1
59247;5;1
59248;5;1
59249;5;4
59250;5;1
59251;5;1
59252;5;4
59253;5;3
59254;5;1
59255;5;4
59256;5;4
59257;5;4
59258;5;4
59259;5;3
59260;5;3
59261;5;3
59262;5;4
59263;5;3
59264;5;3
59265;5;3
59266;5;4
59267;5;4
59268;5;3
59269;5;4
59270;5;4
59271;5;3
59272;5;4
59273;5;3
59274;5;1
59275;5;3
59276;5;1
59277;5;4
59278;5;4
59279;5;3
59280;5;4
59281;5;4
59282;5;3
59283;5;3
59284;5;3
59285;5;3
59286;5;4
59287;5;4
59288;5;3
59289;5;4
59290;5;3
59291;5;2
59292;5;3
59293;5;3
59294;5;2
59295;5;3
59296;5;3
59297;5;1
59298;5;3
59299;5;3
59300;5;3
59301;5;3
59302;5;3
59303;5;3
59304;5;3
59305;5;4
59306;5;3
59307;5;4
59308;5;3
59309;5;3
59310;5;3
59311;5;3
59312;5;3
59313;5;3
59314;5;3
59315;5;3
59316;5;3
59317;5;1
59318;5;3
59319;5;1
59320;5;4
59321;5;1
59322;5;3
59323;5;4
59324;5;4
59325;5;4
59326;5;3
59327;5;3
59328;5;3
59329;5;1
59330;5;2
59331;5;4
59332;5;1
59333;5;4
59334;5;4
59335;5;1
59336;5;4
59337;5;4
59338;5;1
59339;5;3
59340;5;4
59341;5;4
59342;5;3
59343;5;3
59344;5;1
59345;5;1
59346;5;1
59347;5;1
59348;5;3
59349;5;4
59350;5;4
59351;5;1
59352;5;1
59353;5;3
59354;5;2
59355;5;1
59356;5;4
59357;5;3
59358;5;1
59359;5;3
59360;5;4
59361;5;4
59362;5;4
59363;5;4
59364;5;4
59365;5;4
59366;5;1
59367;5;4
59368;5;1
59369;5;1
59370;5;4
59371;5;4
59372;5;3
59373;5;1
59374;5;1
59375;5;1
59376;5;4
59377;5;3
59378;5;4
59379;5;1
59380;5;3
59381;5;1
59382;5;4
59383;5;1
59384;5;1
59385;5;4
59386;5;1
59387;5;4
59388;5;4
59389;5;3
59390;5;3
59391;5;4
59392;5;4
59393;5;3
59394;5;3
59395;5;1
59396;5;3
59397;5;3
59398;5;3
59399;5;1
59400;5;1
59401;5;1
59402;5;1
59403;5;3
59404;5;1
59405;5;1
59406;5;1
59407;5;4
59408;5;4
59409;5;3
59410;5;4
59411;5;4
59412;5;3
59413;5;3
59414;5;4
59415;5;4
59416;5;4
59417;5;1
59418;5;4
59419;5;1
59420;5;4
59421;5;3
59422;5;4
59423;5;1
59424;5;4
59425;5;1
59426;5;3
59427;5;3
59428;5;1
59429;5;1
59430;5;4
59431;5;1
59432;5;4
59433;5;4
59434;5;1
59435;5;1
59436;5;4
59437;5;4
59438;5;4
59439;5;4
59440;5;3
59441;5;2
59442;5;4
59443;5;4
59444;5;3
59445;5;1
59446;5;4
59447;5;3
59448;5;4
59449;5;1
59450;5;4
59451;5;3
59452;5;1
59453;5;4
59454;5;1
59455;5;4
59456;5;4
59457;5;1
59458;5;3
59459;5;2
59460;5;4
59461;5;4
59462;5;1
59463;5;3
59464;5;3
59465;5;1
59466;5;4
59467;5;4
59468;5;4
59469;5;3
59470;5;1
59471;5;3
59472;5;4
59473;5;1
59474;5;1
59475;5;1
59476;5;4
59477;5;4
59478;5;4
59479;5;1
59480;5;3
59481;5;4
59482;5;1
59483;5;4
59484;5;3
59485;5;4
59486;5;1
59487;5;1
59488;5;3
59489;5;3
59490;5;3
59491;5;4
59492;5;4
59493;5;4
59494;5;1
59495;5;1
59496;5;1
59497;5;3
59498;5;4
59499;5;3
59500;5;1
59501;5;3
59502;5;4
59503;5;3
59504;5;1
59505;5;4
59506;5;1
59507;5;1
59508;5;3
59509;5;3
59510;5;3
59511;5;4
59512;5;3
59513;5;3
59514;5;4
59515;5;4
59516;5;3
59517;5;3
59518;5;4
59519;5;1
59520;5;1
59521;5;3
59522;5;1
59523;5;1
59524;5;4
59525;5;4
59526;5;4
59527;5;3
59528;5;1
59529;5;1
59530;5;4
59531;5;4
59532;5;1
59533;5;3
59534;5;4
59535;5;1
59536;5;4
59537;5;1
59538;5;3
59539;5;4
59540;5;1
59541;5;4
59542;5;4
59543;5;4
59544;5;4
59545;5;4
59546;5;1
59547;5;1
59548;5;1
59549;5;1
59550;5;4
59551;5;3
59552;5;1
59553;5;4
59554;5;3
59555;5;3
59556;5;4
59557;5;4
59558;5;1
59559;5;3
59560;5;3
59561;5;3
59562;5;4
59563;5;4
59564;5;4
59565;5;3
59566;5;1
59567;5;1
59568;5;4
59569;5;1
59570;5;1
59571;5;4
59572;5;4
59573;5;4
59574;5;1
59575;5;3
59576;5;3
59577;5;3
59578;5;4
59579;5;4
59580;5;4
59581;5;4
59582;5;3
59583;5;4
59584;5;3
59585;5;4
59586;5;4
59587;5;4
59588;5;1
59589;5;3
59590;5;4
59591;5;1
59592;5;3
59593;5;1
59594;5;1
59595;5;4
59596;5;1
59597;5;4
59598;5;3
59599;5;4
59600;5;3
59601;5;4
59602;5;1
59603;5;4
59604;5;1
59605;5;3
59606;5;1
59607;5;1
59608;5;1
59609;5;4
59610;5;4
59611;5;3
59612;5;1
59613;5;4
59614;5;3
59615;5;3
59616;5;4
59617;5;3
59618;5;4
59619;5;3
59620;5;4
59621;5;1
59622;5;4
59623;5;3
59624;5;3
59625;5;4
59626;5;1
59627;5;1
59628;5;4
59629;5;1
59630;5;4
59631;5;4
59632;5;1
59633;5;4
59634;5;3
59635;5;3
59636;5;4
59637;5;3
59638;5;4
59639;5;4
59640;5;4
59641;5;1
59642;5;3
59643;5;4
59644;5;4
59645;5;1
59646;5;1
59647;5;4
59648;5;4
59649;5;3
59650;5;3
59651;5;1
59652;5;4
59653;5;1
59654;5;3
59655;5;4
59656;5;3
59657;5;3
59658;5;3
59659;5;1
59660;5;3
59661;5;4
59662;5;1
59663;5;4
59664;5;4
59665;5;4
59666;5;3
59667;5;4
59668;5;4
59669;5;4
59670;5;1
59671;5;3
59672;5;1
59673;5;3
59674;5;1
59675;5;1
59676;5;1
59677;5;2
59678;5;4
59679;5;3
59680;5;3
59681;5;3
59682;5;4
59683;5;1
59684;5;4
59685;5;4
59686;5;3
59687;5;4
59688;5;4
59689;5;3
59690;5;2
59691;5;3
59692;5;1
59693;5;1
59694;5;1
59695;5;3
59696;5;1
59697;5;3
59698;5;3
59699;5;1
59700;5;3
59701;5;3
59702;5;4
59703;5;3
59704;5;3
59705;5;1
59706;5;1
59707;5;4
59708;5;3
59709;5;3
59710;5;4
59711;5;3
59712;5;3
59713;5;4
59714;5;4
59715;5;4
59716;5;3
59717;5;4
59718;5;1
59719;5;4
59720;5;3
59721;5;1
59722;5;4
59723;5;4
59724;5;3
59725;5;3
59726;5;4
59727;5;3
59728;5;3
59729;5;1
59730;5;4
59731;5;3
59732;5;3
59733;5;3
59734;5;4
59735;5;1
59736;5;2
59737;5;3
59738;5;3
59739;5;3
59740;5;1
59741;5;4
59742;5;4
59743;5;4
59744;5;4
59745;5;4
59746;5;4
59747;5;4
59748;5;3
59749;5;3
59750;5;3
59751;5;3
59752;5;3
59753;5;3
59754;5;1
59755;5;4
59756;5;4
59757;5;4
59758;5;4
59759;5;4
59760;5;4
59761;5;4
59762;5;4
59763;5;4
59764;5;3
59765;5;4
59766;5;1
59767;5;4
59768;5;1
59769;5;1
59770;5;4
59771;5;3
59772;5;3
59773;5;3
59774;5;4
59775;5;4
59776;5;1
59777;5;4
59778;5;3
59779;5;4
59780;5;4
59781;5;4
59782;5;4
59783;5;3
59784;5;4
59785;5;3
59786;5;4
59787;5;4
59788;5;4
59789;5;4
59790;5;4
59791;5;4
59792;5;3
59793;5;4
59794;5;1
59795;5;4
59796;5;3
59797;5;4
59798;5;1
59799;5;4
59800;5;3
59801;5;3
59802;5;3
59803;5;4
59804;5;1
59805;5;1
59806;5;1
59807;5;4
59808;5;3
59809;5;1
59810;5;3
59811;5;3
59812;5;4
59813;5;1
59814;5;3
59815;5;4
59816;5;4
59817;5;1
59818;5;4
59819;5;3
59820;5;3
59821;5;1
59822;5;4
59823;5;4
59824;5;4
59825;5;1
59826;5;1
59827;5;3
59828;5;3
59829;5;3
59830;5;4
59831;5;3
59832;5;3
59833;5;3
59834;5;3
59835;5;4
59836;5;3
59837;5;4
59838;5;1
59839;5;4
59840;5;4
59841;5;1
59842;5;4
59843;5;3
59844;5;3
59845;5;4
59846;5;3
59847;5;3
59848;5;3
59849;5;3
59850;5;3
59851;5;1
59852;5;4
59853;5;1
59854;5;1
59855;5;3
59856;5;3
59857;5;3
59858;5;1
59859;5;1
59860;5;4
59861;5;1
59862;5;3
59863;5;1
59864;5;4
59865;5;3
59866;5;4
59867;5;1
59868;5;4
59869;5;1
59870;5;3
59871;5;4
59872;5;1
59873;5;3
59874;5;3
59875;5;1
59876;5;4
59877;5;1
59878;5;1
59879;5;4
59880;5;3
59881;5;1
59882;5;4
59883;5;1
59884;5;4
59885;5;3
59886;5;1
59887;5;2
59888;5;3
59889;5;3
59890;5;1
59891;5;4
59892;5;1
59893;5;1
59894;5;4
59895;5;4
59896;5;3
59897;5;1
59898;5;4
59899;5;3
59900;5;1
59901;5;1
59902;5;2
59903;5;3
59904;5;1
59905;5;4
59906;5;2
59907;5;2
59908;5;1
59909;5;1
59910;5;1
59911;5;4
59912;5;1
59913;5;3
59914;5;1
59915;5;4
59916;5;4
59917;5;1
59918;5;4
59919;5;1
59920;5;4
59921;5;1
59922;5;1
59923;5;1
59924;5;4
59925;5;4
59926;5;1
59927;5;4
59928;5;1
59929;5;3
59930;5;4
59931;5;1
59932;5;4
59933;5;1
59934;5;4
59935;5;3
59936;5;4
59937;5;4
59938;5;3
59939;5;1
59940;5;3
59941;5;1
59942;5;1
59943;5;4
59944;5;3
59945;5;1
59946;5;4
59947;5;4
59948;5;1
59949;5;3
59950;5;1
59951;5;4
59952;5;1
59953;5;1
59954;5;1
59955;5;1
59956;5;3
59957;5;1
59958;5;4
59959;5;3
59960;5;1
59961;5;1
59962;5;4
59963;5;4
59964;5;1
59965;5;1
59966;5;1
59967;5;3
59968;5;4
59969;5;3
59970;5;1
59971;5;3
59972;5;4
59973;5;4
59974;5;3
59975;5;3
59976;5;4
59977;5;4
59978;5;4
59979;5;3
59980;5;4
59981;5;4
59982;5;3
59983;5;4
59984;5;4
59985;5;4
59986;5;1
59987;5;3
59988;5;3
59989;5;3
59990;5;1
59991;5;3
59992;5;4
59993;5;3
59994;5;3
59995;5;3
59996;5;1
59997;5;4
59998;5;3
59999;5;3
60000;5;4
60001;5;4
60002;5;3
60003;5;4
60004;5;4
60005;5;1
60006;5;4
60007;5;1
60008;5;3
60009;5;1
60010;5;4
60011;5;1
60012;5;3
60013;5;4
60014;5;4
60015;5;4
60016;5;4
60017;5;1
60018;5;3
60019;5;1
60020;5;1
60021;5;4
60022;5;3
60023;5;3
60024;5;1
60025;5;4
60026;5;3
60027;5;4
60028;5;4
60029;5;4
60030;5;3
60031;5;3
60032;5;3
60033;5;4
60034;5;4
60035;5;3
60036;5;1
60037;5;1
60038;5;1
60039;5;3
60040;5;3
60041;5;4
60042;5;4
60043;5;3
60044;5;3
60045;5;3
60046;5;4
60047;5;4
60048;5;4
60049;5;1
60050;5;4
60051;5;3
60052;5;1
60053;5;4
60054;5;3
60055;5;3
60056;5;3
60057;5;3
60058;5;3
60059;5;3
60060;5;3
60061;5;3
60062;5;4
60063;5;1
60064;5;1
60065;5;3
60066;5;1
60067;5;4
60068;5;3
60069;5;3
60070;5;1
60071;5;3
60072;5;4
60073;5;4
60074;5;3
60075;5;3
60076;5;4
60077;5;4
60078;5;4
60079;5;1
60080;5;4
60081;5;4
60082;5;3
60083;5;3
60084;5;3
60085;5;4
60086;5;1
60087;5;1
60088;5;1
60089;5;3
60090;5;1
60091;5;3
60092;5;1
60093;5;3
60094;5;3
60095;5;4
60096;5;4
60097;5;4
60098;5;3
60099;5;1
60100;5;3
60101;5;1
60102;5;4
60103;5;3
60104;5;3
60105;5;3
60106;5;4
60107;5;4
60108;5;4
60109;5;4
60110;5;4
60111;5;3
60112;5;4
60113;5;4
60114;5;3
60115;5;4
60116;5;4
60117;5;4
60118;5;4
60119;5;3
60120;5;1
60121;5;1
60122;5;4
60123;5;4
60124;5;1
60125;5;3
60126;5;4
60127;5;4
60128;5;1
60129;5;3
60130;5;3
60131;5;4
60132;5;3
60133;5;1
60134;5;1
60135;5;4
60136;5;1
60137;5;4
60138;5;1
60139;5;3
60140;5;1
60141;5;4
60142;5;4
60143;5;3
60144;5;4
60145;5;3
60146;5;4
60147;5;1
60148;5;4
60149;5;4
60150;5;4
60151;5;4
60152;5;4
60153;5;4
60154;5;4
60155;5;3
60156;5;3
60157;5;3
60158;5;4
60159;5;4
60160;5;3
60161;5;4
60162;5;3
60163;5;4
60164;5;4
60165;5;1
60166;5;1
60167;5;4
60168;5;4
60169;5;1
60170;5;4
60171;5;4
60172;5;4
60173;5;1
60174;5;4
60175;5;4
60176;5;4
60177;5;4
60178;5;1
60179;5;4
60180;5;1
60181;5;1
60182;5;4
60183;5;4
60184;5;4
60185;5;4
60186;5;4
60187;5;4
60188;5;3
60189;5;1
60190;5;1
60191;5;1
60192;5;3
60193;5;1
60194;5;4
60195;5;3
60196;5;4
60197;5;3
60198;5;4
60199;5;4
60200;5;4
60201;5;3
60202;5;3
60203;5;4
60204;5;3
60205;5;4
60206;5;4
60207;5;3
60208;5;4
60209;5;1
60210;5;1
60211;5;3
60212;5;4
60213;5;1
60214;5;3
60215;5;3
60216;5;3
60217;5;4
60218;5;3
60219;5;3
60220;5;3
60221;5;1
60222;5;3
60223;5;4
60224;5;3
60225;5;4
60226;5;1
60227;5;1
60228;5;3
60229;5;1
60230;5;1
60231;5;4
60232;5;4
60233;5;4
60234;5;4
60235;5;3
60236;5;1
60237;5;4
60238;5;1
60239;5;1
60240;5;3
60241;5;1
60242;5;3
60243;5;4
60244;5;3
60245;5;4
60246;5;3
60247;5;3
60248;5;4
60249;5;4
60250;5;3
60251;5;3
60252;5;4
60253;5;1
60254;5;3
60255;5;4
60256;5;4
60257;5;4
60258;5;4
60259;5;4
60260;5;4
60261;5;4
60262;5;3
60263;5;1
60264;5;3
60265;5;4
60266;5;3
60267;5;4
60268;5;4
60269;5;3
60270;5;1
60271;5;1
60272;5;1
60273;5;1
60274;5;4
60275;5;4
60276;5;1
60277;5;1
60278;5;1
60279;5;1
60280;5;1
60281;5;1
60282;5;4
60283;5;4
60284;5;4
60285;5;4
60286;5;4
60287;5;4
60288;5;4
60289;5;3
60290;5;1
60291;5;3
60292;5;4
60293;5;1
60294;5;4
60295;5;1
60296;5;4
60297;5;4
60298;5;4
60299;5;3
60300;5;4
60301;5;4
60302;5;4
60303;5;1
60304;5;4
60305;5;4
60306;5;3
60307;5;3
60308;5;4
60309;5;4
60310;5;4
60311;5;4
60312;5;4
60313;5;1
60314;5;4
60315;5;3
60316;5;4
60317;5;1
60318;5;1
60319;5;1
60320;5;4
60321;5;1
60322;5;3
60323;5;4
60324;5;3
60325;5;1
60326;5;3
60327;5;4
60328;5;1
60329;5;4
60330;5;1
60331;5;1
60332;5;1
60333;5;1
60334;5;1
60335;5;3
60336;5;3
60337;5;4
60338;5;1
60339;5;4
60340;5;4
60341;5;1
60342;5;1
60343;5;4
60344;5;4
60345;5;4
60346;5;2
60347;5;1
60348;5;1
60349;5;4
60350;5;4
60351;5;1
60352;5;4
60353;5;1
60354;5;1
60355;5;3
60356;5;4
60357;5;3
60358;5;1
60359;5;3
60360;5;3
60361;5;3
60362;5;3
60363;5;3
60364;5;4
60365;5;4
60366;5;4
60367;5;1
60368;5;3
60369;5;4
60370;5;3
60371;5;4
60372;5;4
60373;5;4
60374;5;3
60375;5;4
60376;5;4
60377;5;1
60378;5;3
60379;5;3
60380;5;3
60381;5;3
60382;5;3
60383;5;2
60384;5;4
60385;5;4
60386;5;3
60387;5;4
60388;5;4
60389;5;1
60390;5;4
60391;5;4
60392;5;3
60393;5;4
60394;5;4
60395;5;4
60396;5;1
60397;5;3
60398;5;3
60399;5;1
60400;5;1
60401;5;1
60402;5;4
60403;5;1
60404;5;3
60405;5;3
60406;5;3
60407;5;3
60408;5;4
60409;5;4
60410;5;3
60411;5;3
60412;5;3
60413;5;4
60414;5;4
60415;5;1
60416;5;4
60417;5;1
60418;5;3
60419;5;4
60420;5;3
60421;5;3
60422;5;4
60423;5;1
60424;5;3
60425;5;4
60426;5;4
60427;5;3
60428;5;3
60429;5;1
60430;5;3
60431;5;4
60432;5;1
60433;5;1
60434;5;3
60435;5;3
60436;5;3
60437;5;3
60438;5;3
60439;5;4
60440;5;4
60441;5;3
60442;5;4
60443;5;3
60444;5;4
60445;5;3
60446;5;4
60447;5;4
60448;5;3
60449;5;3
60450;5;3
60451;5;3
60452;5;3
60453;5;3
60454;5;3
60455;5;3
60456;5;3
60457;5;4
60458;5;3
60459;5;4
60460;5;3
60461;5;1
60462;5;2
60463;5;1
60464;5;4
60465;5;4
60466;5;4
60467;5;2
60468;5;4
60469;5;2
60470;5;4
60471;5;1
60472;5;3
60473;5;4
60474;5;4
60475;5;3
60476;5;1
60477;5;1
60478;5;2
60479;5;4
60480;5;3
60481;5;4
60482;5;3
60483;5;1
60484;5;4
60485;5;4
60486;5;1
60487;5;1
60488;5;4
60489;5;3
60490;5;1
60491;5;4
60492;5;1
60493;5;1
60494;5;4
60495;5;3
60496;5;3
60497;5;1
60498;5;2
60499;5;1
60500;5;4
60501;5;1
60502;5;1
60503;5;4
60504;5;4
60505;5;2
60506;5;2
60507;5;3
60508;5;4
60509;5;1
60510;5;1
60511;5;3
60512;5;1
60513;5;4
60514;5;4
60515;5;1
60516;5;4
60517;5;4
60518;5;4
60519;5;4
60520;5;1
60521;5;4
60522;5;3
60523;5;1
60524;5;4
60525;5;4
60526;5;4
60527;5;4
60528;5;1
60529;5;4
60530;5;4
60531;5;1
60532;5;4
60533;5;1
60534;5;4
60535;5;4
60536;5;3
60537;5;1
60538;5;3
60539;5;4
60540;5;3
60541;5;1
60542;5;3
60543;5;4
60544;5;3
60545;5;4
60546;5;1
60547;5;4
60548;5;1
60549;5;3
60550;5;3
60551;5;4
60552;5;3
60553;5;3
60554;5;3
60555;5;4
60556;5;4
60557;5;3
60558;5;4
60559;5;1
60560;5;1
60561;5;1
60562;5;1
60563;5;1
60564;5;1
60565;5;3
60566;5;3
60567;5;4
60568;5;1
60569;5;2
60570;5;4
60571;5;4
60572;5;1
60573;5;4
60574;5;1
60575;5;3
60576;5;4
60577;5;1
60578;5;4
60579;5;4
60580;5;4
60581;5;4
60582;5;1
60583;5;3
60584;5;4
60585;5;3
60586;5;4
60587;5;3
60588;5;3
60589;5;1
60590;5;4
60591;5;4
60592;5;1
60593;5;3
60594;5;3
60595;5;3
60596;5;2
60597;5;3
60598;5;1
60599;5;4
60600;5;1
60601;5;3
60602;5;1
60603;5;4
60604;5;1
60605;5;3
60606;5;4
60607;5;1
60608;5;3
60609;5;4
60610;5;4
60611;5;4
60612;5;3
60613;5;4
60614;5;4
60615;5;3
60616;5;4
60617;5;1
60618;5;2
60619;5;3
60620;5;1
60621;5;3
60622;5;3
60623;5;4
60624;5;4
60625;5;1
60626;5;1
60627;5;1
60628;5;1
60629;5;3
60630;5;1
60631;5;4
60632;5;3
60633;5;3
60634;5;4
60635;5;4
60636;5;3
60637;5;3
60638;5;3
60639;5;4
60640;5;3
60641;5;3
60642;5;3
60643;5;1
60644;5;4
60645;5;3
60646;5;1
60647;5;3
60648;5;4
60649;5;3
60650;5;3
60651;5;3
60652;5;1
60653;5;4
60654;5;1
60655;5;4
60656;5;3
60657;5;4
60658;5;4
60659;5;4
60660;5;3
60661;5;4
60662;5;3
60663;5;4
60664;5;3
60665;5;1
60666;5;3
60667;5;4
60668;5;4
60669;5;4
60670;5;4
60671;5;3
60672;5;1
60673;5;3
60674;5;3
60675;5;3
60676;5;4
60677;5;3
60678;5;4
60679;5;3
60680;5;4
60681;5;3
60682;5;1
60683;5;3
60684;5;3
60685;5;4
60686;5;3
60687;5;3
60688;5;4
60689;5;4
60690;5;1
60691;5;4
60692;5;4
60693;5;3
60694;5;4
60695;5;3
60696;5;3
60697;5;4
60698;5;1
60699;5;4
60700;5;3
60701;5;4
60702;5;4
60703;5;4
60704;5;4
60705;5;3
60706;5;3
60707;5;1
60708;5;3
60709;5;4
60710;5;3
60711;5;1
60712;5;3
60713;5;3
60714;5;1
60715;5;3
60716;5;4
60717;5;3
60718;5;1
60719;5;3
60720;5;3
60721;5;3
60722;5;3
60723;5;4
60724;5;4
60725;5;4
60726;5;4
60727;5;4
60728;5;1
60729;5;3
60730;5;1
60731;5;1
60732;5;4
60733;5;3
60734;5;4
60735;5;4
60736;5;4
60737;5;4
60738;5;1
60739;5;1
60740;5;3
60741;5;4
60742;5;3
60743;5;4
60744;5;4
60745;5;4
60746;5;3
60747;5;4
60748;5;3
60749;5;3
60750;5;4
60751;5;3
60752;5;1
60753;5;3
60754;5;2
60755;5;4
60756;5;3
60757;5;4
60758;5;4
60759;5;3
60760;5;3
60761;5;4
60762;5;4
60763;5;3
60764;5;3
60765;5;4
60766;5;3
60767;5;4
60768;5;3
60769;5;3
60770;5;3
60771;5;3
60772;5;3
60773;5;4
60774;5;4
60775;5;1
60776;5;1
60777;5;3
60778;5;1
60779;5;1
60780;5;1
60781;5;4
60782;5;3
60783;5;1
60784;5;4
60785;5;3
60786;5;3
60787;5;4
60788;5;3
60789;5;1
60790;5;4
60791;5;4
60792;5;1
60793;5;1
60794;5;3
60795;5;4
60796;5;4
60797;5;4
60798;5;1
60799;5;4
60800;5;3
60801;5;4
60802;5;4
60803;5;3
60804;5;3
60805;5;4
60806;5;4
60807;5;3
60808;5;3
60809;5;4
60810;5;4
60811;5;4
60812;5;4
60813;5;4
60814;5;1
60815;5;3
60816;5;4
60817;5;4
60818;5;4
60819;5;4
60820;5;1
60821;5;4
60822;5;3
60823;5;4
60824;5;3
60825;5;1
60826;5;3
60827;5;4
60828;5;3
60829;5;1
60830;5;4
60831;5;1
60832;5;3
60833;5;1
60834;5;1
60835;5;1
60836;5;4
60837;5;4
60838;5;1
60839;5;1
60840;5;4
60841;5;4
60842;5;1
60843;5;3
60844;5;4
60845;5;1
60846;5;3
60847;5;3
60848;5;3
60849;5;3
60850;5;4
60851;5;1
60852;5;3
60853;5;1
60854;5;2
60855;5;3
60856;5;4
60857;5;4
60858;5;3
60859;5;1
60860;5;1
60861;5;4
60862;5;4
60863;5;3
60864;5;4
60865;5;1
60866;5;1
60867;5;4
60868;5;3
60869;5;4
60870;5;3
60871;5;1
60872;5;1
60873;5;1
60874;5;3
60875;5;3
60876;5;1
60877;5;1
60878;5;3
60879;5;3
60880;5;3
60881;5;4
60882;5;1
60883;5;4
60884;5;3
60885;5;3
60886;5;1
60887;5;4
60888;5;3
60889;5;4
60890;5;4
60891;5;1
60892;5;4
60893;5;4
60894;5;4
60895;5;1
60896;5;4
60897;5;1
60898;5;3
60899;5;3
60900;5;1
60901;5;1
60902;5;4
60903;5;4
60904;5;4
60905;5;1
60906;5;4
60907;5;1
60908;5;4
60909;5;1
60910;5;4
60911;5;4
60912;5;3
60913;5;3
60914;5;4
60915;5;4
60916;5;4
60917;5;4
60918;5;3
60919;5;1
60920;5;3
60921;5;1
60922;5;1
60923;5;1
60924;5;3
60925;5;1
60926;5;3
60927;5;3
60928;5;4
60929;5;3
60930;5;4
60931;5;4
60932;5;3
60933;5;1
60934;5;3
60935;5;4
60936;5;3
60937;5;4
60938;5;4
60939;5;4
60940;5;3
60941;5;1
60942;5;3
60943;5;3
60944;5;4
60945;5;4
60946;5;3
60947;5;1
60948;5;3
60949;5;1
60950;5;3
60951;5;1
60952;5;1
60953;5;4
60954;5;4
60955;5;3
60956;5;1
60957;5;4
60958;5;3
60959;5;3
60960;5;4
60961;5;4
60962;5;3
60963;5;1
60964;5;1
60965;5;1
60966;5;3
60967;5;1
60968;5;4
60969;5;3
60970;5;1
60971;5;4
60972;5;3
60973;5;1
60974;5;4
60975;5;4
60976;5;2
60977;5;3
60978;5;3
60979;5;4
60980;5;1
60981;5;3
60982;5;1
60983;5;3
60984;5;4
60985;5;4
60986;5;3
60987;5;3
60988;5;4
60989;5;4
60990;5;3
60991;5;3
60992;5;3
60993;5;3
60994;5;4
60995;5;1
60996;5;4
60997;5;4
60998;5;3
60999;5;4
61000;5;4
61001;5;4
61002;5;4
61003;5;4
61004;5;4
61005;5;3
61006;5;1
61007;5;1
61008;5;3
61009;5;1
61010;5;3
61011;5;3
61012;5;4
61013;5;4
61014;5;4
61015;5;4
61016;5;3
61017;5;4
61018;5;4
61019;5;3
61020;5;4
61021;5;3
61022;5;4
61023;5;1
61024;5;3
61025;5;3
61026;5;1
61027;5;1
61028;5;4
61029;5;4
61030;5;3
61031;5;4
61032;5;3
61033;5;4
61034;5;3
61035;5;3
61036;5;3
61037;5;3
61038;5;2
61039;5;3
61040;5;4
61041;5;3
61042;5;3
61043;5;1
61044;5;1
61045;5;4
61046;5;4
61047;5;1
61048;5;1
61049;5;1
61050;5;1
61051;5;1
61052;5;4
61053;5;1
61054;5;4
61055;5;3
61056;5;4
61057;5;3
61058;5;3
61059;5;1
61060;5;4
61061;5;4
61062;5;4
61063;5;3
61064;5;1
61065;5;4
61066;5;4
61067;5;3
61068;5;3
61069;5;4
61070;5;1
61071;5;3
61072;5;1
61073;5;4
61074;5;3
61075;5;4
61076;5;3
61077;5;1
61078;5;4
61079;5;4
61080;5;3
61081;5;2
61082;5;4
61083;5;3
61084;5;4
61085;5;3
61086;5;3
61087;5;3
61088;5;2
61089;5;1
61090;5;1
61091;5;3
61092;5;1
61093;5;1
61094;5;3
61095;5;1
61096;5;1
61097;5;1
61098;5;3
61099;5;1
61100;5;3
61101;5;3
61102;5;4
61103;5;3
61104;5;1
61105;5;3
61106;5;4
61107;5;4
61108;5;3
61109;5;3
61110;5;4
61111;5;3
61112;5;3
61113;5;1
61114;5;3
61115;5;1
61116;5;3
61117;5;4
61118;5;3
61119;5;1
61120;5;1
61121;5;4
61122;5;3
61123;5;4
61124;5;3
61125;5;3
61126;5;4
61127;5;4
61128;5;4
61129;5;3
61130;5;4
61131;5;4
61132;5;3
61133;5;3
61134;5;4
61135;5;4
61136;5;3
61137;5;3
61138;5;4
61139;5;3
61140;5;1
61141;5;1
61142;5;1
61143;5;1
61144;5;1
61145;5;3
61146;5;4
61147;5;3
61148;5;3
61149;5;4
61150;5;3
61151;5;3
61152;5;4
61153;5;3
61154;5;3
61155;5;1
61156;5;3
61157;5;4
61158;5;1
61159;5;1
61160;5;3
61161;5;4
61162;5;1
61163;5;4
61164;5;1
61165;5;3
61166;5;3
61167;5;4
61168;5;3
61169;5;1
61170;5;4
61171;5;3
61172;5;3
61173;5;3
61174;5;1
61175;5;3
61176;5;4
61177;5;4
61178;5;4
61179;5;1
61180;5;4
61181;5;4
61182;5;3
61183;5;3
61184;5;3
61185;5;3
61186;5;3
61187;5;3
61188;5;3
61189;5;1
61190;5;3
61191;5;4
61192;5;3
61193;5;1
61194;5;1
61195;5;1
61196;5;4
61197;5;4
61198;5;3
61199;5;1
61200;5;4
61201;5;1
61202;5;1
61203;5;3
61204;5;4
61205;5;1
61206;5;3
61207;5;4
61208;5;1
61209;5;3
61210;5;1
61211;5;3
61212;5;4
61213;5;4
61214;5;4
61215;5;4
61216;5;3
61217;5;3
61218;5;3
61219;5;1
61220;5;3
61221;5;3
61222;5;3
61223;5;4
61224;5;4
61225;5;1
61226;5;3
61227;5;3
61228;5;1
61229;5;3
61230;5;4
61231;5;3
61232;5;4
61233;5;3
61234;5;4
61235;5;2
61236;5;3
61237;5;3
61238;5;4
61239;5;3
61240;5;3
61241;5;4
61242;5;4
61243;5;3
61244;5;4
61245;5;1
61246;5;1
61247;5;1
61248;5;3
61249;5;1
61250;5;1
61251;5;4
61252;5;4
61253;5;1
61254;5;3
61255;5;3
61256;5;4
61257;5;4
61258;5;4
61259;5;4
61260;5;4
61261;5;4
61262;5;4
61263;5;4
61264;5;3
61265;5;4
61266;5;4
61267;5;3
61268;5;4
61269;5;4
61270;5;3
61271;5;4
61272;5;1
61273;5;3
61274;5;3
61275;5;4
61276;5;4
61277;5;1
61278;5;2
61279;5;4
61280;5;1
61281;5;3
61282;5;4
61283;5;4
61284;5;4
61285;5;4
61286;5;1
61287;5;1
61288;5;1
61289;5;1
61290;5;1
61291;5;1
61292;5;4
61293;5;3
61294;5;1
61295;5;3
61296;5;1
61297;5;1
61298;5;4
61299;5;4
61300;5;4
61301;5;4
61302;5;1
61303;5;3
61304;5;1
61305;5;4
61306;5;4
61307;5;1
61308;5;4
61309;5;4
61310;5;4
61311;5;1
61312;5;1
61313;5;4
61314;5;3
61315;5;4
61316;5;1
61317;5;3
61318;5;1
61319;5;3
61320;5;1
61321;5;4
61322;5;1
61323;5;1
61324;5;3
61325;5;4
61326;5;3
61327;5;1
61328;5;3
61329;5;2
61330;5;3
61331;5;4
61332;5;1
61333;5;1
61334;5;4
61335;5;4
61336;5;4
61337;5;4
61338;5;3
61339;5;4
61340;5;3
61341;5;3
61342;5;3
61343;5;3
61344;5;3
61345;5;4
61346;5;3
61347;5;3
61348;5;1
61349;5;1
61350;5;1
61351;5;2
61352;5;1
61353;5;4
61354;5;4
61355;5;2
61356;5;1
61357;5;1
61358;5;1
61359;5;1
61360;5;4
61361;5;4
61362;5;4
61363;5;1
61364;5;3
61365;5;1
61366;5;3
61367;5;3
61368;5;1
61369;5;3
61370;5;4
61371;5;4
61372;5;4
61373;5;1
61374;5;4
61375;5;4
61376;5;4
61377;5;4
61378;5;4
61379;5;4
61380;5;1
61381;5;4
61382;5;2
61383;5;4
61384;5;1
61385;5;2
61386;5;3
61387;5;4
61388;5;1
61389;5;1
61390;5;4
61391;5;1
61392;5;4
61393;5;4
61394;5;4
61395;5;1
61396;5;3
61397;5;4
61398;5;3
61399;5;4
61400;5;4
61401;5;4
61402;5;1
61403;5;1
61404;5;1
61405;5;1
61406;5;1
61407;5;1
61408;5;4
61409;5;3
61410;5;3
61411;5;3
61412;5;1
61413;5;1
61414;5;1
61415;5;4
61416;5;4
61417;5;4
61418;5;3
61419;5;1
61420;5;1
61421;5;3
61422;5;3
61423;5;4
61424;5;3
61425;5;4
61426;5;2
61427;5;1
61428;5;1
61429;5;1
61430;5;4
61431;5;3
61432;5;4
61433;5;3
61434;5;4
61435;5;3
61436;5;1
61437;5;1
61438;5;3
61439;5;1
61440;5;1
61441;5;3
61442;5;3
61443;5;3
61444;5;4
61445;5;3
61446;5;3
61447;5;4
61448;5;4
61449;5;3
61450;5;1
61451;5;3
61452;5;3
61453;5;3
61454;5;4
61455;5;1
61456;5;1
61457;5;4
61458;5;4
61459;5;3
61460;5;4
61461;5;4
61462;5;1
61463;5;2
61464;5;4
61465;5;3
61466;5;3
61467;5;4
61468;5;3
61469;5;4
61470;5;3
61471;5;4
61472;5;4
61473;5;1
61474;5;3
61475;5;1
61476;5;4
61477;5;1
61478;5;4
61479;5;1
61480;5;1
61481;5;4
61482;5;1
61483;5;3
61484;5;4
61485;5;3
61486;5;1
61487;5;3
61488;5;3
61489;5;4
61490;5;4
61491;5;4
61492;5;1
61493;5;4
61494;5;4
61495;5;4
61496;5;3
61497;5;4
61498;5;4
61499;5;1
61500;5;1
61501;5;4
61502;5;1
61503;5;3
61504;5;1
61505;5;1
61506;5;3
61507;5;4
61508;5;4
61509;5;1
61510;5;3
61511;5;1
61512;5;2
61513;5;4
61514;5;2
61515;5;4
61516;5;3
61517;5;1
61518;5;3
61519;5;4
61520;5;4
61521;5;1
61522;5;1
61523;5;3
61524;5;1
61525;5;4
61526;5;3
61527;5;4
61528;5;1
61529;5;1
61530;5;1
61531;5;4
61532;5;4
61533;5;1
61534;5;3
61535;5;4
61536;5;4
61537;5;3
61538;5;4
61539;5;3
61540;5;4
61541;5;1
61542;5;1
61543;5;1
61544;5;4
61545;5;4
61546;5;1
61547;5;3
61548;5;3
61549;5;3
61550;5;4
61551;5;3
61552;5;3
61553;5;1
61554;5;3
61555;5;4
61556;5;4
61557;5;2
61558;5;3
61559;5;3
61560;5;4
61561;5;3
61562;5;4
61563;5;4
61564;5;3
61565;5;4
61566;5;4
61567;5;4
61568;5;4
61569;5;1
61570;5;4
61571;5;3
61572;5;4
61573;5;3
61574;5;4
61575;5;4
61576;5;3
61577;5;4
61578;5;1
61579;5;4
61580;5;4
61581;5;1
61582;5;1
61583;5;1
61584;5;4
61585;5;1
61586;5;4
61587;5;4
61588;5;3
61589;5;1
61590;5;2
61591;5;3
61592;5;4
61593;5;1
61594;5;4
61595;5;4
61596;5;1
61597;5;3
61598;5;1
61599;5;1
61600;5;4
61601;5;4
61602;5;2
61603;5;3
61604;5;4
61605;5;3
61606;5;4
61607;5;1
61608;5;4
61609;5;4
61610;5;4
61611;5;4
61612;5;1
61613;5;1
61614;5;3
61615;5;1
61616;5;4
61617;5;4
61618;5;4
61619;5;4
61620;5;3
61621;5;3
61622;5;3
61623;5;4
61624;5;4
61625;5;1
61626;5;4
61627;5;4
61628;5;3
61629;5;1
61630;5;4
61631;5;1
61632;5;4
61633;5;4
61634;5;1
61635;5;3
61636;5;3
61637;5;1
61638;5;1
61639;5;3
61640;5;4
61641;5;3
61642;5;4
61643;5;4
61644;5;4
61645;5;4
61646;5;1
61647;5;4
61648;5;4
61649;5;4
61650;5;3
61651;5;4
61652;5;4
61653;5;4
61654;5;1
61655;5;4
61656;5;4
61657;5;4
61658;5;3
61659;5;4
61660;5;4
61661;5;4
61662;5;4
61663;5;4
61664;5;1
61665;5;3
61666;5;4
61667;5;4
61668;5;1
61669;5;2
61670;5;3
61671;5;1
61672;5;4
61673;5;3
61674;5;3
61675;5;4
61676;5;3
61677;5;4
61678;5;3
61679;5;3
61680;5;2
61681;5;3
61682;5;4
61683;5;4
61684;5;3
61685;5;4
61686;5;4
61687;5;4
61688;5;1
61689;5;1
61690;5;1
61691;5;4
61692;5;4
61693;5;4
61694;5;1
61695;5;4
61696;5;1
61697;5;4
61698;5;4
61699;5;4
61700;5;4
61701;5;4
61702;5;4
61703;5;3
61704;5;4
61705;5;3
61706;5;1
61707;5;3
61708;5;1
61709;5;3
61710;5;3
61711;5;3
61712;5;4
61713;5;1
61714;5;3
61715;5;1
61716;5;4
61717;5;1
61718;5;3
61719;5;1
61720;5;3
61721;5;4
61722;5;4
61723;5;4
61724;5;1
61725;5;3
61726;5;1
61727;5;4
61728;5;4
61729;5;4
61730;5;3
61731;5;1
61732;5;4
61733;5;3
61734;5;4
61735;5;4
61736;5;4
61737;5;1
61738;5;3
61739;5;3
61740;5;3
61741;5;3
61742;5;3
61743;5;3
61744;5;3
61745;5;3
61746;5;3
61747;5;3
61748;5;3
61749;5;4
61750;5;3
61751;5;3
61752;5;3
61753;5;3
61754;5;4
61755;5;3
61756;5;3
61757;5;3
61758;5;3
61759;5;3
61760;5;3
61761;5;3
61762;5;4
61763;5;4
61764;5;3
61765;5;3
61766;5;4
61767;5;4
61768;5;3
61769;5;4
61770;5;1
61771;5;3
61772;5;4
61773;5;1
61774;5;1
61775;5;1
61776;5;4
61777;5;3
61778;5;4
61779;5;1
61780;5;4
61781;5;1
61782;5;1
61783;5;1
61784;5;3
61785;5;3
61786;5;3
61787;5;4
61788;5;4
61789;5;4
61790;5;3
61791;5;2
61792;5;4
61793;5;4
61794;5;4
61795;5;1
61796;5;4
61797;5;4
61798;5;1
61799;5;4
61800;5;3
61801;5;4
61802;5;1
61803;5;3
61804;5;1
61805;5;2
61806;5;2
61807;5;3
61808;5;4
61809;5;4
61810;5;1
61811;5;1
61812;5;1
61813;5;1
61814;5;4
61815;5;1
61816;5;1
61817;5;4
61818;5;3
61819;5;4
61820;5;1
61821;5;3
61822;5;3
61823;5;4
61824;5;1
61825;5;1
61826;5;1
61827;5;3
61828;5;4
61829;5;3
61830;5;4
61831;5;3
61832;5;3
61833;5;4
61834;5;3
61835;5;4
61836;5;1
61837;5;4
61838;5;4
61839;5;1
61840;5;3
61841;5;3
61842;5;1
61843;5;4
61844;5;1
61845;5;4
61846;5;4
61847;5;3
61848;5;4
61849;5;4
61850;5;1
61851;5;3
61852;5;1
61853;5;1
61854;5;4
61855;5;4
61856;5;1
61857;5;1
61858;5;1
61859;5;1
61860;5;4
61861;5;1
61862;5;1
61863;5;4
61864;5;3
61865;5;1
61866;5;1
61867;5;3
61868;5;4
61869;5;3
61870;5;3
61871;5;4
61872;5;4
61873;5;1
61874;5;4
61875;5;4
61876;5;4
61877;5;4
61878;5;1
61879;5;1
61880;5;3
61881;5;4
61882;5;4
61883;5;3
61884;5;3
61885;5;3
61886;5;1
61887;5;4
61888;5;3
61889;5;3
61890;5;3
61891;5;4
61892;5;4
61893;5;3
61894;5;3
61895;5;3
61896;5;1
61897;5;1
61898;5;4
61899;5;4
61900;5;3
61901;5;1
61902;5;1
61903;5;3
61904;5;3
61905;5;1
61906;5;1
61907;5;1
61908;5;3
61909;5;1
61910;5;1
61911;5;4
61912;5;4
61913;5;3
61914;5;4
61915;5;1
61916;5;4
61917;5;4
61918;5;3
61919;5;1
61920;5;1
61921;5;1
61922;5;4
61923;5;1
61924;5;1
61925;5;1
61926;5;4
61927;5;3
61928;5;1
61929;5;4
61930;5;3
61931;5;1
61932;5;4
61933;5;1
61934;5;4
61935;5;4
61936;5;1
61937;5;1
61938;5;1
61939;5;3
61940;5;3
61941;5;1
61942;5;3
61943;5;4
61944;5;1
61945;5;1
61946;5;3
61947;5;3
61948;5;1
61949;5;4
61950;5;2
61951;5;4
61952;5;3
61953;5;1
61954;5;1
61955;5;1
61956;5;4
61957;5;3
61958;5;3
61959;5;4
61960;5;1
61961;5;3
61962;5;3
61963;5;1
61964;5;1
61965;5;1
61966;5;3
61967;5;4
61968;5;4
61969;5;4
61970;5;3
61971;5;2
61972;5;1
61973;5;1
61974;5;1
61975;5;3
61976;5;4
61977;5;3
61978;5;4
61979;5;4
61980;5;1
61981;5;4
61982;5;1
61983;5;1
61984;5;2
61985;5;1
61986;5;1
61987;5;2
61988;5;1
61989;5;1
61990;5;4
61991;5;2
61992;5;4
61993;5;3
61994;5;4
61995;5;1
61996;5;4
61997;5;1
61998;5;4
61999;5;4
62000;5;3
62001;5;3
62002;5;3
62003;5;4
62004;5;1
62005;5;1
62006;5;4
62007;5;1
62008;5;4
62009;5;3
62010;5;2
62011;5;4
62012;5;4
62013;5;1
62014;5;4
62015;5;1
62016;5;1
62017;5;1
62018;5;1
62019;5;2
62020;5;1
62021;5;4
62022;5;1
62023;5;1
62024;5;4
62025;5;4
62026;5;1
62027;5;4
62028;5;1
62029;5;3
62030;5;3
62031;5;3
62032;5;3
62033;5;3
62034;5;4
62035;5;1
62036;5;1
62037;5;3
62038;5;3
62039;5;1
62040;5;1
62041;5;1
62042;5;4
62043;5;3
62044;5;1
62045;5;4
62046;5;4
62047;5;1
62048;5;1
62049;5;3
62050;5;2
62051;5;1
62052;5;4
62053;5;1
62054;5;1
62055;5;3
62056;5;1
62057;5;2
62058;5;4
62059;5;4
62060;5;1
62061;5;3
62062;5;1
62063;5;4
62064;5;1
62065;5;4
62066;5;1
62067;5;4
62068;5;1
62069;5;4
62070;5;4
62071;5;1
62072;5;4
62073;5;4
62074;5;1
62075;5;4
62076;5;4
62077;5;4
62078;5;1
62079;5;4
62080;5;4
62081;5;1
62082;5;4
62083;5;3
62084;5;1
62085;5;3
62086;5;1
62087;5;1
62088;5;2
62089;5;4
62090;5;4
62091;5;3
62092;5;3
62093;5;1
62094;5;3
62095;5;4
62096;5;1
62097;5;1
62098;5;4
62099;5;3
62100;5;4
62101;5;1
62102;5;1
62103;5;4
62104;5;1
62105;5;1
62106;5;3
62107;5;4
62108;5;1
62109;5;1
62110;5;4
62111;5;3
62112;5;1
62113;5;3
62114;5;2
62115;5;1
62116;5;1
62117;5;1
62118;5;3
62119;5;3
62120;5;4
62121;5;4
62122;5;3
62123;5;1
62124;5;4
62125;5;4
62126;5;4
62127;5;1
62128;5;2
62129;5;3
62130;5;1
62131;5;1
62132;5;1
62133;5;4
62134;5;1
62135;5;3
62136;5;4
62137;5;1
62138;5;1
62139;5;1
62140;5;3
62141;5;1
62142;5;4
62143;5;4
62144;5;4
62145;5;1
62146;5;3
62147;5;3
62148;5;4
62149;5;4
62150;5;1
62151;5;1
62152;5;1
62153;5;1
62154;5;1
62155;5;1
62156;5;3
62157;5;3
62158;5;3
62159;5;1
62160;5;4
62161;5;3
62162;5;1
62163;5;1
62164;5;4
62165;5;1
62166;5;1
62167;5;1
62168;5;4
62169;5;3
62170;5;1
62171;5;3
62172;5;3
62173;5;3
62174;5;4
62175;5;3
62176;5;3
62177;5;1
62178;5;4
62179;5;4
62180;5;3
62181;5;3
62182;5;1
62183;5;3
62184;5;3
62185;5;4
62186;5;4
62187;5;4
62188;5;4
62189;5;4
62190;5;3
62191;5;3
62192;5;1
62193;5;3
62194;5;1
62195;5;1
62196;5;3
62197;5;1
62198;5;1
62199;5;3
62200;5;3
62201;5;3
62202;5;4
62203;5;4
62204;5;3
62205;5;3
62206;5;1
62207;5;3
62208;5;4
62209;5;4
62210;5;3
62211;5;4
62212;5;3
62213;5;4
62214;5;3
62215;5;3
62216;5;4
62217;5;3
62218;5;3
62219;5;4
62220;5;3
62221;5;3
62222;5;4
62223;5;3
62224;5;1
62225;5;3
62226;5;3
62227;5;1
62228;5;1
62229;5;1
62230;1;4
62231;1;1
62232;1;1
62233;1;3
62234;1;1
62235;1;3
62236;1;1
62237;1;3
62238;1;1
62239;1;1
62240;1;1
62241;1;1
62242;1;3
62243;1;3
62244;1;1
62245;1;3
62246;1;3
62247;1;1
62248;1;1
62249;1;4
62250;1;3
62251;1;2
62252;1;1
62253;1;1
62254;1;2
62255;1;3
62256;1;3
62257;1;1
62258;1;1
62259;1;1
62260;1;3
62261;1;3
62262;1;1
62263;1;1
62264;1;4
62265;1;1
62266;1;1
62267;1;1
62268;1;3
62269;1;1
62270;1;1
62271;1;3
62272;1;4
62273;1;3
62274;1;2
62275;1;4
62276;1;1
62277;1;1
62278;1;4
62279;1;3
62280;1;1
62281;1;3
62282;1;3
62283;1;4
62284;1;2
62285;1;4
62286;1;4
62287;1;1
62288;1;3
62289;1;1
62290;1;2
62291;1;3
62292;1;1
62293;1;2
62294;1;1
62295;1;4
62296;1;3
62297;1;1
62298;1;1
62299;1;4
62300;1;1
62301;1;1
62302;1;1
62303;1;1
62304;1;3
62305;1;3
62306;1;3
62307;1;1
62308;1;1
62309;1;1
62310;1;1
62311;1;3
62312;1;4
62313;1;4
62314;1;3
62315;1;1
62316;1;3
62317;1;1
62318;1;1
62319;1;2
62320;1;1
62321;1;3
62322;1;1
62323;1;2
62324;1;3
62325;1;3
62326;1;2
62327;1;2
62328;1;3
62329;1;1
62330;1;3
62331;1;1
62332;1;2
62333;1;1
62334;1;1
62335;1;1
62336;1;1
62337;1;2
62338;1;1
62339;1;2
62340;1;2
62341;1;3
62342;1;1
62343;1;3
62344;1;4
62345;1;3
62346;1;3
62347;1;4
62348;1;3
62349;1;1
62350;1;3
62351;1;3
62352;1;1
62353;1;3
62354;1;2
62355;1;2
62356;1;3
62357;1;1
62358;1;4
62359;1;4
62360;1;1
62361;1;1
62362;1;1
62363;1;3
62364;1;1
62365;1;3
62366;1;3
62367;1;1
62368;1;2
62369;1;1
62370;1;3
62371;1;1
62372;1;1
62373;1;4
62374;1;1
62375;1;2
62376;1;1
62377;1;1
62378;1;1
62379;1;3
62380;1;1
62381;1;1
62382;1;1
62383;1;4
62384;1;1
62385;1;1
62386;1;3
62387;1;2
62388;1;4
62389;1;4
62390;1;4
62391;1;3
62392;1;3
62393;1;1
62394;1;1
62395;1;3
62396;1;1
62397;1;2
62398;1;1
62399;1;1
62400;1;4
62401;1;3
62402;1;1
62403;1;1
62404;1;2
62405;1;1
62406;1;3
62407;1;3
62408;1;4
62409;1;3
62410;1;4
62411;1;3
62412;1;3
62413;1;1
62414;1;1
62415;1;1
62416;1;1
62417;1;1
62418;1;1
62419;1;2
62420;1;1
62421;1;2
62422;1;1
62423;1;2
62424;1;1
62425;1;1
62426;1;3
62427;1;3
62428;1;1
62429;1;1
62430;1;1
62431;1;3
62432;1;3
62433;1;1
62434;1;3
62435;1;1
62436;1;1
62437;1;3
62438;1;4
62439;1;3
62440;1;1
62441;1;3
62442;1;3
62443;1;1
62444;1;3
62445;1;1
62446;1;3
62447;1;3
62448;1;4
62449;1;2
62450;1;3
62451;1;3
62452;1;3
62453;1;1
62454;1;1
62455;1;1
62456;1;4
62457;1;1
62458;1;1
62459;1;1
62460;1;1
62461;1;1
62462;1;3
62463;1;1
62464;1;1
62465;1;3
62466;1;4
62467;1;2
62468;1;3
62469;1;4
62470;1;3
62471;1;1
62472;1;3
62473;1;3
62474;1;2
62475;1;1
62476;1;1
62477;1;1
62478;1;1
62479;1;3
62480;1;3
62481;1;3
62482;1;3
62483;1;1
62484;1;4
62485;1;2
62486;1;1
62487;1;1
62488;1;1
62489;1;3
62490;1;1
62491;1;3
62492;1;3
62493;1;4
62494;1;1
62495;1;3
62496;1;3
62497;1;4
62498;1;1
62499;1;1
62500;1;1
62501;1;3
62502;1;3
62503;1;1
62504;1;4
62505;1;1
62506;1;2
62507;1;1
62508;1;2
62509;1;3
62510;1;3
62511;1;4
62512;1;1
62513;1;4
62514;1;1
62515;1;3
62516;1;3
62517;1;4
62518;1;3
62519;1;1
62520;1;2
62521;1;3
62522;1;1
62523;1;1
62524;1;3
62525;1;1
62526;1;1
62527;1;3
62528;1;1
62529;1;1
62530;1;1
62531;1;1
62532;1;4
62533;1;1
62534;1;1
62535;1;4
62536;1;3
62537;1;3
62538;1;4
62539;1;3
62540;1;1
62541;1;1
62542;1;3
62543;1;1
62544;1;3
62545;1;3
62546;1;3
62547;1;1
62548;1;3
62549;1;4
62550;1;3
62551;1;3
62552;1;1
62553;1;4
62554;1;1
62555;1;4
62556;1;1
62557;1;3
62558;1;1
62559;1;3
62560;1;4
62561;1;3
62562;1;3
62563;1;3
62564;1;1
62565;1;3
62566;1;2
62567;1;4
62568;1;4
62569;1;3
62570;1;3
62571;1;3
62572;1;3
62573;1;4
62574;1;4
62575;1;1
62576;1;1
62577;1;3
62578;1;1
62579;1;2
62580;1;3
62581;1;1
62582;1;2
62583;1;3
62584;1;1
62585;1;3
62586;1;2
62587;1;1
62588;1;3
62589;1;1
62590;1;3
62591;1;1
62592;1;3
62593;1;2
62594;1;3
62595;1;1
62596;1;4
62597;1;4
62598;1;1
62599;1;3
62600;1;3
62601;1;3
62602;1;4
62603;1;3
62604;1;3
62605;1;4
62606;1;1
62607;1;3
62608;1;1
62609;1;2
62610;1;4
62611;1;1
62612;1;2
62613;1;1
62614;1;1
62615;1;3
62616;1;3
62617;1;2
62618;1;2
62619;1;3
62620;1;1
62621;1;1
62622;1;1
62623;1;3
62624;1;3
62625;1;3
62626;1;3
62627;1;3
62628;1;4
62629;1;4
62630;1;3
62631;1;1
62632;1;1
62633;1;2
62634;1;1
62635;1;1
62636;1;4
62637;1;1
62638;1;1
62639;1;1
62640;1;1
62641;1;1
62642;1;3
62643;1;3
62644;1;3
62645;1;1
62646;1;3
62647;1;1
62648;1;4
62649;1;3
62650;1;3
62651;1;1
62652;1;3
62653;1;1
62654;1;2
62655;1;3
62656;1;2
62657;1;2
62658;1;3
62659;1;1
62660;1;4
62661;1;1
62662;1;1
62663;1;1
62664;1;1
62665;1;3
62666;1;1
62667;1;3
62668;1;3
62669;1;1
62670;1;4
62671;1;2
62672;1;3
62673;1;4
62674;1;1
62675;1;3
62676;1;1
62677;1;1
62678;1;1
62679;1;1
62680;1;3
62681;1;1
62682;1;2
62683;1;1
62684;1;3
62685;1;1
62686;1;2
62687;1;1
62688;1;3
62689;1;1
62690;1;2
62691;1;1
62692;1;2
62693;1;1
62694;1;3
62695;1;3
62696;1;3
62697;1;1
62698;1;2
62699;1;4
62700;1;3
62701;1;2
62702;1;4
62703;1;1
62704;1;3
62705;1;1
62706;1;2
62707;1;1
62708;1;1
62709;1;1
62710;1;3
62711;1;1
62712;1;3
62713;1;3
62714;1;3
62715;1;4
62716;1;3
62717;1;3
62718;1;2
62719;1;4
62720;1;1
62721;1;1
62722;1;1
62723;1;2
62724;1;1
62725;1;1
62726;1;1
62727;1;3
62728;1;1
62729;1;1
62730;1;1
62731;1;2
62732;1;1
62733;1;1
62734;1;2
62735;1;3
62736;1;2
62737;1;3
62738;1;2
62739;1;1
62740;1;1
62741;1;1
62742;1;3
62743;1;4
62744;1;1
62745;1;3
62746;1;2
62747;1;4
62748;1;1
62749;1;3
62750;1;2
62751;1;1
62752;1;1
62753;1;3
62754;1;2
62755;1;1
62756;1;4
62757;1;2
62758;1;1
62759;1;2
62760;1;3
62761;1;1
62762;1;4
62763;1;1
62764;1;3
62765;1;3
62766;1;3
62767;1;1
62768;1;4
62769;1;3
62770;1;3
62771;1;2
62772;1;1
62773;1;4
62774;1;1
62775;1;1
62776;1;3
62777;1;2
62778;1;4
62779;1;3
62780;1;2
62781;1;1
62782;1;4
62783;1;1
62784;1;2
62785;1;1
62786;1;1
62787;1;1
62788;1;4
62789;1;1
62790;1;3
62791;1;1
62792;1;4
62793;1;1
62794;1;1
62795;1;1
62796;1;3
62797;1;3
62798;1;3
62799;1;2
62800;1;4
62801;1;3
62802;1;4
62803;1;1
62804;1;1
62805;1;1
62806;1;2
62807;1;3
62808;1;3
62809;1;3
62810;1;4
62811;1;1
62812;1;1
62813;1;3
62814;1;3
62815;1;3
62816;1;1
62817;1;1
62818;1;1
62819;1;1
62820;1;1
62821;1;2
62822;1;3
62823;1;1
62824;1;3
62825;1;2
62826;1;3
62827;1;1
62828;1;4
62829;1;1
62830;1;1
62831;1;3
62832;1;1
62833;1;4
62834;1;3
62835;1;2
62836;1;1
62837;1;1
62838;1;1
62839;1;2
62840;1;1
62841;1;1
62842;1;2
62843;1;2
62844;1;3
62845;1;1
62846;1;3
62847;1;4
62848;1;3
62849;1;3
62850;1;1
62851;1;1
62852;1;2
62853;1;3
62854;1;3
62855;1;3
62856;1;3
62857;1;3
62858;1;3
62859;1;3
62860;1;1
62861;1;3
62862;1;1
62863;1;1
62864;1;4
62865;1;4
62866;1;3
62867;1;1
62868;1;3
62869;1;2
62870;1;1
62871;1;1
62872;1;3
62873;1;1
62874;1;3
62875;1;3
62876;1;3
62877;1;2
62878;1;1
62879;1;3
62880;1;3
62881;1;4
62882;1;3
62883;1;1
62884;1;1
62885;1;3
62886;1;3
62887;1;3
62888;1;3
62889;1;1
62890;1;2
62891;1;3
62892;1;4
62893;1;1
62894;1;4
62895;1;4
62896;1;1
62897;1;1
62898;1;4
62899;1;1
62900;1;1
62901;1;4
62902;1;3
62903;1;2
62904;1;1
62905;1;1
62906;1;1
62907;1;4
62908;1;3
62909;1;2
62910;1;3
62911;1;1
62912;1;1
62913;1;3
62914;1;2
62915;1;1
62916;1;1
62917;1;2
62918;1;4
62919;1;1
62920;1;1
62921;1;1
62922;1;3
62923;1;2
62924;1;4
62925;1;3
62926;1;3
62927;1;4
62928;1;1
62929;1;1
62930;1;3
62931;1;4
62932;1;3
62933;1;1
62934;1;2
62935;1;1
62936;1;2
62937;1;1
62938;1;3
62939;1;3
62940;1;2
62941;1;1
62942;1;3
62943;1;1
62944;1;3
62945;1;1
62946;1;1
62947;1;3
62948;1;1
62949;1;2
62950;1;3
62951;1;4
62952;1;3
62953;1;2
62954;1;3
62955;1;4
62956;1;3
62957;1;3
62958;1;3
62959;1;1
62960;1;1
62961;1;1
62962;1;1
62963;1;1
62964;1;4
62965;1;1
62966;1;3
62967;1;1
62968;1;1
62969;1;1
62970;1;4
62971;1;3
62972;1;3
62973;1;1
62974;1;2
62975;1;3
62976;1;4
62977;1;1
62978;1;4
62979;1;3
62980;1;1
62981;1;2
62982;1;1
62983;1;2
62984;1;1
62985;1;1
62986;1;2
62987;1;4
62988;1;2
62989;1;4
62990;1;2
62991;1;3
62992;1;1
62993;1;1
62994;1;2
62995;1;4
62996;1;1
62997;1;3
62998;1;3
62999;1;1
63000;1;1
63001;1;4
63002;1;4
63003;1;4
63004;1;4
63005;1;1
63006;1;3
63007;1;3
63008;1;2
63009;1;1
63010;1;3
63011;1;4
63012;1;3
63013;1;3
63014;1;3
63015;1;1
63016;1;3
63017;1;3
63018;1;2
63019;1;4
63020;1;1
63021;1;3
63022;1;2
63023;1;4
63024;1;1
63025;1;1
63026;1;2
63027;1;1
63028;1;1
63029;1;3
63030;1;4
63031;1;1
63032;1;1
63033;1;1
63034;1;1
63035;1;1
63036;1;1
63037;1;1
63038;1;1
63039;1;3
63040;1;1
63041;1;2
63042;1;1
63043;1;1
63044;1;1
63045;1;3
63046;1;1
63047;1;1
63048;1;3
63049;1;3
63050;1;3
63051;1;1
63052;1;3
63053;1;1
63054;1;1
63055;1;2
63056;1;2
63057;1;2
63058;1;3
63059;1;3
63060;1;3
63061;1;1
63062;1;1
63063;1;1
63064;1;4
63065;1;3
63066;1;3
63067;1;3
63068;1;1
63069;1;3
63070;1;2
63071;1;1
63072;1;1
63073;1;3
63074;1;2
63075;1;4
63076;1;3
63077;1;1
63078;1;1
63079;1;2
63080;1;2
63081;1;2
63082;1;3
63083;1;1
63084;1;1
63085;1;1
63086;1;4
63087;1;3
63088;1;3
63089;1;4
63090;1;1
63091;1;1
63092;1;3
63093;1;2
63094;1;4
63095;1;4
63096;1;2
63097;1;1
63098;1;1
63099;1;2
63100;1;2
63101;1;3
63102;1;3
63103;1;3
63104;1;3
63105;1;3
63106;1;1
63107;1;1
63108;1;1
63109;1;1
63110;1;2
63111;1;3
63112;1;1
63113;1;1
63114;1;1
63115;1;1
63116;1;4
63117;1;4
63118;1;1
63119;1;1
63120;1;4
63121;1;3
63122;1;2
63123;1;4
63124;1;3
63125;1;3
63126;1;4
63127;1;3
63128;1;1
63129;1;1
63130;1;4
63131;1;2
63132;1;1
63133;1;3
63134;1;4
63135;1;2
63136;1;4
63137;1;1
63138;1;4
63139;1;1
63140;1;1
63141;1;1
63142;1;3
63143;1;4
63144;1;1
63145;1;1
63146;1;3
63147;1;3
63148;1;2
63149;1;3
63150;1;2
63151;1;1
63152;1;2
63153;1;1
63154;1;1
63155;1;2
63156;1;1
63157;1;4
63158;1;3
63159;1;3
63160;1;3
63161;1;3
63162;1;1
63163;1;1
63164;1;2
63165;1;3
63166;1;1
63167;1;2
63168;1;4
63169;1;1
63170;1;4
63171;1;1
63172;1;3
63173;1;1
63174;1;1
63175;1;2
63176;1;4
63177;1;1
63178;1;3
63179;1;3
63180;1;1
63181;1;1
63182;1;1
63183;1;1
63184;1;2
63185;1;3
63186;1;1
63187;1;2
63188;1;1
63189;1;1
63190;1;4
63191;1;2
63192;1;3
63193;1;3
63194;1;3
63195;1;3
63196;1;2
63197;1;3
63198;1;1
63199;1;4
63200;1;3
63201;1;3
63202;1;1
63203;1;1
63204;1;1
63205;1;1
63206;1;1
63207;1;1
63208;1;2
63209;1;1
63210;1;1
63211;1;1
63212;1;1
63213;1;4
63214;1;1
63215;1;3
63216;1;4
63217;1;4
63218;1;1
63219;1;1
63220;1;2
63221;1;4
63222;1;3
63223;1;1
63224;1;4
63225;1;2
63226;1;2
63227;1;3
63228;1;1
63229;1;1
63230;1;4
63231;1;4
63232;1;1
63233;1;3
63234;1;1
63235;1;2
63236;1;3
63237;1;3
