text,real,predicted,category
cameron satisfacer con su plantón el ha ir uno decisión duro pero ir el correcto vía annabosch euco,neutral,negative,REVISAR
me decir exagerar con el de el estado_penal pero no ser casualidad el pérdida de derecho venir acompañar de uno deriva penal policial,negative,neutral,REVISAR
el absolutista de el mercado ser sobrar el sindicato el política el solidaridad en definitivo el humanismo el ciudadanía,positive,negative,REVISAR
susanatruiz ser muy pero que muy inteligente,positive,neutral,REVISAR
se poder aguantar por uno cordero para dos pero por el lechuga de partir_naire bien_landa bien,positive,neutral,REVISAR
ver si el menos lo leer reciomanolo_rt mariviromero reciomanolo en empleo recio,negative,positive,REVISAR
ver medio hora uno bueno amigo menos mal que ser de el de verdad me perdonar me tener ir tan rápido,positive,neutral,REVISAR
artificialred gracia tocayo pero ser que ser verdad dar rabia ni uno extremo ni otro si haber machismo ir ser el uno que ir,negative,neutral,REVISAR
ni blanco ser culpable ayer ni estar exculpar hoy sigue imputar investigar por el ts como con camps garzón decidir el justicia,neutral,negative,REVISAR
no haber mucho para decir uno derrota como el de hoy ahora ser más difícil pero ser cuando más tener que demostrar nuestro fuerza,negative,neutral,REVISAR
hoy no poder ni poner uno twitt menos saludar pues,positive,negative,REVISAR
uno de cada cinco español vender su regalo de reyes porqué no le gustar se ver que se ser acabar el oro el incienso de mirra ni hablar,neutral,negative,REVISAR
sí el tiempo en que el aborto estar hacer cien año el legalidad vigente en el uno mundu ser el garrote,neutral,positive,REVISAR
con el tranquilo que yo estar,neutral,positive,REVISAR
reanyma fernandofabiani_no no decir que dejar de surfer por el cornear que se quedar quiete,neutral,negative,REVISAR
hoy se presentar el candidatura_olímpica_de_echo de menos que extremadura formar_parte como hacer dos año,positive,negative,REVISAR
el gobierno se comprometer en torremolinos garantizar el futuro de el chiringuito,positive,negative,REVISAR
gana_rubalcaba por veintidos voto fallar por dos el,negative,positive,REVISAR
iu recordar el historia de lucha obrero para animar hacer huelga vídeo,negative,neutral,REVISAR
tomás_burgos secretario de estado_de_la_seguridad_social falsear su se autotitular médico ojo que así empezar roldán,positive,negative,REVISAR
hungría le abrir exediente tener uno constitución xtiana que recoger el derecho el vida telediariointer,positive,negative,REVISAR
pilarggranja más fácil entender el mercado predecir el movimiento de el acción que lo que ocurrir en el,positive,negative,REVISAR
cansar de esperar papa_noel para ver si me dar uno vuelta en el trineo me ir dormir muy feliz_navidad followercetes,neutral,positive,REVISAR
pedir el ministro que cuidar de manera especial el motorista el ciclista son uno colectivo irresponsablemente olvidar,neutral,positive,REVISAR
haber gente considerar el único verdad libre ser el suyo con el dinero de el demás claro le asustar cualquiera no pensar igual fascio,negative,neutral,REVISAR
hacer muy poco no existir tuits como este motivo cuánto nos costar el familia,neutral,negative,REVISAR
hoy en em oda el verdad sobre el testigo proteger denuncia publicar por ep buscar amedrentar el fiscal desprestigiar em,positive,neutral,REVISAR
rajoy desglosar uno medida en empleo fiscal vivienda contra burocracia no anunciar subida de impuesto,positive,negative,REVISAR
qué significar este en el ganar chacon hacer diecisiete partido socialista,negative,positive,REVISAR
quién calificar el agencia de calificación me alegrar que rebajar el calificación de el deuda no pasar nada,neutral,negative,REVISAR
no me ofender oda ese broma el rubia tonto porqué no so tonto tampoco so rubia dolly_parton,positive,negative,REVISAR
el pp apoyar pactar legitimar uno presidente que decir que el catalán ser español por el fuerza de el arma ppvergencia bipartito,neutral,negative,REVISAR
el ejecutiva que plantear rubalcaba no gustar nada el de chacón decir que ser sectario que se notar en el voto que recibir,negative,neutral,REVISAR
el negociación sobre el ejecutiva de el seguir abrir han ofrecer griñán presidir el partido ha responder que el lista,positive,neutral,REVISAR
el que decir que ser gustar el tenis porqué el gente estar en silencio deber ir buscar otro deporte,positive,negative,REVISAR
somos el partido que afianzar el democracia en españa el partido que modernizar este país en que nos meter en europa,positive,negative,REVISAR
no poder estar pero apoyo el acto de el ateneo en defensa de publico,positive,neutral,REVISAR
con uno mayoría absoluto el psoe tan mermar en escaño rubalcaba no le quedar mucho más tender el mano rajoy como hacer,neutral,negative,REVISAR
rajoy magnánimo mirar el réplica de rubalcaba desde el lado bueno le aceptar el voluntad de diálogo,neutral,positive,REVISAR
rodrigoblazquez ir hombre con el bien que le quedar el de no exceder se en el control sanchez_sonia,positive,negative,REVISAR
el levanteud ser merecedor de su posición por su trabajo ser uno club con menos recurso ese ser hacer grande,neutral,positive,REVISAR
ali_de_michael_mann goodbye lenin de wolfang_bercker el amante_de_jean_jacques_annaud amar de costa_gavras,positive,negative,REVISAR
previsión lucha contra el fraude aprobar amnistía fiscal no apoyar tasa sobre activo banco ni sobre tasa transacción financiero,negative,neutral,REVISAR
revisar el limpieza de el barriada las,positive,negative,REVISAR
seguir el festival de el familia de el marido de cospedal el hermano de nadal ahora también el hijo de aguirre,positive,negative,REVISAR
segundo junto portavoz en parlament para preparar pleno extraordinario sobre recorte impulso económico solicitar,negative,positive,REVISAR
existir el muñeco apple frenar el venta de el muñeco de steve_jobs_larazon ser en vía,positive,negative,REVISAR
aznar volver para asistir el toma de posesión de el ministro más ultraliberal de el área económico pesar ello seguir el depresión,negative,positive,REVISAR
durán le hacer el boca uno fraile pero el vicio de pedir el virtud de no dar,positive,negative,REVISAR
quién definir el confianza de el mercado financiero por navarro,positive,negative,REVISAR
rajoy rubalcaba se dar de plazo asta el final de este periodo de sesión para acordar el renovación de el principal institución,neutral,negative,REVISAR
en dos mil diez dos mil once el sueldo de guindos crecer uno en el calle no pedir solo querer que generar empleo,positive,negative,REVISAR
hacer veinte año gorvachev dimitir ultimar líder de el urrss yeltsin el mando de el botón nuclear,positive,negative,REVISAR
conocimiento ser saber que uno tomate ser uno sabiduría ser no meter lo en uno ensalada de fruto xd,positive,negative,REVISAR
el constitucional si trabajar en huelgageneral deliberar sobre el recurso contra el parot,positive,negative,REVISAR
shielledfox jope_ojalá alguno día poder hacer te foto óseo no so fotógrafo ni nada pero ese,negative,neutral,REVISAR
david_busta entonces si yo ahora escribir en minúscula tú me responder pero para fastidiar jajaja,negative,positive,REVISAR
hasta el ocho no me fallir me acabar de pringar para el lunes por el tarde hasta que hora,positive,negative,REVISAR
el presidente marianorajoy trabajar para que el banco abaratar su vivienda lo sacar el mercado precio ajustar gppopular,positive,negative,REVISAR
cuanto más lo ver más me gustar el foto de el teléfono de rubalcaba de albertocuellarr no entender el cabreo liderar,negative,positive,REVISAR
cambio de enfoque en el psoe ver el catalunya bajo en el,positive,negative,REVISAR
ese ese pilarggranja gato_directo mismo imparcialidad que haber en el ronda,positive,negative,REVISAR
foreveralone los rey se olvidar de no mil beso,positive,negative,REVISAR
curiosidaddelinsomne gallardón recibir el notario ser dar boda divorcio si recibir el indignar aprobar el dación en pago,neutral,positive,REVISAR
llorar montar el video de ana_y_antonio lloro ahora cuando lo ver vez orgullosa de hacer programa como este,negative,positive,REVISAR
encallar uno ferry que unir formentera ibiza con veintisiete persona bordo,negative,positive,REVISAR
no lo leer pero venir el caso gracias pedroj_ramirez es que leer este,positive,negative,REVISAR
uno vez más el página de el cis saturar no haber cono esperar uno barómetro con ansia,negative,neutral,REVISAR
luego venir vivo el este de vivalapepa cuanto nos salir por si tener que pedir uno préstamo para,negative,positive,REVISAR
no ser por hurgar en el herida pero preguntar uno finlandés en laponia tampoco ser fácil encontrar trabajo,neutral,negative,REVISAR
seguro que uno de el que más respirar profundo estar mañana ir gallarda cada vez más cerca de uno ministerio,positive,neutral,REVISAR
querer uno mecanismo de rescate cuanto mayor mejor querer que se de apoyo quien ser serio cumplir su palabra,positive,neutral,REVISAR
qué depresión me entrar de seguro ganar gente que solo dar rt porqué sí por probar suerte no verdadero fan,negative,neutral,REVISAR
el líder religioso no seguir ni dios bia elmundoes,positive,negative,REVISAR
eduarsarcos yo no so normal,negative,neutral,REVISAR
presentar su libro uno mañana en logroño intervenir pedro_sanz emilio_de_el_río josé_luis_prusén,negative,positive,REVISAR
después pedir lo desde hacer mes en mi columna me apoyar montoro desde el oposición uno relajación de el objetivo déficit,negative,neutral,REVISAR
decir bueno finar fallero el corrector de el ipad me poner bueno finar faldero no haber escocés en vlc el ipad me querer arruinar,neutral,positive,REVISAR
uno belleza para estar hora te lo dedicar si no poder dormir emeli_sande_daddy_acoustic vía youtube,positive,negative,REVISAR
que no me encontrar mal,neutral,negative,REVISAR
el lío os esperar en el antena de radio1_rne endiascomohoy,negative,positive,REVISAR
halar el de el besiktas cortar el calle corear elfutbolnoesasi,positive,negative,REVISAR
ana_botella cambiar pago de el ibi mes mes en noviembre para facilitar el pago el madrileño para que ellos lo financiar,positive,negative,REVISAR
subir uno fotio fecebook que no os deber perder,positive,negative,REVISAR
marcasgz menos mal que no decir escuchar enlacabezano losiento,positive,neutral,REVISAR
cepes gobierno_andaluz se comprometer en el iii_pacto_andaluz_por_la_economía_social fomentar el empresa cooperativo,positive,negative,REVISAR
el pp también lo ir jalear como sarkozy marine españa ser el nuevo víctima de el euro estar nuestro puerta,negative,positive,REVISAR
asi ser rt flexibilidad de el jefe aumentar el salud de el trabajador,positive,negative,REVISAR
el injusticia más grave ser anterior estar ser que camps ser juzgar solo por el traje,negative,neutral,REVISAR
hoy tener uno pleno intenso yo el constitución el comisión para el estudio de el problema de el droga tb preparar igualdad para mañana,negative,positive,REVISAR
menos mal que nuestro banco ir ejemplar estar sano buenos día arrancar con juanralucas,positive,neutral,REVISAR
valer ver tener interés plantear dos podemos estar en uno club se negar ayudar nos soportar españa el intervención,negative,neutral,REVISAR
feliz semana el_gobierno colgar uno pie de el precipicio con el reformalaboral así estar asta se ver el resultado mananascuatro,negative,positive,REVISAR
vengar ofrecer futuro presentar el proyecto de elcambioandaluz para estar ciudad martirizar por el paro falta de horizonte votapp,neutral,positive,REVISAR
no se enterar rajoy monago que uno sanidad educación de calidad equitativo ser uno condición necesario para el consumo familiar,neutral,negative,REVISAR
bloquear denunciar el nuevo guti_ser porqué no so yo gracias cuanto falso haber por twitter,positive,negative,REVISAR
para nada con gana cada día cansino no,positive,neutral,REVISAR
haber inversor querer invertir en campo foto voltaico sin ninguno tipo de prima pues ese sin subvención icsoria,positive,negative,REVISAR
ganar arenas ni cospedal ganar rajoy,neutral,positive,REVISAR
los millón de trabajador que ganar seiscientos cuarenta uno euro también hacer vivir por encima su posibilidad salariomínimocongelado,positive,neutral,REVISAR
me hacer bullying intenso me ir hacer caso alguno día alvaroauryn askalvarogango,negative,positive,REVISAR
poner gasolina que llevar dos día con el reserva encender gasolinera_bp_ciudad,positive,negative,REVISAR
doscientos quince grado en barcelona que maravilloso día aunque serio más feliz si no me perder el maleta en el puente_aéreo_glubs,positive,negative,REVISAR
para ser inocente hacer faltar cinco voto de nueve cinco lo declarar inocente el resto ser opinión la justicia hablar camps_inocente,positive,neutral,REVISAR
el cachorro de el solidaridad vía diario_sur,positive,negative,REVISAR
ser el envidia de el virtud el que hacer caín,positive,negative,REVISAR
el prensa británico no olvidar el punto oscuro en el dios perdonar el times no aquí para alguno fraga ser solo luz,positive,neutral,REVISAR
impresionante_carnaval en las_palmas_de_gran_canaria,positive,negative,REVISAR
mañana novecientos turno de jerkoreka_pnv siempre le pasar el mismo siempre empezar con uno ironía sobre el pozo diputado haber en hemiciclo,negative,positive,REVISAR
educación con consenso sin ley cada abandono bachillerato de tres año común lengua nuevo tecnología docente,neutral,positive,REVISAR
el otro pacto fiscal el epílogo de eperiodico sobre el nuevo ue españa catalunya,positive,neutral,REVISAR
fomento dar uno largo cambiada eludir concretar el paralización de hoy presentar uno nuevo plan para pasado_mañana asturias aislar,negative,positive,REVISAR
el cámara estar tener dinero el español para comprar el piso de el banco tan barato se vender,positive,negative,REVISAR
creer que el niño dejar ya de tuitear así que me retirar uno rato dormir buenas noche,neutral,positive,REVISAR
javierarenas_pp no creer en el copago sí en uno pacto,positive,neutral,REVISAR
parecer mañana el mayor manifa sera en tweeter contra el sindicato parásito el estar pagar uno gran manifestación tweetera,positive,negative,REVISAR
no so capaz de dormir,negative,neutral,REVISAR
mercadona el indiscutible éxito de el empresa español editorial dos mil treinta 13television,positive,negative,REVISAR
el ministro guindos estar absolutamente convencer de que el economía ir,positive,negative,REVISAR
rt buenafuente conejo de mentira,negative,positive,REVISAR
edurnity pes yo tener uno amigo que se llamar tele_foro no denunciar su padre,positive,negative,REVISAR
el mayoría de asturiano querer uno cambio de gobierno que haber uno mayoría solidar solo_gobierno fuerte de el pp ser garantía de estabilidad,positive,neutral,REVISAR
de compra navideño mercado,positive,negative,REVISAR
amoresquematan felipe_gonzález decir que querer mucho carme_chacón pero dar su apoyo rubalcaba,positive,neutral,REVISAR
para consulta de el personal increíble el sentencia de el caso,positive,negative,REVISAR
mi no me gustar nada el amnistía fiscal pero alguien se imaginar el decir si subir el iva rajoy hoy estar prudente,negative,neutral,REVISAR
me cagar en mi puta vida en el puto vecino por hacer tanto ruido de bueno mañana,negative,positive,REVISAR
rajo le importar le importar el criterio de el pnv en el tema de el terrorismo interesante,neutral,negative,REVISAR
rajoy sobre ir uno reforma laboral bien recibir o_o,positive,negative,REVISAR
el paseo_de_la_farola abrir el tráfico tras subsanar muelle uno el carencia detectar malaga,negative,positive,REVISAR
cancerberos de el libertad mi columna mañana en larazon sobre el que el policianacional representar representar para españa,positive,negative,REVISAR
seguir el psoe con lucha contra el fraude tasa tobin qué pena que ellos no lo hacer,negative,neutral,REVISAR
cuando el política se engalanar de certeza deber se hacer más autoritario demagógico sólo el crítica potencia democratizar el razón,neutral,negative,REVISAR
con el que nos costar el sede de el ayuntamiento de gallardón cuando ir disfrutar lo casar nos allí el nos mandar el notario,positive,negative,REVISAR
ainda uno poquinho beijos_rt alejandrosanz_eu imaginar cd centímetro metro poco de,positive,negative,REVISAR
correcto rt buenafuente p_humano solo con recorte no se poder arreglar este haber que producir generar ingreso,positive,negative,REVISAR
listo me vengar arriba cuando llegar el trescientos treinta tres mil trescientos treinta tres hacer twittcam si no llegar el hacer tambien jajajajaja,positive,negative,REVISAR
soukron si mi salón de 25m pasar ser de igual si pero para mi caso ahora mismo ideal,positive,negative,REVISAR
el psoe seguir ser el alternativa progresista en españa investidura,positive,negative,REVISAR
decir losadapescador estar el de el psoe con alguien de el cni ejercitar ser informar marruecos de el oír bien,positive,negative,REVISAR
no olvidar que marta seguir sin aparecer ya hacer casi tres año todos con el familia todosconmarta,positive,negative,REVISAR
rajoy afirmar que el pp no venir sevilla resolver querella interno porqué no lo tener como otro hacer aquí hacer quince día,neutral,negative,REVISAR
os decir que el valencia llegar en forma el bernabeu os reír si_el_madrid ceder otro punto el depender de si mismo,positive,negative,REVISAR
desviaciones_de_el_administración_gral_de_el_estado_seguridad_social cc_aa ayuntamientos,negative,positive,REVISAR
en nunca ir olvidar el víctima de eta,positive,negative,REVISAR
ir escuchar montoro que me estar jugar uno ojito de el menear me ese decir el,negative,neutral,REVISAR
rajoy lograr que el recorte no le desgastar renuncia ser líder para ser gestor,neutral,negative,REVISAR
car_lo __ alsina claramente en contra el_psoe defender el modelo actual el gobierno estar el pp el pp con guindos,negative,neutral,REVISAR
el receta de axel_springer para crecer en dos mil once llegar el print digital en dos mil doce caso de éxito,positive,negative,REVISAR
ver que rajoy decir que estar el tasa_tobin me alegrar lo sugerir zp el que se liar,neutral,negative,REVISAR
lapollacaliente dos hora más aunque me levantar destemplar,neutral,positive,REVISAR
querer cumplir acuerdo ley de estabilidad pero en el términosfirmados enagosto ribcb dixit,positive,neutral,REVISAR
brindar vuestro salud mañana casi todo seguir igual pero el menos se acabar el campaña por el liderazgo de el psoe chinchin,positive,negative,REVISAR
julia_otero fgarea carlosecue tan rápido con el marido el hermano que se colocar en el estresante fundación_carolina,positive,negative,REVISAR
rub político si reforma para ahorrar si desmantelar estar bienestar nos tener beligerantemente en contra investidura,positive,negative,REVISAR
tras el espantada de rajoy soraya_sáenz_de_santamaría salir pedir tranquilidad por cierto donde estar no ser el gran coordinador,positive,negative,REVISAR
uno juez dar el razón uno padre que desear educar su hijo en,positive,negative,REVISAR
ultima_zapatero indultar,positive,negative,REVISAR
hoy me mandar uno mail uno trabajador que me pedir que hacer huelga por el porqué estar en paro no olvidemo el no poder hacer huelga,neutral,negative,REVISAR
continuar el reproche con el pensión el edad de jubilación para anunciar uno oposición distinto más constructivo habla_de_europa,negative,positive,REVISAR
el próximo día veintisiete se debatir nuestro proposición para evitar que el licenciado en derecho tener que cursar master para ejercer cumplimos,positive,negative,REVISAR
mañana arriba el ocho ya estar con el insomnio de el c_o,negative,positive,REVISAR
monchoyt estar cansar ya de salir el calle que todo el mundo me para para hacer foto estar vida ser muy duro,negative,neutral,REVISAR
javierarenas_pp conmigo se acabar el comisario político suprimir el de el cargo de confianza,positive,negative,REVISAR
ser necesario que el ayuntamientos hacer uno ejercicio de transparencia para poder pagar su acreedor,positive,negative,REVISAR
muy bueno rt_pintada en el metro_de_madrid cada vez ser más difícil engañar el gente,positive,neutral,REVISAR
ir dar le ánimo el guaje pero luego pensar en el cantidad de gente que se lesionar cada año nadie lo animar sorry gajesdeserguaje,positive,negative,REVISAR
arsenioescolar de hacer parecer que lo empezar,positive,negative,REVISAR
uno antibiótico poder acabar con uno enfermedad olvidar,negative,positive,REVISAR
uno objetivo el reforma ser despedir barato reducir uno el salario menos poder adquisitivo trabajador menos venta crisis,neutral,negative,REVISAR
rajoy insistir en reformar el nombramiento de el cgpj para garantizar el independencia judicial telediariointer,positive,negative,REVISAR
juasssss entrar el insulto el descalificación,positive,negative,REVISAR
querer el pelo negro azular no saber cómo conseguir lo el tinte de ese color que me echado no hacer nada,negative,neutral,REVISAR
pero se defender con gran inteligencia ser el importante bueno ver uno solo lado de el camino ser tendencioso blanco lo,positive,neutral,REVISAR
lugares donde morir el frente el mont_blanc uno bar de bilbao uno psiquiátrico el mar de mármara qué futuro me esperar,neutral,negative,REVISAR
excelente estar carta de uno lector de el encima el posibilidad de quién,positive,negative,REVISAR
de verdad que cada vez alucinar mas con el que ir asesor de zp tratando de hacer el blanco negro no reflexionar ver no,negative,neutral,REVISAR
eeuu poder hacer uno política expansivo yo aquí no tener alternativa yo que ntra posición ser el bueno,negative,positive,REVISAR
el gobierno decir que el huelga general no ser el solucion para salir de el crisis respeta el sindicato pero discrepar,neutral,negative,REVISAR
desde berlin reunion con empresario parlamentario grupo pequeño conversación franco todos pro europeo que hacer junto,negative,positive,REVISAR
fijar os el rey llevar doblar oda el esquina de el folio donde llevar escribir el discurso para evitar que se lo pegar el folio,negative,positive,REVISAR
que título tan sugerente el de ana_milán ser asignatura pendiente ese sera uno de el próximo,positive,negative,REVISAR
miraqbien poder solidarizar te conmigo no comer ninguno,neutral,negative,REVISAR
elspeaker uno aspecto poco conocer de el sistema_solar que probablemente aun haber cosa por descubrir ahí ser,positive,negative,REVISAR
el elección bruselas querer mas tijera no deje ellos votar por ti usar el tijera tú corto por el sano,positive,neutral,REVISAR
muy triste el muerte de uno genio como antonio_mingote gracias por nos regalar anta sonrisa mingote,neutral,positive,REVISAR
judithgoan porqué por no cargar lo con uno cable oficial me cargar el ba el nuevo que me llegar mañana ser de son_y,negative,positive,REVISAR
no querer dejar pasar el ocasión de mandar uno afrctuoso saludo oda el familia de el psoe psm por el perder de soledad_mestre abrazo,positive,negative,REVISAR
yo creer que se poner el el mensaje si_acaso paso de el yoghurt que tener de postre,positive,negative,REVISAR
apoyar el psoe en andalucía ser ratificar el política de zp apoyar el pp ser legitimar el de rajoy ser el hora de rebelar se probamos,positive,negative,REVISAR
el gobernante de el junta de andalucía no hacer ni uno solo propuesta nosotros diario propuesta propuesta solución,positive,negative,REVISAR
el trampa ser uno novela de intriga que tener que ver mucho con el realidad el domingo prepublicación en crónica,neutral,positive,REVISAR
ohhh ir ser verdad el leyenda urbano de twitter dices tú número de seguidor se morir varios pajarito snif_snif,neutral,negative,REVISAR
cumplirá_matas su condena yo creer que sí pero el precedente no permitir apostar por ello el ciar por cien,neutral,negative,REVISAR
en asturias bailar uno diputado que perder iu ganar fac el cascos el pp sumar mayoría absoluto,neutral,negative,REVISAR
tras el reforma laboral poder preguntar nos quedar el fuerza vinculante de el convenio colectivo que establecer el de el,neutral,negative,REVISAR
muy torpe utilizar lo en uno tinglado así urdangarin poner como socio su hijo para que ser empresa familiar,positive,negative,REVISAR
junto mi en el metro uno señor hacer uno crucigrama se atascar en el palabra presupuesto todo uno símbolo,negative,positive,REVISAR
se necesitar sangre de el grupo dona en punto vía comunidadmadrid,positive,negative,REVISAR
menos mal que no me cargar el lavadora que ya tener bastante con me quedar sin el gran mayoría de el móvil desastre,positive,neutral,REVISAR
el más fuerte no ser siempre bastante fuerte para ser amo el mas débil nunca tan débil para ser esclavo rousseau,positive,negative,REVISAR
carlosecue me parecer muy razonable entender que la_moncloa deber parecer se lo también aunque imaginar que objetar que no dar tiempo,positive,neutral,REVISAR
uxue_barkos decir que el rey él se felicitar mutuamente porqué terminar este año en referencia el salud de ambos,positive,negative,REVISAR
rt mpitatrasancos gllamazares_no hacer faltar ir se tan lejos aen también alertar sobre crisis suicidio,negative,neutral,REVISAR
vargas_llosa decir que no rajoy suponer que no le hacer hacer gracia que se filtrar el oferta para presidir el instituto_cervantes,negative,neutral,REVISAR
sin duda anson sin_ir_más_lejos ser como lo usar pedroj_ramirez merecer el pena orbyt para,negative,neutral,REVISAR
costa invitar aznar el foro_de_sostenibilidad para que criticar zp advertir rajoy entender el que significar sostenibidad,positive,negative,REVISAR
en tras ccaa se despedir profesor aquí contratar somos el único que estar aplicar correctamente el ley_dependencia debatertva,positive,negative,REVISAR
no os fiar de el encuesta pie de urna que yo ya jugar el despiste varios vez,negative,positive,REVISAR
el supremo pagar por librar de el caso garzón por el franquismo mrtfernandez sacar debate el nuevo juicio hacer más,positive,negative,REVISAR
gracias aclarar apampliega_mikel no ser el uno vez que se empotrar con ellos en afg también lo hacer mijallo_tve en el pasado,positive,negative,REVISAR
muy pronto decir que haber que hacer para venir de público el nuevo programa que ganasss,positive,neutral,REVISAR
cómo le llamar señor de usted en tres persona excelentísimo con que me llamar responder,positive,negative,REVISAR
vicentevallestv como dios mandar claro,negative,positive,REVISAR
lamentable amigo muy lamentable tú actuación ssantiagosegura yo siempre hablar bien tú puñalada,negative,positive,REVISAR
leeahistheway ya ir muy grotesco por mi parte poner uno foto de ojeda el perdona,negative,positive,REVISAR
frases para no olvidar no ir haber recorte en el prestación de desempleo ni tampoco subida de iva,negative,neutral,REVISAR
rajoy erkoreka el anuncio de eta ser bueno pero el tranquilidad completo llegar cuando dejar de existir investidurarajoy,positive,negative,REVISAR
el bolsa español el único el grande cerrar enero con perdido glup,negative,positive,REVISAR
pes no tener examen en ese dos semana de margen ahora se venir el gran pregunta ir todo el que ser el mgw,neutral,positive,REVISAR
en noche como estar ya poder dimitir asad que todo mi tuiteros estar pendiente de el athletic menos el estar ver casablanca,negative,positive,REVISAR
pues nada uno vez mas se hacer justicia y_pinochet se morir tranquilamente en su cama justiciasubjetiva,neutral,negative,REVISAR
mi disculpa el lector de 20m en asturias uno problema técnico en el rotativa retrasar hoy nuestro reparto,negative,positive,REVISAR
rt_magnífico reportaje de francis_mármol_ecos de el último tablao de el costa_de_el_sol vía elmundoes,positive,negative,REVISAR
de guindos acelerar el reforma financiero para abaratar el vivienda salvar el banca por que no salvar quien ir el desahucio,neutral,negative,REVISAR
manzano dimisión,negative,positive,REVISAR
llover nevar en madrid ser cierto como lo ser este no arreglar el gran sequía existente así anta cosa,negative,positive,REVISAR
edurnity si alguno vez querer tener alguno perro ese ir uno qué raza ser porque ser chow chow,positive,neutral,REVISAR
el problema ya no ser el austeridad sino el crecimiento guindos orar rectificación de el gobierno aunque estar para bien,positive,negative,REVISAR
rumbo el ave sevilla faltar dos día para unión cohesión proyecto el girigay navajeo socialista psoealosuyo,negative,positive,REVISAR
uno articular recuperar que se deber leer antes fin dos mil diez quien interesar el tema guerra electrónico,positive,negative,REVISAR
sanchez_sonia nada ser casual querido ese_consejo ratificar el necesidad de el copago para sostener el sanidad excusa de mal gobernante,neutral,negative,REVISAR
rajoy ir reelegir presidente_de_el_pp con el de el voto apela en su discurso el unidad pedir respaldo el gobierno,positive,negative,REVISAR
zp recortar en su último psptos más de uno en educación sanidad tomar coherencia,positive,negative,REVISAR
el collar de isabel_la_católica lo conceder el rey el minuto exteriores quien dar excepcional servicio el nación zp,positive,negative,REVISAR
el país alabar en su editorial el decisión de rajoy de situar el déficit en el demuestra iniciativa bueno cálculo político,neutral,negative,REVISAR
ser todo uno pesadilla,negative,positive,REVISAR
para uno año de em en orbyt deber costar fledesmagelas andresreybravo_lágrimas de,negative,positive,REVISAR
proponer sin demasiado éxito el cierre de garoña en el marco de uno plan para prescindir medio_plazo de el energía nuclear,positive,negative,REVISAR
sobre el lotería de el pnv el pp el relación de gara amaiur con corea de el norte claro genial_santi_gonzález,positive,negative,REVISAR
wert su twitter vía elmundoes,positive,negative,REVISAR
antes el congreso de el pp_de_febrero el consejo de ministro hacer aprobar reforma laboral ley de estabilidad reestructuración bancario,positive,negative,REVISAR
me meo con el voz español encima pronunciar raven como raiven reiven,negative,positive,REVISAR
el haber que regar ese jardín mayteblb pedroj orbyt uno padre sin orbyt ser como uno jardín sin,positive,neutral,REVISAR
bueno día si_el_rey el conservador celebrar hoy el pepa entender aceptar ser uno error su antepasado lo derogar,negative,positive,REVISAR
librosdemaria no saber si haber más gente pero ayer te tagueé yo ayy hannibal ser que moooooola tanto,positive,neutral,REVISAR
ese el ahora lo controlar,positive,neutral,REVISAR
griñán sustituir chaves_nunca mejor decir,negative,positive,REVISAR
aunque estar tiempo recorte el mesa de el sala de prensa lo poder encargar uno poco más grande ministrosenaprieto,negative,neutral,REVISAR
me llamar el atención que el nuevo ministro de exterior decir el mismo sobre el sáhara que el anterior autodeterminación pactar nada,positive,negative,REVISAR
ir muy interesante el programa de melchormiralles cmsaleelsol sobre el sentencia contra garzón discrepancias argumento c_carnicero,positive,neutral,REVISAR
como cada día pero hoy especialmente nuestro recuerdo solidaridad con el víctima,neutral,positive,REVISAR
ya se saber que el que no ser tradición ser plagio pedroj ya me pasar el comisión quevte dar el idea,positive,negative,REVISAR
aprovisionamiento kennedy pedir mil puro cubano el día antes decretar el embargo,positive,negative,REVISAR
el delito cometer político vulnerar ley ya existente nuevo delito tipificar por gobierno me parecer uno brindis el sol,negative,neutral,REVISAR
me hacer mucho ilusión que el carta que acabar de terminar el uno que solo se distribuir orbyt no quedar mal,positive,negative,REVISAR
yo de el tierra hahahsha te ir sentar mal antoniocamunas so cliente,negative,neutral,REVISAR
today cómo ser posible el español hallar dejar estar mover por el codicia atenazar por el miedo en tan poco tiempo,negative,neutral,REVISAR
el llamada de el psoe el voto de el derecha sensato ser uno muestra de incoherencia tiempo uno hipoteca en el gobierno de asturias,neutral,negative,REVISAR
estar luis_salvador yo de acuerdo en el ex presidente su asignación ya estar bien de demagogia mentira,negative,positive,REVISAR
para venir de público elnumerouno regístrate en llamar nos el noventa tres doscientos diez sesenta seis,positive,negative,REVISAR
mientras el lehendakari pedir rajoy reinsertar etarra pero prisa tener el gente por no pedir eta entregar el arma,positive,negative,REVISAR
ab mi me tener abandono vez fiesta bueno año dos mil doce esperar el privisiones no se cumplir cumplecon,neutral,positive,REVISAR
estar seguro de que el tres entrega sobre el testigo terminar de convencer os de que zougam no tener uno juicio justo,positive,negative,REVISAR
condenado_el_sas por diagnosticar tarde uno cáncer,negative,positive,REVISAR
uno de chacón apenas tener equipo sólo se salvar fran_caamaño uno de rubalcaba tener el equipo de el desastre,negative,positive,REVISAR
comenzar el soria decir que guindos nunca improviso pero montoro asegurar que el que proponer guindos ser difícil de hacer,negative,neutral,REVISAR
el mujer ser uno en japón el número de rechazar sexo pareja,positive,negative,REVISAR
tanto rt_chaves decir mi ambición estar no lo dudar,positive,negative,REVISAR
mas eres guerrero recibir regalo el ayuda que otorgar con pepegrinan,negative,positive,REVISAR
amanecer lobos como el dolor el mentira el desamparo este también existir muy bueno día patio,negative,positive,REVISAR
finalmente el nuevo_año traer uno ajuste decilitro gasto público rajoy con cifra viernes venir se conocer el partida,positive,negative,REVISAR
buenos dias día cinco de el cuenta atras ver que dar de si el euro refundation ya parecer que el italianos querer estar dentro,positive,negative,REVISAR
cospedal decir que pp garantizar el gobernabilidad de asturias se reconfirmar pacto cascos cherines_pp,positive,negative,REVISAR
chiste chiste como maldecir uno pollo el otro caldito ser contar me uno,positive,neutral,REVISAR
tras rosca prodigioso que le dar el sera difícil que se le escapar el partido rafa el quinta ensaladera estar en el vitrina,neutral,negative,REVISAR
rajoy prometer bonificación total cotización ss uno año para menor treinta año con uno empleo,negative,positive,REVISAR
erc en rueda prensa pedir que se cumplir uno sentencia decilitro tc sobre jaja me sumar su petición cumplir sentencia ni se sonrojar,positive,negative,REVISAR
si ser verdad el epa dar de parado en dic no entender como se esperar el para ver si el agente social llegar uno acuerdo,neutral,negative,REVISAR
el vicepresidente soraya seguir el jornada de huelga móvil en mano para ver el evolución de el consumo eléctrico,negative,neutral,REVISAR
mal empezar ionantolin que ir hacer hoy,negative,positive,REVISAR
alonso pp acusar el psoe de iniciar campaña de agitación en el calle no tener humildad para reconocer el daño causar congreso,neutral,negative,REVISAR
anda este chino ser como el sindicalista de nunca ver uno manifestación,positive,negative,REVISAR
pezqueñines no gracia debes dejar lo crecer,positive,negative,REVISAR
señal de el tiempo merece el pena leer los nuevo pobre de manueljabois,negative,positive,REVISAR
conquistar el democracia nos robar el poder financiero con el beneplácito de gobierno sumiso ser uno gran asignatura pendiente,neutral,positive,REVISAR
quien_no_ha_afrontado_la_adversidad_no_conoce_su_propia_fuerza,negative,positive,REVISAR
disciplina fiscal flexibilidad económico parecer sadomasoquismo,negative,neutral,REVISAR
mi sueldo como diputado ser de dos mil ochocientos euro más ocho trienio como médico forense he tener oferta profesional el que decir que no,positive,negative,REVISAR
no hacer uno nuevo plan hidrológico antes dos año,negative,positive,REVISAR
neithanwolf cinedepatio sensacine resultad_sobrevives el de estar loco funcionar,neutral,negative,REVISAR
no me gustar el diadelamujer pero si ser igual que demonio venir este hay día de el hombre me parecer absurdo igual el díaorgullogay,negative,neutral,REVISAR
en andalucía ahorrar ciento de millón en sanidad el subasta de medicamento debatertva,positive,negative,REVISAR
david_busta_feliz_navidad_david el videoclip de me_salvas ser,positive,negative,REVISAR
cómo poder pedir el renovación completo de idea organización de el partido quien participar su esclerosis,positive,negative,REVISAR
apostar por uno gobierno abrir más transparencia más accesibilidad no solo para el periodista sino para oda el sociedad,positive,negative,REVISAR
preferir carles charles pilarggranja_nada de carlos please odio ese de carlos,negative,positive,REVISAR
noticias_de_el_estado paro aumentar de nuevo poner el amo el cortijo porque ellos lo valer,negative,positive,REVISAR
31m para que acabar tú descargar me cagar en mi puta vida,negative,positive,REVISAR
lo el barrera mental el_día_de_la_discapacidad con más barrera que nunca,negative,positive,REVISAR
hablar hermanntertsch se hacer el debate que importante ser en el vida en el tele tener gente capaz con posición sobre el cosa,positive,neutral,REVISAR
el decir estímulo uno plan de crecimiento de solidaridad volver el método comunitario,positive,negative,REVISAR
buenos dias el oro no descansar en mordor tener twitter pero nolesdaremosjuego,negative,positive,REVISAR
mil de persona hacer huelga se ir manifestar muchos millón de español trabajar otro cinco millones querer hacer lo,neutral,negative,REVISAR
gracia pilarggranja intereconomia sin no seriar el mismo para cuando uno tertulia económico para,positive,negative,REVISAR
hacer ocho año estar en barcelona de campaña electoral me ir dormir tranquilo el despertar todo ser confusión dolor recuerdos,neutral,negative,REVISAR
uff que agobio ahora ir sonar el campana,negative,positive,REVISAR
nadal no poder ser de este planeta espectacular vamosss_rafa,positive,negative,REVISAR
el embajada_de_israel premiar el real blanco por su labor de acercamiento entre españa israel,positive,negative,REVISAR
rajoy intentar hacer en españa el que jaume todo vosotros hacer en favor no,positive,negative,REVISAR
convocar el uno gran manifestación en creer ser mañana el doce contra segundo sindicato parásito antitrabajador,negative,positive,REVISAR
esperar que haber justicia en siberia tener uno ola de calor,positive,negative,REVISAR
rita lo mejor nos pasar en ambicion pero no haber despilfarro,positive,neutral,REVISAR
que em no inventar nada interior asegurar que el anterior gobierno investigar ilegalmente ignacio_gonzález,neutral,negative,REVISAR
rt tocachos este ser viejo pe bueno paurubio por que el vaca no poder comer,neutral,positive,REVISAR
qué diferencia de tono lo mejor terminar pasar se de rosca pero tener mucho más condición para el liderazgo que rubal,positive,neutral,REVISAR
me parecer en estar edición blogs i_agua el posición sera el reñir hidrojing jcponline marinaarnaldoso,neutral,negative,REVISAR
hoy extraño mucho mi_isla_bonita puertorico,negative,positive,REVISAR
el andaluz rt caro le ir costar griñan uno sillón de gobierno en andalucía mariviromero javierarenas_pp,negative,positive,REVISAR
tristeza por el cierre de público conocer bueno profesional que lo hacer posible su línea editorial tan respetable como todo,positive,neutral,REVISAR
me decir que en valencia el taxista estar trabajar con normalidad en madrid también yonohagohuelga,positive,negative,REVISAR
me sumar el petición de el asoc memoria_histórica para que se permitir retransmitir el juicio garzón investigar el genocidio franquista,neutral,negative,REVISAR
menos mal que el vida te dar oportunidad para ser más sabio te querer laradibildos,positive,neutral,REVISAR
urdangarin autorizar entrar en coche telediariointer,positive,negative,REVISAR
chico ser quitateeltop vamoooossss que aguien me decir cuanto quedar que yo no se mirar lo haber que conseguir lo amigo,positive,neutral,REVISAR
por cierto ondear bandera español en todo el ayuntamiento catalán ah ese ya no interesar ahora mas ser aliar valevale pero,negative,neutral,REVISAR
el mormón estar en racha por algo decir yo que tener que salir carroll ver si ahora no pitar algo tan raro como el antidepor sergio,positive,negative,REVISAR
ahí tener el carmen_de_merimé como decir gistau no sera zp con falda sino con más pantalón que él empieza arrancar entusiasmo,positive,negative,REVISAR
el teoría de monti el trabajador de el ere estar feliz como calificar le,positive,negative,REVISAR
el wifi lo llevar uno dealer muy chungos,negative,positive,REVISAR
curiosamente el gente no tener muy claro el limitar entre inocentada putada chunga ni entre broma simpático cabronada imperdonable,positive,negative,REVISAR
acabar de terminar mi carta de mañana creo que ir dar_pie más de uno polémica,negative,positive,REVISAR
francartagenact burnleyofficial chelseafc_bastante bastante ganitas de ver lo romper el premier,positive,negative,REVISAR
cocos para salvar banco el gobierno prestar euro el no ser accionista si haber beneficio no ganar asumir el perdido gana el banca,neutral,negative,REVISAR
hemos recorrido uno bueno trecho de el camino lo que ahora proponer ser que ir más lejos,positive,neutral,REVISAR
proponer modernización nuevo modelo de justicia pero se llevar anunciar veinte año sin dotación ni personal,negative,neutral,REVISAR
por que el ex jugador de balonmano su esposas tener que tener privilegio ante el justicia,positive,negative,REVISAR
hoy salir de el congreso_la_constitución de mil ochocientos doce rumbo cádiz para el acto de el 200aniversario se trasladar escoltar por policía_nacional,negative,positive,REVISAR
este nuevo grupo terrorista an terror gramo extnsv netwrk i_n pakistan integrated el qaeda_taliban bia svbel,negative,positive,REVISAR
poco aforo no raulvadillo no ser tan malo mi me parecer uno gran,positive,negative,REVISAR
diegopajaron miguel_prat doble de europa algo ser algo jaja,positive,negative,REVISAR
el leydetransparencia bueno gobierno ser el truco de rajoy para obligar el equilibrio atar el político más que ampliar derecho,positive,negative,REVISAR
carta_a_los_reyes_sobre_lorca rt juanmacapa cmgorriaran fallo tonto lo sentar,negative,positive,REVISAR
que el coca cola music de este año ser de meghan_trainor ser rico,positive,negative,REVISAR
el entusiasmo de el medio con el gobierno ser consecuencia de el independencia de el medio indicar algo distinto qué pensar,positive,negative,REVISAR
así ser victor pedroj_ramirez la vida de irene_villa confirmar que el amor el esperanza poder más que el odio el,negative,positive,REVISAR
sarkozy subir el iva ya tener más argumento rajoy si finalmente lo hacer él yo no querer pero,negative,neutral,REVISAR
qué_ccaa liderar el destrucción de empleo en febrero andalucía con treinta seis mil cuatrocientos cuatro desempleado más por ese hacer falta elcambioandaluz,negative,neutral,REVISAR
josey_dani qué pinta tanto el chistorra como el lomo ser producto delicioso probaremos vuestro sugerencia en frío en bocadillo,positive,negative,REVISAR
cameron decir que el estabilidad de el euro ser importante pero que venir proteger el interés de el británico bueno entendedor euco,positive,neutral,REVISAR
hoy se presentar el presupuesto de españa copenhague de guindos avanzar allí que ir convencer,positive,negative,REVISAR
si el consejero catalán salir contento de el reunión con montoro deber echar nos el mano el cartera,positive,negative,REVISAR
con el cambio llegar el nuevo ley_de_hacienda_pública no se gastar ni uno euro sin control de el funcionario,positive,negative,REVISAR
el casa de el rey poner orden el le mandar vivir como uno duque washington ahora le expulsar porqué se publicar,positive,negative,REVISAR
magistral artículo de ignacio_camacho en abc sobre el semana_santa como se notar que ser andaluz,positive,negative,REVISAR
el candidato de el psoe en asturias pedir el voto el derecha sensato el izquierda real atrapalotodo,positive,negative,REVISAR
veintiseis milllones de menos para erasmus el universitario que querer ir el extranjero lo hacer si poder el cuenta corriente de su padre,negative,neutral,REVISAR
rusia_bielorusia khazastan crear el de enero_una_union_euro_asia basar en el modelo eu duda sobre su,positive,negative,REVISAR
hecalledmeac_lo saber saber que no deber simplemente enamorar me de uno cara bonito como el tuya soy muy superficial,negative,neutral,REVISAR
apoyar el petición el_atleti_de_sus_socios revolución_atlética_ya de ese palco el condenar por el ts,positive,negative,REVISAR
ryfsw jajajaja ese ser uno indirecta preparar te que querer reformar el baño,negative,positive,REVISAR
me ver preocupar con el tema de el ave me ir muy tranquilo contento feijóo no decir fecha de llegar galicia creer,positive,neutral,REVISAR
qué cosa en el post de dos mil ocho sobre el plan de rescate el banca de bush aparecer uno anuncio de bono de tesoro,positive,negative,REVISAR
el movimiento mas antiguo de africa de el que fue líder s_anc marks centenar_y,negative,positive,REVISAR
rt_desde_la_axarquia el guadalhorce,positive,negative,REVISAR
algo bueno tener que traer dos mil once _2011 ser el año en el pasar de odiar te respetar te aun no compartir,neutral,positive,REVISAR
ana el_gobierno defender el sanidad público gratuito de calidad el malo herencia de el gobierno socialista gppopular,positive,negative,REVISAR
conchii david_busta jaaa no creer no nos leer pero como ser intenso nos leera,positive,negative,REVISAR
rechazo mayoritario el reforma laboral pero escaso apoyo el huelga general,negative,neutral,REVISAR
estrategia errar con palestina,negative,positive,REVISAR
uno cosa ser no trabajar orar liar te palo matonesaljuzgado,negative,neutral,REVISAR
hoy tener el alegría charlar reposadamente con lissavetzky_m uno persona talla humano que hacer mucho falta en el política,neutral,positive,REVISAR
el gobierno decir el nuevo formular de dación en pago se aplicar oda el hipoteca vigente supone caracter retroacto,positive,negative,REVISAR
prueba superar otro veinticinco kilómetro pie en total uno hora,positive,negative,REVISAR
aqui estar el uno avance habrá voto particular el_ts absolver por mayoría garzón en el caso de el franquismo,positive,negative,REVISAR
qué bien lo pasar estar tarde con gente el que querer mucho nada peor tener soportar quien no aguantar por compromiso,negative,positive,REVISAR
el mecánica para elegir el próximo presidente de asturias favorecer el psoe incluso sin el participación de upyd,positive,negative,REVISAR
marianorajoy ojalar recibir uno herencia como el que dejar aznar en dos mil cuatro,positive,negative,REVISAR
medida económico de protección social el prevención el seguimiento el apoyo comunitario bajar el tasa de suicidio,neutral,positive,REVISAR
pero claro ir con oda armar el fiesta juanes preparado_para_el_festival_vallenato,positive,neutral,REVISAR
esperanza el administración de justicia en andalucia ser muy antiguo muy lento elcambioandaluz,negative,neutral,REVISAR
hoy concentración ante el supremo en defensa de uno juez justo garzón ser inocente decir el que decir el sala dos de el supremo,positive,neutral,REVISAR
faltar estímulo uno plan de crecimiento de solidaridad deuda lo decir el psf el spd hollande steinmeier alfredo,neutral,negative,REVISAR
adema en el día de el cáncer infantil querer pedir mas asistencia social en el hospital en ese momento se necesitar mucho ayuda,neutral,positive,REVISAR
me abrir gustar hacer alguno de el de el targaryen pero como estar en paradero desconocer no haber imagen bueno de ellos,negative,neutral,REVISAR
aquí os dejar mi artículo en el chutar de orgullo de rajoy el nulo ética de el izquierda con el,positive,negative,REVISAR
cucorguez_ya estar jugar el ratón el gato no solo ir me quedar dormir mañana en vuestro hotel quedamos fijo,positive,negative,REVISAR
el político buscar confianza pero su riesgo no ser quedar en el recelo que exigir compromiso claro sino en el claro desconfianza,negative,neutral,REVISAR
futbolero93 solo recordar que iman ser tranquilo,positive,neutral,REVISAR
lástima murray acabar de perder pero demostrar que djoko no ser invencible ojalá_rafa tener su gran día qué porcentaje le dar,positive,negative,REVISAR
amaiur se estrenar en el control parlamentario silencio absoluto nadie perder detalle rajoy escuchar,positive,negative,REVISAR
haber que ver el rápido se aprender el diputado de amaiur el camino el restaurante de el congreso,positive,negative,REVISAR
el editorial de elpais sobre el situación actual en europa muy atinar,positive,negative,REVISAR
nuevo ley de el cgpj de planta código mercantil de enjuiciamiento criminal,negative,positive,REVISAR
el presupuesto cerrar dos mil quinientos empresa destruir doscientos mil empleo si_merkel dar el ver bueno ser que de españa solo le interesar el sol,negative,neutral,REVISAR
tener mucho gana de mimo sabio que pasar ahora p_o ser fuerte algo,negative,positive,REVISAR
maria_rey que fi uno viruxeee que escaralla cutis cuanto tiempo sin oirlooo,positive,negative,REVISAR
comenzar el debate de investidura de rajoy zp se sentar por último vez en el banco azul soraya triunfar en el banco de el,positive,negative,REVISAR
pedir participación masivo que ninguno joven se quedar sin votar os pedir que estrenar vuestro derecho democrático en el urna,positive,negative,REVISAR
obama el ee_uu aprobar su dos uno nuclear desde mil novecientos setenta ocho bia el_pais,positive,negative,REVISAR
uno chulada el cabalgata_de_reyes_magos de uno pena el confusión para segundo niñs el mezclar el magos con personaje de ficción,positive,negative,REVISAR
grande jordievole salvadostv hacer anta faltar programa como este,negative,positive,REVISAR
ninguno líder tener tanto poder indiscutido en su partido como rajoy ahora pero el crisis el paro ser su recordar que ser mortal,negative,neutral,REVISAR
juuaasss ahora el jefe de prensa de pepegrinan cambiar el hastag por leccionesdecorrupcion jajaja de ese deber saber tela,positive,negative,REVISAR
por que mirar tanto el uno ministro marroquí el folio de rajoy el discurso de este le entender el letra,positive,negative,REVISAR
incluir telefonos rt_año dos mil nueve alejandrosanz_apoyando la_hora,positive,negative,REVISAR
el gobierno inyectar liquidez en el comunidad autónomo tendrán crédito ico para pagar deuda provedores asta millon,positive,negative,REVISAR
andalucía no olvidar decir el psoe perder nueve escaño cincuenta seis patético el llave de el gobierno lo tener i_u con doce escaño,negative,neutral,REVISAR
el compromiso con andalucía solo ser posible con uno punto de partida con el mano limpio para hacer posible uno gobierno honrar austero,negative,positive,REVISAR
psoe ganar asturias no gobernar pp ganar andalucía no gobernar toxo méndez emocionar el dpriesgo mañana se ir disparar lío,neutral,negative,REVISAR
garzón el que se montar uno show con su premio_nobel con él tanto impresentable,positive,negative,REVISAR
tener que frenar el ola conservador poder hacer lo defender con orgullo el que hacer asumir nuestro error,positive,negative,REVISAR
palomacervilla_anoche solo constatar uno coincidencia editorial hoy uno rt de tú respuesta sin comentar lo que venir visceralidad,negative,positive,REVISAR
el ppc vender su elector uno año después gobernar con mas el bipartito ser más social nacionalismo,negative,positive,REVISAR
mi me parecer uno intento chapucero de manipulación sindical convocar manifestación para el once de marzo linternacope,negative,positive,REVISAR
mi criticar uno tío con uno en su avatar manda huevo,negative,positive,REVISAR
el pp tener claro su prioridad no hacer imponer el grande fortuna pero congelar el salario mínimo interprofesional,neutral,negative,REVISAR
ni tú como soportar el calor sevillano hijo mío,negative,positive,REVISAR
no ser que ahora no feliz pero antes lo ser más,negative,neutral,REVISAR
poner que en twitter haber polémica aquí estar el argumento jurídico uno foto en el congreso_de_los_diputados,negative,positive,REVISAR
el diputado navarro de amaiur prometer por imperativo legal se oír uno grito de el bancada popular por dinero,negative,positive,REVISAR
el hecho ser que zapatero no le llamar bush rajoy le aplaudir en persona el secretario de estado_de_el_tesoro_de_obama,positive,negative,REVISAR
mi gobierno saber el que tener que hacer uf menos mal tranquiliza imaginar os decir el contrario ahora solo falta que lo hacer,negative,neutral,REVISAR
microsoft querer aniquilar internet_explorer seis con uno actualización masivo,negative,positive,REVISAR
antonioortzb la_vuelta luisangelmate ojú que envidiar más malo me dar disfrutar aun me doler el pierna que bueno estar,positive,negative,REVISAR
el reto de el cambio_andaluz en que el andaluz tener el mismo oportunidad que el resto de español europeo,positive,negative,REVISAR
soraya_rodriguez se estrenar como portavoz psoe congreso en este cincuenta día se evidenciar el gran mentira de el pp en su campaña electoral,positive,negative,REVISAR
cuidar tu palabra admirador de el fútbol losmerenguesescozios,negative,positive,REVISAR
haber quien solo buscar munición ya se el verdad ser difícil matizar requerir uno esfuerzo sobre todo debatir,positive,neutral,REVISAR
no tener que empezar de empecer de nuevo grita chacón,negative,positive,REVISAR
el decisión de el casa_de_el_rey sobre urdangarín correcto la cuestión por que no tomar decisión el propio duque de palma,positive,negative,REVISAR
opinión generalizar en el el huelga no ser uno éxito pero el gobierno no poder cerrar el ojo el indignación ciudadano,neutral,negative,REVISAR
se aprobar reforma en ámbito de el justicia modernizar reducir atasco en tribunal cdministros,positive,neutral,REVISAR
rubalcaba terminar con oferta de pacto el pp en varios materia esta ir ser nuestro oposición escuchar no criticar investidura,negative,neutral,REVISAR
menos de cien día uno huelga uno gran manifestación contra rajoy,positive,negative,REVISAR
gracias especialmente el compañero de profesión de otro medio estar tan indignar como nosotros el agresión el libertad,negative,positive,REVISAR
rubalcabaenlaser_montoro colocar su fetiche favorito en el ley de estabilidad es uno disparate,neutral,positive,REVISAR
todo uno virus me poseer me tener doblar pero este no se morir nadie aquí serio peor nacer en niger así so afortunado,positive,negative,REVISAR
contigo como siempre danilozanomadri las presión de el embajador de venezuela también desde caracas dar resultado,negative,positive,REVISAR
tidxs mejor ese que nada no,positive,neutral,REVISAR
el fin por muy loable que ser no justificar el medio esa ser el esencia de el estado de derecho,positive,negative,REVISAR
el verdad ser le estánmontando uno numerar piñeira cada dia suponer xq ser de derecha uno pena marodriguezb nacho_ad,neutral,negative,REVISAR
chacón defender si decir cambio hacer si decir primario hacer primario,positive,negative,REVISAR
lady_gaga tener veinte milllones de seguidor en twiitter si se organizar ser uno país mediano si se corromper ser uno país grande,neutral,positive,REVISAR
autobiografía de vía,positive,negative,REVISAR
para mi el figura de fraga suarez siempre estar unir ni_que_decir_tiene que mi simpatía estar con suarez seguir ser de ucd,negative,positive,REVISAR
bien hacer antonlosada en detallar el pregunta que no poder hacer ejemplo recorte,positive,negative,REVISAR
sentar el dolor de el pérdida de soledad_mestre el orgullo de lo conocer compartir con él uno mismo compromiso político,neutral,negative,REVISAR
decir yo de verdad griñan no tenia claro el significar para españa_la_davis si yo ser andaluz estar tomar nota,positive,neutral,REVISAR
mas decir que si psc tardar mucho aun se sumar antes ppc el concierto económico que ellos conocer segundo suyo capaz,positive,negative,REVISAR
el economía seguir mandar pero hoy además hablar de educación sanidad sin olvidar nos de siria enseguida en el,positive,negative,REVISAR
durar lleida apoyar contador le pedir que aguantar como hacer guardiola el portavoz de ciu pedir no hacer caso el comentario francés,positive,negative,REVISAR
que gusto dar saber que tener uno presidente_de_el_gobierno que no usar el avión oficial para acudir acto de partido,positive,negative,REVISAR
de gravamen para que aflorar el dinero negro boyer en el ocho solchaga en el noventa uno aprobar también amnistía fiscal,neutral,negative,REVISAR
hoy estar en viena representar españa en el comisión de droga de naciones_unidas españa ser pionero en prevención rehabilitación,positive,negative,REVISAR
antigüedad le decir geroa_bai que este no ser el sitio para hablar de el espárrago de navarra hombre seguro que ahí encontrar adhesión,positive,negative,REVISAR
me parecer muy mal que anticorrupción no recurrir el absolución de camps el argumentación de el jurado para decir que pagar ser muy endeble,negative,neutral,REVISAR
mientras el chico de erc el que se pasear con antorcha en el moderno cortar constitución,positive,negative,REVISAR
hablar con el presidente de el asociación_profesional_de_la_magistratura sobre el boda ante el notario telediariointer,positive,negative,REVISAR
el psoe plantear que el ciudadano poder votar en su primario elecciones el francés lo adelantar el ser,positive,negative,REVISAR
qué valorar acabar con el antiguo_régimen con el dictadura_de_franco,negative,positive,REVISAR
dudar para qué pasar si upyd se abstener tanto en el eventual investidura de javier_fernández como en el de cascos,neutral,negative,REVISAR
gallardo reformar el sistema de acceso el poder_judicial,positive,negative,REVISAR
otro_rt jdanira toni_cantó renunciar jurar prometer su cargo para evitar problema lo hacer por imperativo legal como amaiur,neutral,negative,REVISAR
mientras avanzar por el carretera se suceder canción que hablar de ausencia como si decir vaya donde vaya el verdad ser el verdad,neutral,negative,REVISAR
alfonso_alonso recordar que el investidura duro dos día marianorajoy poder anunciar más detalle estar tarde mañana,negative,positive,REVISAR
rt_el_gobierno aprobar uno amnistía fiscal para regularizar el fraude,negative,neutral,REVISAR
el tres en el ministro de exteriores bromear con uno eurodiputado,positive,negative,REVISAR
si el riqueza per_cápita retroceder en españa sera urgente debatir mucho sobre su mejor reparto redistribución social no,positive,negative,REVISAR
ese momento en el que no tener mego para ver el video en casa de tú padre no haber wifi mamaheasesinadoaminovia,negative,neutral,REVISAR
momentazo mandarina jajajajajajaja me meoooo elenasagredo87 maestradelverso x_d ahora tocar fiestuqui asta que el cuerpo aguantar,positive,negative,REVISAR
en periodistas espejismo censura globalización control veinte,negative,positive,REVISAR
en munich ocho conferencia anual sobre seguridad sin duda mas frío que en sevilla,positive,negative,REVISAR
artur_o negociación de el pacto fiscal insumisión toma tolerancia telediariointer,positive,neutral,REVISAR
de el equilibrio entre interés presente menudo contraponer se primar en europa uno político defender el rentista acreedor,positive,negative,REVISAR
enhorabuena el gobierno_de_herrera por su éxito en controlar el déficit en castilla león,positive,negative,REVISAR
aunque para entrada machista de el diccionario de el rae el de gozar ser cosa de hombre solo con,positive,negative,REVISAR
si mañana seguir alita te dedicar uno canción no,neutral,positive,REVISAR
mucho mierda rt_yorokobu salir el venta en quiosco de oda españa,negative,positive,REVISAR
manusanchezg_mucha gente con el dato de el delegado de el psoe pero el mérito de el infografía estar hora ser para mariano_zafra,positive,negative,REVISAR
cada vez que hacer uno bicicleta acabar perder el balón quelahagaconcestita,negative,neutral,REVISAR
otro carta oculto de pacto nacional de agua dsd unidad de cuenca sostenibilidad prioridad de uso,positive,negative,REVISAR
el gobierno anterior nunca tener en su cabeza uno amnistía fiscal asegura que ser rumor,neutral,negative,REVISAR
bono decir que en uno momento como este no poder haber diferencia entre izquierda derecha pide el nuevo congreso oír el calle,positive,negative,REVISAR
todo el día de el año ser aniversario de crueldad asesinato acto de terrorismo fusilamiento masacre,negative,positive,REVISAR
el farmacéutico en andalucía querer aportar colaborar en promoción de el salud el gobierno andaluz no contar con ellos esperanza,positive,negative,REVISAR
el voz profundo clave para triunfar en político vía elmundoes,positive,negative,REVISAR
me entristecer el malo noticia me llegar de el diadevalladolid periódico ser mi casa cuatro año como también de rtvcyl,negative,neutral,REVISAR
orbyt estar en suiza no paro de leer sobre el portada no el encuentro en internet el intriga me estar,positive,negative,REVISAR
fotos de el,positive,negative,REVISAR
último sábado en casa emociones extraño el fin de semana que venir volver el tele os esperar,negative,positive,REVISAR
importante rt ifilosofia ya donar para alimento en cuernodeáfrica situación ser inhumano tu poder hacer lo en el web de 90mn90d,neutral,positive,REVISAR
achocoblog oír no estar nada mal,positive,negative,REVISAR
viajar berlín para mantener el fortaleza de el mercado,positive,negative,REVISAR
seguro que hacer alguno bueno entendedor españa tener que romper con este miserable asad masacrar el que huir,negative,positive,REVISAR
moraleja de el cuento de el no quedar mas marido familiar por colocar hacer acabar el transición,positive,negative,REVISAR
decir el psoe su impuesto el grande fortuna ser el panacea por que no lo imponer este año en el que gobernar ppcv,neutral,negative,REVISAR
el nueve argumento con el que el seat_león desarmar cualquiera compacto,positive,negative,REVISAR
rajoy el fiesta ser en el lunes más cercano aquel de mayor arraigo social investidura,positive,neutral,REVISAR
uno pase messi desvelar el ruta para hacer llegar armamento el rebelde que luchar contra bashar en,negative,positive,REVISAR
volver el neutrino comportar como einstein manda nytimesscience flaw_found i_n neutrino_test,negative,positive,REVISAR
me querer ir dormir pero la_vez me poder el resultado de el primario de carolina_de_el_sur esperar expectación,positive,neutral,REVISAR
ignilefiasplash uno vez mi prima me besar sin previo aviso ese ser mi uno beso nunca volver tener uno,neutral,positive,REVISAR
esperar e_ro en el manifestación por el memoria el justicia en apoyo el juez garzón el próximo domingo el 12horas,positive,negative,REVISAR
rubal empeñar en ajustar cuenta con rajoy probar que se aprovechar de el crisis para ganar le acelerar agrio mal ir el psoe,negative,neutral,REVISAR
otro asunto interesante mantendrán sindicato patronal el monopolio de el formación no el propuesta de el gobierno,neutral,negative,REVISAR
bdías esperar que os convencer el argumento de mi falta el reforma de el estado,negative,neutral,REVISAR
el gob anunciar uno reforma de el organismo regulador para simplificar el máximo su número cmin,positive,neutral,REVISAR
mañana me ver el que faltar pero el mejor de el noche no ir britney ir me decepcionar,negative,positive,REVISAR
the economist insistir en el importancia de uno contrato laboral único para españa,positive,negative,REVISAR
para que luego decir que el niño no tener memoria vivir junto el ser el mejor que me pasar en el vida,neutral,negative,REVISAR
el gobierno asumir el bilingüismo cordial de feijoo como forma de aplicación de el política lingüístico para oda el nación,positive,negative,REVISAR
adriansoler esperar desear que el interior te causar el mismo,neutral,positive,REVISAR
camino_de_rne con juanralucas con el ipad de copiloto multan si te pillar usar lo en uno semáforo,negative,positive,REVISAR
se lo tener con dumouriez todo uno tipo por que nadie hablar de publícola crearé_la_asociación_todos ser,positive,negative,REVISAR
buenanoticia_el_gobierno dar beneficio fiscal el emprendedor innovador forotransfiere,positive,neutral,REVISAR
deber tener confianza porqué el gobierno estar dar el paso correcto montoro elcambioandaluz,positive,negative,REVISAR
decir yo que tener malo memoria mi vecino se tatuar el nombre de su mujer,neutral,negative,REVISAR
pilarggranja estar capacidad para contar voto como ir solucionar el,neutral,positive,REVISAR
yo solo querer alguien que odiar conmigo,neutral,positive,REVISAR
bayrou candidato el presidencia de francia decir que escribir no ser traducir uno pensamiento sino elaborar lo haber uno político así aquí,positive,negative,REVISAR
acabar recordar en riópar todo el vecino estar emblemático localidad me acompañar estar mañana el dificultad,negative,positive,REVISAR
lo sentar mucho bueno dejar uno vídeo de hipar para el stream de mañana que ir ser fuerte_sito,negative,positive,REVISAR
haber uno veintisiete de español disponer ir se trabajar europa uno el continente los país preferir alemania gb francia,positive,negative,REVISAR
el distrito poner en marcha uno campaña solidario para el lucha contra el droga para caritas para recoger juguete,positive,negative,REVISAR
no el futbol nada ay sí como el tenis jeje_rt saber todo el,positive,negative,REVISAR
jvsantacreu_gran experto rosa en freír huevo parecer gemelo mi no me salir tan,positive,neutral,REVISAR
continua el pesimismo en el español el paro ser el principal problema para el solo uno considerar bueno el situación económico,neutral,negative,REVISAR
el consolidación fiscal imprescindible pero no ser sostenible sin política para crecer el mismo tiempo,neutral,negative,REVISAR
estupendo tú avatar en el se repetir el juan estar vez el café ser de,positive,negative,REVISAR
vodafone aceptar reembolsar me el cobertura marítimo de el que no me advertir en su momento estoy contentar me parecer justo,positive,negative,REVISAR
estar pinchar en daiquiri que creer que uno estar el lado de otro asi que haber nos ver amigo no fallir,positive,negative,REVISAR
para acabar con el tragedia de mucho galgo dedicar el caza firma sumar te,negative,positive,REVISAR
uno de el reto de nuestro cooperación ser reducir el desigualdad entre país dentro el país,neutral,negative,REVISAR
me encantar como decidir que universidad ir ir sin ni siquiera consultar me lo,negative,positive,REVISAR
el español ser igual ante el ley sin que poder prevalecer discriminación alguno nacimiento raza sexo opinion,positive,negative,REVISAR
rbca proponer el recuperar consenso en materia laboral institucional político,positive,negative,REVISAR
si oda el escucha ser ilegal preparar el excarcelación de uno bueno puñado de delincuente terrorista,negative,positive,REVISAR
ser que me lo como de el bonito que ser,positive,neutral,REVISAR
de momento ambiente festivo en sol el policía parecer tranquilo tiene pinta de que ir para largo,positive,neutral,REVISAR
fernando_martin perder el gran demanda de el ladrillo en el que pedir millon cuatrocientos setenta mil jové por el venta de fadesa,positive,negative,REVISAR
uno abrazo el compañero de lasextadeportes en estar tarde tan feo triste para quien querer dani,negative,positive,REVISAR
tensiones con el militates pakistan_pm sacks defence,negative,positive,REVISAR
de guindos anunciar reforma en servicio público educación sanidad en uno diario alemán vía elmundoes,positive,negative,REVISAR
en el templo de el radio español el estudio central de el ser_de_la_gran_vía treinta dos entrar en hoyporhoyser rubalcaba,positive,negative,REVISAR
rajoy decir que el objetivo de déficit estar dentro el normativa que no temer ninguno expediente de el comisión_europea,neutral,negative,REVISAR
gana_alfredo en uno ejercicio ejemplar de democracia en el seno de el psoe,positive,negative,REVISAR
ir de visita el vampiro terminar con el brazo como uno queso,negative,positive,REVISAR
pasar cosa curioso en genova haber mucho gente felicitar el que no ir ese querer decir que poder ser ministro,negative,neutral,REVISAR
the_blues_is_my good gran_etta_james_dedicado el negocio de el contenido,positive,negative,REVISAR
ultimar diez hora para el superpromo orbyt ochenta mil haber tras romo pero no este precio animaros el rezagar,positive,negative,REVISAR
uno gran parte de el prensa internacional creer que se condenar garzón por ser antifranquista demasiados prejuicio poco profesionalidad,positive,negative,REVISAR
muchos deber por hacer editorial de el suplemento valor de e_periódico,positive,negative,REVISAR
en giraldatv zoidoalcalde hablar de pronóstico en uno derbi ser muy difícil ganar el mejor no haber incidente,positive,neutral,REVISAR
estar tan seguro de que el examen de mate ir ser el que hacer de recuperación en el último trimestre el cuál nadie le sacar foto,neutral,positive,REVISAR
rt_seguimos buscar el palabradelaño mirad mirar,positive,negative,REVISAR
gallardo justificar tasa para el recurso porqué haber mucho litigante en instancia que lo hacer para dilatar aplicación de sentencia,positive,negative,REVISAR
peces_barba estar en su derecho de ser uno monárquico con aspiración cortesano no en menospreciar el transparencia ni el republicano,neutral,negative,REVISAR
si alguien asegurar le gustar el color azul para vestir se pero el mayoría su ropa ser marrón haber hacer el hacer el decir,positive,negative,REVISAR
el sacrificio de momento lo asumir el opositor sin nuevo oferta de empleo público el salario de el funcionario cómo quedar,negative,neutral,REVISAR
el increíble en el asunto de el traje ser que haber dos culpable dos inocente,positive,neutral,REVISAR
cómo estar se decir por el consejo que el república_checa no acpeta el pacto fiscal,negative,neutral,REVISAR
yo ser dar el sindicato motivo_real para manifestar se pero muy real ya estar en plan refranero mejor uno vez colorar cien amarillo,positive,neutral,REVISAR
el superar el prueba de el conflicto registrar tras el muerte de uno senegalés e_periódico,neutral,negative,REVISAR
se hacer quedar gusto el de el tener clásico para_rato ya ni osasuna ni el real estar en el copa seguir el madrid,positive,negative,REVISAR
no decir ese acato el mayoría cumplir por lealtad coherencia con iu elector pero no me callar la disciplina ser de el siglo pasar,positive,neutral,REVISAR
como lo tener uno poco abandonar ir otro tweet con foto ya en portugal en el estadio de el sporting,negative,positive,REVISAR
hoy hacer cinco año fallecer loyola de desde posición idea distinto mi recuerdo respeto su trayectoria político,negative,positive,REVISAR
me ir quedar afónico de tanto hacer gutural con fiebre,negative,positive,REVISAR
creer internet tener cambiar modelo de negocio el cierre que opinar de el cierre de megaupload prinsesa,positive,negative,REVISAR
marisa_naranjo dar con éxito sin equivocar el de neox ante más de el ouyeah,positive,negative,REVISAR
algún día ser_e feliz por tener tú follow blasauryn,negative,positive,REVISAR
mirar el tormenta que nos caer en el concierto de silao ser muy,negative,neutral,REVISAR
pedroj_ramirez somos el país más necio de el mundo título_viii estatut ahora el tragicomedia de eta perfecto manual de autodestrucción,positive,negative,REVISAR
mi madre hablar con estar señor desde otro plano inmaterial para comentar le que querer que me cortar el pelo ya,negative,positive,REVISAR
el pp votar contra el enmienda de el psoe para mejorar derecho persona con discapacidad cermi_madrid autismomadrid,positive,negative,REVISAR
todo bajo control rt iruizquintano evaoregan luego te dar miedo afganistán,negative,positive,REVISAR
ir espectacular que nivel de tema de cantante psrecia uno versión de aplauso solo faltar jm_inigo,positive,negative,REVISAR
buenos_patio regreso convencer de que por encima oda el algarabía el que más se notar ser el silencio de rajoy,positive,negative,REVISAR
rubalcaba el estudiante de valencia no ser est sino simple delincuente xq_alarte invitar el cortés_valencianas el líder,negative,neutral,REVISAR
el de el consumidor expresar su descontento con uno marca el red social,negative,positive,REVISAR
odiar no tener tiempo hoy rt alejandrosanz el mas odiar bss guapo,negative,positive,REVISAR
el otro ganador ser fgarea_buen ojo,positive,negative,REVISAR
bdías el ue exigir rajoy cinco millones más de ajuste debe aceptar lo sí porqué el moneda común imponer uno política económico común,neutral,negative,REVISAR
primaveravalenciana sobrar el el izquierda querer conquistar algarada el que ser incapaz de ganar en el urna,negative,neutral,REVISAR
el euro abrir el alza en el mercado de divisa de fráncfort se cambiar trece mil doscientos ochenta seis dólar el trece mil doscientos sesenta siete de el jornada anterior,positive,negative,REVISAR
obama el consejero delegar de uno empresa que antes ganar treinta vez más que su empleado ahora ganar ciento diez vez más,positive,neutral,REVISAR
mi saludo mi cariño el fallera_mayor_de_valencia su corte el demás fallera símbolos que unir mi desprecio quien lo atacar,negative,positive,REVISAR
quedar ahora uno parte de andalucía el grande como ensayo político de el izquierda ver que proponer,negative,neutral,REVISAR
bien decir buenafuente el imparcialidad no existir solo el sentido común de ese haber muy poco,positive,neutral,REVISAR
decir el pte_de_la_aavv_de_gamarra todo el delegado salud de junta desde mil novecientos ochenta seis ser prometer el mismo nada hecho diez mil vecino,positive,negative,REVISAR
se acabar el inmovilismo abuso despilfarro porqué tener uno programa obsesionar con el empleo real reformista austero elcambioandaluz,positive,negative,REVISAR
uno lástima el de el_cerro ir dos año el menos sólo dar uno treinta agua asta el 18h ver martes_santo en giraldatv,negative,neutral,REVISAR
el progre de bruselas nosoportan el const húngaro reconocer el raíz cristiano blindar el derecho el vida ese el expediente,positive,negative,REVISAR
bueno día cuando_botín decir deber dar menos crédito el sector inmobiliario quien os obligar la codicia,negative,positive,REVISAR
bueno día no ya ver depender según se ver ese esperar ya me gustar como siempre sin sorpr,neutral,positive,REVISAR
rajoy reiterar que su intención ser no subir el impuesto desconocer cuanto gasto hacer que recortar porqué no haber cerrar contabilidad,neutral,negative,REVISAR
convalidación de el reforma laboral de ciento sesenta ocho voto favor resultado descriptible ciento noventa siete voto favor resultado,neutral,negative,REVISAR
gente madrid fa aqi os hablar qiero conocer gente nuevo,neutral,positive,REVISAR
el cámara estar tener dinero el español para seguir pagar el estado bienestar decilitro disfrutar no,positive,negative,REVISAR
prometer dar todo el que tener cambiar el psoe para seguir ser el psoe si ganar el gatopardo no sera por este discurso,positive,neutral,REVISAR
así ser mariviromero javierarenas_pp no poder estar mas de acuerdo andalucía cambiar se,negative,positive,REVISAR
posar se acercar saludar tres diputado de amaiur con el se encontrar en hall congreso apenas uno segundo de saludo,positive,negative,REVISAR
decir el gobierno estar reforma ser para frenar el sangría de el paro pero mi me parecer que poder contribuir que haber más despido,negative,neutral,REVISAR
voto que manzano olímpico ya mérida extremadura no lo poder ser es tan bueno que se lo merecer vía gfvara,positive,negative,REVISAR
ya se el composición de el nuevo gobierno pero comprender que no ser hora os lo contar estar tarde,positive,negative,REVISAR
obama utilizar el fuerza si ser necesario contra irán,positive,negative,REVISAR
uno personaje decilitro año sergio,positive,negative,REVISAR
el uruguayo ruben_loza me decir que escribir uno cuento sobre el mujer de el foto de doisneau no el que besar sino el desconocido que pasar,negative,neutral,REVISAR
superpaperender_lo abrir hacer con sin mí,neutral,positive,REVISAR
la reforma laboral ir poner el base de el creación de empleo en nuestro pais fatimabanez elcambioandaluz,neutral,negative,REVISAR
r_falque bueno vez ser el único que tener haber alguno que merecer el pena,positive,neutral,REVISAR
ganar el elección con el ilusión de el ciudadano para vencer el crisis el paro para que existir regeneración democrático,negative,neutral,REVISAR
el duda ahora en clave interno de el psoe si griñán hacer limpio acabar con el apoyar rubalcaba en el congreso,positive,negative,REVISAR
el presidente_de_la_generalitat_valenciana proponer pedagogía para el ciudadano ayudar reducir gasto sanitario,positive,negative,REVISAR
david_busta tú romper el mito que el artista no se levantar antes el uno no bueno día desde me caer de el,positive,negative,REVISAR
iu mejorar resultado en amo caso andalucía duplicar el resultado de dos mil ocho en asturias subir uno escaño upyd lograr uno,positive,negative,REVISAR
alexdelaiglesia ser que no ser de superhéroe ser de ese ser el bueno,positive,neutral,REVISAR
de guindos elevar el saneamiento por activo inmobiliario cinco millones doscientos mil,positive,negative,REVISAR
me gustar arreglar anta cosa pero no poder arreglar ninguno ser muy frustrante,negative,neutral,REVISAR
rajoy afirmar que el gobierno ir hacer oda el reforma que el economía necesitar especialmente en el uno año de el legislatura,positive,negative,REVISAR
no haber que confundir izquierda con izquierdismo es como el infancia el infantilismo andalucía el izquierda ser iu no haber más,negative,neutral,REVISAR
javierarenas_pp este foro tener mucho importancia porqué hoy ninguno empresa sobrevivir si no innovar elcambioandaluz,negative,positive,REVISAR
reclamar el tarea político serio bien hacer requerir analizar conocer evaluar negociar para cambiar no titular el uno dia,negative,positive,REVISAR
antoni empresa el inteligencia de el multitud b_y antonigr,positive,negative,REVISAR
no el deshaucio universalidad servicio lucha antifraude reforma electoral,negative,neutral,REVISAR
diputado de varios grupo admirar de el hechura parlamentario de gallardón cuarenta cinco hora de comparecencia sin cometer uno fallo,positive,negative,REVISAR
leire_pajín se estrenar en twitter con uno alegato contra el plan de gallardón seguidor nada más bienvenida lpajin,positive,negative,REVISAR
para pedir el libertad de el preso político saharaui,positive,neutral,REVISAR
el gobierno de marianorajoy realizar en cincuenta día más reforma que el psoe en ocho año,positive,negative,REVISAR
me preocupar más el veinte enric_hernandez creer que ir suceder el fin_de_el_calendario,positive,negative,REVISAR
bárcenas dar por cerrar el investigación sobre su relación con gurtel el audiencia hacer bien en reabrir el caso,positive,negative,REVISAR
vaclav_havel fallecer intelectual que participar en política en el libertad de europa personalidad para el historia gran perder,negative,positive,REVISAR
ya estar en linternacope con jpcolmenarejo estherpalomera fjaureguic victoria_prego seguimos con el reforma_laboral liospsoe,negative,positive,REVISAR
curiosidaddelinsomne el que ir ser congreso de el cambio rechazar así pensar recuperar psoe el ilusión de el suyo,negative,positive,REVISAR
roenlared se que no me ir leer pero si poder decir me que hora coger el ave mañana me hacer muy feliz no poder ver te hoy,negative,neutral,REVISAR
tanto fraga como carrillo tener pasar oscuro pero el grandeza de españa stá saber asumir el regla de el democracia mequedoconeso,negative,neutral,REVISAR
bdías el nuevo portal de cacho ser el que decir el verdad sobre el actitud de carmen_iglesias ante el caso urdangarín,positive,neutral,REVISAR
tuits decir el duro que so junto tuits decir el blando que me volver bien ese ser que ir bien,negative,neutral,REVISAR
increpar el compañero de intereconomía el grito de fascista uno conexión directo sol se caldear enhuelga,negative,positive,REVISAR
rt_qué_españa funcionar pero cómo de sevillajordi recordar el frase felipe querer volver creer,positive,neutral,REVISAR
día empastillada por el noalasdrogas pero ya estar por aquí que haber de nuevo me perder alguno hashtags chulo,negative,neutral,REVISAR
el dato ser el moneda de el economía digital empresas regulador buscar uno consenso sobre el privacidad,positive,negative,REVISAR
archivar el causa de el curso contra garzón faltar absolución en franquismo para lavar el cara de el supremo garzón fuera plan cumplir,neutral,negative,REVISAR
censura el que dañar el honorabilidad de el partido que su conducta legal ya saber por que no ir camps,neutral,negative,REVISAR
jeje si tío juanjo rt juanjogmb espabilao te faltar tiempo para colgar lo,neutral,positive,REVISAR
diooooos_santiago_segura ir en mi equipo creer que ahora si poder confirmar que uno desastre,negative,positive,REVISAR
tener problema de conexión en carretera luego hablar,positive,negative,REVISAR
ya ser inmaculada_concepción patrón de españa de el infantería,positive,negative,REVISAR
te dar uno canción como uno disparo uno palabra uno como dar el amor que ser mentira pero uno día soñar con,neutral,positive,REVISAR
báñez asegurar que no hacer problema para pagar pensión el menos uno trimestre no hacer tocar fondo reserva,neutral,negative,REVISAR
para el negocio de el arma no haber crisis,positive,negative,REVISAR
cospedal querer mejorar el imparcialidad de rtve suponer que le faltar ese toque el telemadrid,positive,negative,REVISAR
rt_atención el coherencia de rosa diez criticar en dos mil ocho el mismo que acabar de hacer él,positive,negative,REVISAR
rajo_y en le ir meter el tijera todo menos pensión sanidad educación hoy millon de euro menos,positive,negative,REVISAR
el psoe estudiar para el programa el revisión de el concordato decían entonces que ser algo popular en el partido pero peligroso en campaña,negative,neutral,REVISAR
mamá no me dejar llorar ver si hoy sí que se dejar,positive,negative,REVISAR
echaniz decir ahora que el sanidad público estar en el uci mientras hacer ciar día el ministra hablar de uno salud excelente qué pasar,positive,negative,REVISAR
ricki33 me quedar con el tonic ya saber que so uno clásico,positive,neutral,REVISAR
no os perder el reportaje que hacer el_mundo el extraordinario irenevillaglez,positive,neutral,REVISAR
si haber uno sitio en el que no poder fallar el caravanadelcambio ser barbate nos ir volcar con el familia por tierra mar aire,positive,negative,REVISAR
allí estar apoyar golfista deportista reconocer como el chino_fernández andrés_romero iván_zamarono más no se lo perder,positive,neutral,REVISAR
casualidad en el momento que no ser ninguno reproche era uno mero,positive,negative,REVISAR
salvador de el problema mas grande de cuanto asediar españa ser el de su pluralidad su unidad progresamos,positive,negative,REVISAR
bdias como el lunes estar de cumplir ir el cope comentar el situación de españa el borde de el precipicio económico el de andalucia,positive,negative,REVISAR
ya me picar el bicho,negative,positive,REVISAR
genialidad_pablo_castellanos en el gati el feliz_daño que venir,positive,negative,REVISAR
arenas haber tranquilidad el tracking de el viernes dar el pp dos escaño más que el de el mayoría absoluto,positive,negative,REVISAR
el gobierno_de_la_generalitat_valenciana estar con el emprendedor aprobar uno paquete de medida urgente para apoyar le,negative,positive,REVISAR
y_gallardón se hacer ministro bia elmundoes enohorabuena equipogallardon,positive,negative,REVISAR
tener que replantear el gestión municipal para hacer más con menos controlar el gasto para llegar el equilibrio presupuestario,neutral,negative,REVISAR
hoy uno nuevo golpe de mercado esta vez de el pp asalariado clase el rajuste de recorte recargo mañana por el salario,positive,negative,REVISAR
xtrelok pero de el practicar ya no me decir que hacer práctica,negative,neutral,REVISAR
el juez marchena decir garzón ser uno bueno gestor de fondo os lo contar en telediariointer,positive,negative,REVISAR
uno familia chino vivir en uno baño público de veinte metro cuadrado desde hacer año vía elmundoes,positive,negative,REVISAR
creo que el talento sin información ser uno desperdicio risto_mejide gracias pero decir sin formación,positive,negative,REVISAR
estoy seguro de que quien no arrimar el hombro no estar el altura moral que exigir el español bono,negative,neutral,REVISAR
qué trajín el_psoe estar tirar de hemeroteca con cada nuevo nombramiento declaración comprometedor,negative,positive,REVISAR
rt_muchos trabajador público no ser funcionario nos recortar sin tener encima ser privilegiar,neutral,negative,REVISAR
rematar para semanaldigital deuda el veneno heredar decilitro psoe si el español nos negar pagar el préstamo zp,neutral,negative,REVISAR
el programa ser en directo sí el avance lo representar cada vez que se emitir,positive,neutral,REVISAR
no me dejar pegar os el url pero ser david_bustamante mi_facebook,positive,negative,REVISAR
el tesoro colocar dos millones quinientos seis mil en letra el máximo prever tipo más bajo,positive,negative,REVISAR
impulsar junto psc icv pleno monográfico en el parlament para saber segundo efecto recorte mas en salud educación segundo social,positive,negative,REVISAR
el de el twitter me parecer uno invento genial si no ser por el gente que lo utilizar para soltar su miseria,positive,negative,REVISAR
haber que respetar el postura de todo el mundo el situación que se le presentar por algo no ser todo igual,neutral,negative,REVISAR
hoy dos el de el diario el doble de el extra sobre el triunfo de el,positive,negative,REVISAR
por no haber,positive,negative,REVISAR
os adjuntar mi artículo hoy en elmundoes mentiras de bolsillo sobre falso expolio futuro revisión el lofca,negative,positive,REVISAR
aqui tener el que os adelantar en exclusiva tuitera el marido de cospedal renunciar su cargo en red_eléctrica,positive,negative,REVISAR
pilarggranja_nunca entender el gay pedir que se ser aplique deber pedir su,neutral,negative,REVISAR
cuál ser listón ético de derecho asta llegar su capacidad de socavar el servicio público,positive,negative,REVISAR
me alegrar mucho que el gobierno ir prolongar el concesión de el chiringuito con incertidumbre ser muy difícil estar,negative,neutral,REVISAR
el pago proveedor aancho estar anunciar ahora nuestro apoyo sin dejar de nombrar todo el problema que nos plantear,positive,negative,REVISAR
la_frase ser tener uno mujer sobra monogamia ser el mismo oscar_wilde_k_gran_verdad,positive,negative,REVISAR
jose97angel el canal de global_talents soler ser rápido en subir actuación valoración previo resultado,positive,negative,REVISAR
rafa restar muy bien estar mañana en tve españa no tener uno problema con el vía elmundoes,positive,negative,REVISAR
el mayor parte de el discurso ser reiteración programa electoral cuál tampoco poder investidurarajoy,neutral,negative,REVISAR
rt_rajoy defender reforma rápido para el ue para afrontar el crisis de deuda,positive,neutral,REVISAR
psoe ganar asturias en andalucía todo equivocar pp lo tener complicar,negative,positive,REVISAR
siempre pedir que el fiscalía tener uno funcionamiento independiente de el gobierno de turno ahora también,positive,negative,REVISAR
suponer que ya saber que morir antonio_mingote uno genio uno maravilloso persona,positive,negative,REVISAR
el candidatura olímpico el ser pacífico no el panda de pendenciero perro_flauta que decir aguirre,positive,negative,REVISAR
el superpatrono enseñar el pata exigir miniempleo para joven macrodespido para funcionario su paraíso ser nuestro infierno,negative,positive,REVISAR
receso en el ponencia para estudiar el enmienda transaccional,positive,negative,REVISAR
carolinaftam ser que ser mortal,neutral,negative,REVISAR
tranquilo ya no quedar nada para que terminar el maldito dos mil once nos quedar todo dos mil doce uffffffff,neutral,negative,REVISAR
bueno día visto lo ver casi no hacer falta se seguir sacrificar nosotros no dejar lo casi mejor intentar orar cosa,positive,neutral,REVISAR
pues mi este de empezar el lunes sin que clooney le dar el oscar me venir mal siempre nos quedar el portada de esquirees,negative,positive,REVISAR
zp reivindicar el fin de eta he apoyar de manera permanente el buscar de uno orar manera el paz,neutral,negative,REVISAR
rushsmith se que no me ir leer pero si poder decir me que hora coger el ave mañana me hacer muy feliz no poder ver te hoy,negative,neutral,REVISAR
go lin no te vengar abajo es verdad que estar perder demasiado balón da igual tres cuatro toar mu_ch,positive,neutral,REVISAR
elvirachas willytoledo decir le el cara el verdad de hableconellas el uno entrevistar que se atrever hacer lo en directo,positive,negative,REVISAR
teléfono información en españa sobre el accidente de el costa nueve millones trescientos cuarenta ocho mil setecientos cincuenta seis viajar ciento ochenta ocho español el gobierno estar bien,neutral,negative,REVISAR
dani ganar mitt pero por poco ahora venir new_hampshire,positive,neutral,REVISAR
amartinbeaumont_tus fan en el congreso empezar creer que ser socio capitalista de casa_salvador,positive,negative,REVISAR
vacuna contra el polio dosis de tienda_unicef,positive,negative,REVISAR
qué bonito ser el humildad que poco se practicar sobre todo en cierto ámbito de el profesión periodístico,positive,negative,REVISAR
rubalcaba asegurar que el psoe hacer uno oposición diferente el hacer por el constructivo,positive,neutral,REVISAR
llegar el puerta_de_el_sol para participar en el homenaje de el comunidadmadrid el víctima de el atentado de el,positive,negative,REVISAR
hoy charla en logroño luego viajar asturies donde mañana presentar el candidatura más tarde acto de explicación sobre reforma laboral,negative,positive,REVISAR
no nos echar el paro enero el cabeza poner nuestro cabeza trabajar junto para intentar corregir lo pedir uno imposible,neutral,negative,REVISAR
el rey recomendar en el dos mil seis urdangarin se buscara trabajo españa dejar el fundacion noo hacer caso autoridad,positive,negative,REVISAR
ssantiagosegura me mata se lo cargar ser patrimonio nacional alfonso_xiii se correr juerga ahí,negative,positive,REVISAR
después actuación segundo vándalo enésimo vez escuchar declaración gobernante el palabra hecho,negative,positive,REVISAR
rt_vídeo de el sesión de control el gobierno la confianza se recuperar tomar medida dar el cara,positive,negative,REVISAR
españa batir el récord de concentración con el duopolio telecinco antena tres el reforma audiovisual empobrecer el oferta,negative,positive,REVISAR
erkoreka todo estar decir señor rajoy en el terreno de el prudencia el discreción tener mucho que hablar sobre el fin,positive,negative,REVISAR
el doscientos trece estar en telediario especial de intereconomia dedicar el problema de bildu amaiur en el institución,positive,negative,REVISAR
el tsjex negar que el nuevo ley_de_el_suelo amparar el obra en valdecañas leer en el,negative,positive,REVISAR
el benevolencia de todo el gobierno rt el ibi_q pagar lo decidir el propio iglesia,positive,negative,REVISAR
recordar quedar otro recorte similar cuantía para marzo todo el pendiente se hacer entonces sanidad hacer rubal,negative,neutral,REVISAR
el programa salvados_borrando_a_eta batir récord en,negative,positive,REVISAR
el gobierno estudiar controlar el presupuesto solo el autonomía que recibir ayuda de el estado,positive,negative,REVISAR
el transparencia tener dos que oda el información público estar disponible sin que si el ciudadano no encontrar ahí,positive,negative,REVISAR
rt mariviromero el asco que alguno manifestar por el justicia ser inversamente proporcional el respeto que le tener,neutral,positive,REVISAR
me estar decir que ser feo de pequeño,negative,neutral,REVISAR
erbavolant pero se enseñar usar lo como herramienta periodístico se utilizar como recurso docente ajmencia lojoqtcojo,positive,negative,REVISAR
pilarggranja gaceta descuento con quitar si querer cobrar corte el pelo la administración siempre pagar tarde mal nunca te valer,negative,neutral,REVISAR
el crucero de lujo ofrecer naufragio cutre todo incluir en el precio el,negative,positive,REVISAR
muy bueno resumen de posición faltar alergia ruso el ver eeuu fijar de nuevo agenda región,neutral,positive,REVISAR
alguno diputado nuevo decir constituir comisión parlamentario ser uno perder de tiempo me preguntar hacer en el parlamento,negative,neutral,REVISAR
rt_madrid atraer el de el total de inversión extranjero que llegar españa vía elmundoes,positive,negative,REVISAR
el incremento de el número de llegada de visitante extremadura en dos mil once duplicar el media nacional récord más de millon quinientos mil,positive,negative,REVISAR
romántico el speech español de ahora_chacon ese ramalazo de tolerancia lástima su apoyo el persecución el rotular en español,neutral,positive,REVISAR
el diputado de el pp despedir trillo premiar su jefe en uno simpático cena,positive,negative,REVISAR
otro éxito de el reforma el paro marcar uno nuevo récord,negative,neutral,REVISAR
el en andalucía el psoe ganar por uno escaño el pelea por el victoria pero si iu pactar gobernar griñan,positive,neutral,REVISAR
garzón conseguir que peláez parecer el acusado el el juez es impresionante,positive,negative,REVISAR
mjguemes fgarea sgueina menos mal que separar el dos último palabra,positive,negative,REVISAR
reforma de el sistema uno de mi prioridad para que el empresa poder acceder el crédito el junta dejar de ser uno obstáculo,positive,negative,REVISAR
como el rt_rt_algunas persona nunca aprender nada porqué lo comprender todo demasiado pronto,positive,negative,REVISAR
uno nuevos estudio defender el potencial antitumoral de el,positive,negative,REVISAR
el verdad ser que ser uno caso extraño rt_sin embargar su actuación está ser impecable,negative,neutral,REVISAR
el psoe respaldar el perfil dialogante institucional de jesús_posada de el pp como próximo presidente de el congreso,positive,negative,REVISAR
el ciencia se preocupar de estudiar el promedio amistad ser capaz de uno ciento cincuenta enemistad ese,positive,negative,REVISAR
garzón se poner el venda antes el abrir el puerta el uno injusticia ser dejar lo abrir para oda el que seguir,neutral,negative,REVISAR
ni pacto ni dejo de pactar hago mi trabajo con sentido común en mayo nos evaluar el comisión europeo,negative,positive,REVISAR
el afirmación de gallardón botella de no abrir recorte en política social en madrid ser uno gran mentira más,positive,negative,REVISAR
aznar se mostrar optimista con el futuro de españa pero me poder decir cómo lo conseguir,positive,negative,REVISAR
rubalcaba preguntar rajoy cómo crear empleo facilitar el despido rajoy responder con el herencia de 5mill el apoyo ciudadano de obama,positive,negative,REVISAR
como no poder ser de orar manera animar mananascuatro con uno dulce delicado villancico navideño,positive,negative,REVISAR
management entre el que se encontrar armandixmartin jet_management igorbustamante el tour manager curro_melero,positive,negative,REVISAR
loco_camionero pnique no si pagar le pagar bien tranquilo,positive,negative,REVISAR
el tono suave de rajoy ser asta que contestar iu le decir que su idea ser de el siglo xix por ese ser minoría en europa,positive,negative,REVISAR
ahí lo tener uno de el mejor crítica que me hacer jamar catalán de el,neutral,positive,REVISAR
el auto en el que el juez ordenar el puesta en libertad de willy_toledo ser muy bueno en uno rato lo colgar en,neutral,positive,REVISAR
sssh creer que estar ver el reyes pero que hacer llevan palanqueta el saco vacío esperar estar llevar se el cuberteria,neutral,negative,REVISAR
desgraciadamente tener que estar de acuerdo sobre el opinión verter por mi seguidor el persona seguir sobre andalucía,negative,positive,REVISAR
rt hacer huelga hispanohablante en mundo hoy mañana parecer que seguir con tan lamentable hábito,negative,positive,REVISAR
ser increíble no se poder hablar sobre el monarquía en españa el sequía de el campo quien escribir el editorial elpais el gore,positive,negative,REVISAR
seguir con la economía de el miedo de bueno noche,negative,positive,REVISAR
no me tocar nada pero tener el mar ni lo uno ni lo otro envidia insano,positive,negative,REVISAR
me ir tengo que reflexionar sobre el desmentido de el casa_real el verdad de rajoy en campaña barroso como el banco malo,negative,neutral,REVISAR
recordar marianorajoy necesidad convocar patronato decilitro archivo el corona aragón ser crear año dos mil seis hacer tiempo no se reunir,positive,negative,REVISAR
hoy en mi blog reflexionar con manuelpastrana francisco_carbonero sobre el reforma laboral,positive,negative,REVISAR
limo sadboy de mierda el vida ser maravilloso,neutral,negative,REVISAR
entrar rubalcaba en uno sala que le ser muy familiar hace pozo mes dar el rueda de prensa aquí pero como vicpte portavoz,positive,negative,REVISAR
recomer el abonado orbyt que no se perder hoy el ocho el transmisión de desde el real gratis para ellos,positive,negative,REVISAR
alguno creer que orar europa ser posible muy interesante el discurso de el ministro de asuntos_exteriores_de_polonia,positive,neutral,REVISAR
ese señor con cuello ridículo llamar decir que adele ser demasiado gordo espero por encima el ocho nadie comprar chanel,negative,neutral,REVISAR
pero que malandrín ese mou que prescindir de raúl creo que lo hacer solo para fastidiar el athletic,negative,neutral,REVISAR
el gobierno de el suspense ser marianista por su incondicional ratista por el entorno económico de rato ante todo de lehman_brothers,positive,negative,REVISAR
ni uno paso atrás en el lucha por el igualdad la reforma laboral de rajoy poder abrir más el brecha salarial rbcb,neutral,negative,REVISAR
me volver para españa no que me ir pillar el millón de followers casa,positive,neutral,REVISAR
el seguro que discriminar por sexo ser legal si se firmar antes dos mil trece,positive,negative,REVISAR
messi no jugar no ese tipo el que jugar ser bien hahahahahahaha que guapo nos ver el martes verdad,negative,positive,REVISAR
como llevar todo el día recordar imanol que sufrir tanto os dejar ahora con emoción ausencia en,negative,positive,REVISAR
querer que en mi foto de carné uno fotografía de mi cara me dejar poner uno emoticono de carita triste,negative,positive,REVISAR
valla pesado utilizas el twitter para algo más no promocionar tu mejor ir no pesado sí sorry,negative,positive,REVISAR
de guindos anunciar el reforma de el servicio público sobre todo en sanidad educación,positive,neutral,REVISAR
no empecer de empecer de nuevo pregunta quien ser cuando parar para empezar de nuevo es quien pensar chacón,negative,neutral,REVISAR
uno nuevo incendio afectar as_pontes donde se desplazar el consejero gallego de medio_rural fragasdoeume,negative,positive,REVISAR
rt crisis europeo uno bendición para alemania spiegel,negative,positive,REVISAR
estar morir de cansancio pero creer que me ir quedar uno poco mas despierto para ver el clasificación de en malasia,negative,neutral,REVISAR
recesión deflación consolidación fiscal drástico todo unir dar como resultado ruina para hoy hambre para mañana,negative,positive,REVISAR
garcia_abadillo decir se recortar el fijo siempre quedar el variable el objetivo,positive,negative,REVISAR
vigo firma con el cuatro sindicato de su comité uno convenio por el que hacer fijo el de su trabajador eventual,positive,negative,REVISAR
ojalá personaje pero tener examen el doce de oda forma hablar para el semana siguiente que ya se lo decir fernando,negative,positive,REVISAR
es que mi me dar reparo gastar me dinero mío en ese cosa genial santigonzalez10,negative,positive,REVISAR
hoy estado con nueve familia tener como acabar el mes me decir que ellos no querer manifestación lo querer ser uno empleo,neutral,negative,REVISAR
rajoy acabar de hacer uno presupuestos con arreglo el que nos parecer sensato razonable,positive,negative,REVISAR
escuchar estar delicia en el sala de espera de,positive,negative,REVISAR
seguro no te dejar hahahahaha pilarggranja_yo se lo hacer,positive,neutral,REVISAR
grecia celebrar elección parlamentario anticipar en abril con el que no haber seguridad de el cumplimiento de el recorte pactar,neutral,negative,REVISAR
aleluya por uno vez el ue mejorar el previsión de el gobierno bruselas prever uno recesión más suave para españa,positive,negative,REVISAR
haber que reconocer que el ministro tuitera anapastorpp tener reflejo expedientar spainair menos doce hora,positive,negative,REVISAR
cuanto punto le sacar el pp el psoe en el encuesta el realidad lo dejar menos uno de momento,neutral,negative,REVISAR
ahhh_todo el mundo me mandar audio no poder escuchar canción tranquilo,negative,positive,REVISAR
jajajart_jajaja_rt marmota phil salir decir el recuento durar seis semana,positive,negative,REVISAR
sanchez_sonia hay recorte para todo el mundo me temer,negative,positive,REVISAR
javier_sampedro explicar el interesante debate entre dwarkin el arzobispo de canterbury sobre el darwinismo,positive,negative,REVISAR
ya en radio_marca con edu_garcía_sintacos ver el mal partido de momento de el madrí,negative,positive,REVISAR
poco durar rt delegar de el gobierno en madrid satisfacer por el arresto de rafita,positive,negative,REVISAR
juan_alberto_belloch decir que apoyar chacón porqué tanto yo como rubalcaba representar el pasar,positive,negative,REVISAR
preparar el último diputación permanente de mañana dos decreto sobre el fondo de garantía de depósito otro sobre once col,neutral,negative,REVISAR
ver gallardón enviar su íntimo el feria ver el de segundo mimo machacar su mimar ver patronal sindicato se reducir el,neutral,negative,REVISAR
me desmentir mi mismo tomás_gómez no se decantar por nadie siento os informar mal escuchemos mejor directamente su palabra,negative,neutral,REVISAR
el mtros ocupar su escaño orden de creación de el ministerios tras rajoy soraya gallardón morenés montoro ana_pastor,positive,negative,REVISAR
jajaja rt alejandrosanz este de el el demonio el cura si no me gustar que miedo,negative,positive,REVISAR
frigoadri yo tener que ver lo tío ajar pero se lo merecer ya hacia tiempo que lo se merecia,neutral,positive,REVISAR
tres gala de si que estar noche el en telecinco que acabar por el suelo,positive,negative,REVISAR
contribución_de_el_pp el defensa de el libertad el patxi_lópez lehendakari,positive,neutral,REVISAR
federicoquevedo_como_pp siempre haber candidato único como_ap solo el excepción de hernández_mancha el que fraga echar el dos año,neutral,negative,REVISAR
interesante_rt_postelectoral_cis el valorar negativamente el resultado de el eleccionesasturias,neutral,negative,REVISAR
ya se acabar el ineterno,neutral,negative,REVISAR
el uno pase sera el mil novecientos hora en el plaza_san_francisco no os lo perder,positive,negative,REVISAR
por si no quedar claro no me alegrar uno juez ir condenar me parecer lamentable pero respetar derecho ser tarea todo,negative,neutral,REVISAR
si no abar ver exposición el_hermitage en el prado no os lo perder prorrogada asta el ocho de abril es único,neutral,negative,REVISAR
rajoy defender el honorabilidad de el gran mayoría de político no ser uno tema de cantidad porqué se extender por oda parte urgente,positive,negative,REVISAR
ley de el ochenta cinco perdón apoya el constitucional en el despenalización aborto no ser uno derecho la_ser,positive,negative,REVISAR
muy oportuno el de inside_job con el_pais mañana junto el tijeretazo de rajoy montoro el hombre de lehman_brothers en españa guindos,positive,negative,REVISAR
griñán ser uno tramposo descarar cínico el exigir rajoy el que no ser capaz de conseguir de zapatero,negative,neutral,REVISAR
el último entrevista con fraga por maría_antonia_iglesias publicar en el político resistente bia el_pais,positive,negative,REVISAR
fallecer ayer pedro_bujidos concejal de hacienda_de_el_ayto_de_madrid con alvarez_de_el_manzano mi más sentir pésame su familia amigo,negative,positive,REVISAR
el gobierno se comprometer con oña iniciar este año el obra de el paseo marítimo,positive,negative,REVISAR
ese ser mi preocupación mi advertencia pedroj_ramirez,negative,positive,REVISAR
twitter ser el antítesis de el periódico twitters ser el chispazo el inmediatez asegurar el director de el diario_de_burgos en i_red,positive,negative,REVISAR
por tanto criticar ana_botella cuando lo hacer mal su anuncio de hoy ser bueno el de lisavezky muy malo respuesta,negative,neutral,REVISAR
el banca español adquirir de el banca de el exterior más de millon de euro ahora tener devolver cerrar el crédito el pyme,positive,negative,REVISAR
saber que el dinero de la_sexta lo perder televisa cuánto ganar en seis año el que recibir el canal dedo,negative,neutral,REVISAR
el escrito mal desayunos_de_tve con anapastor_tve anabeldn entrevista javier_arenas,negative,positive,REVISAR
totalmente cierto rt_ver ser creer pero sentir ser estar seguro,positive,neutral,REVISAR
ser increíble que usar así el término nazi demostrar anta cosa,negative,positive,REVISAR
magistral el foto de hoy de el ciudadano embargar que favor policía defender me que me querer echar de moratoria dación,negative,positive,REVISAR
el vida muy dónde estar el guardaespaldas de witney_houston estar noche,negative,positive,REVISAR
el barredismo total triunfar en uno congreso de el psoe en el región el pp vía eldigitalclm,positive,negative,REVISAR
mi espalda estar bien chico no os preocupar esperar que el juicio lento me librar de el carcel,positive,neutral,REVISAR
nunca abrir permitir el acampada de sol revelador entrevista el delegada_de_el_gobierno en madrid,negative,positive,REVISAR
ser el pacma todo caer bien pero nadie nos querer lloremos junto,negative,neutral,REVISAR
ir el bgw con uno pequeño sorpresa,neutral,positive,REVISAR
todo perfecto en mallorca desear que llege el verano quien se quitar el top quitateeltop,positive,negative,REVISAR
mañana_partido importante forza_inter domani_partita importante forza_inter,positive,neutral,REVISAR
el solucio completo no lo ver nadir rt_el_fmi no ver el acuerdo europeo como el solución completo el crisis,negative,neutral,REVISAR
irak gran catástrofe chiítas sunitas de nuevo el greña otra vez violencia,negative,positive,REVISAR
nyctophyle tío ese ser muy raro,negative,neutral,REVISAR
lo decir en serio aunque no se lo creer pedroj_ramirez queganechacon,negative,neutral,REVISAR
españa presentar ante el unión_europea uno programa de reforma antes el treinta de abril,positive,negative,REVISAR
ir cayo_lara ofrecer amaiur su ayuda para formar grupo parlamentario en el congreso,positive,neutral,REVISAR
mas efemérides de alonso_hoy también se cumplir ocho día de gobierno de rajoy contra el amnesia colectivo,positive,negative,REVISAR
familia no olvidar comprar que por ese estar redacción se perder el cabalgata porquepúblicohacefalta,negative,neutral,REVISAR
en el celebración de el jueves_lardero de el asociación_plus_ultra en el mercado_de_san_blas_de_logroño,positive,negative,REVISAR
volver el sentido común el cgpj metro robles aclarar gramo todo el imputar sin igual ante el ley,neutral,negative,REVISAR
mariaaravjo oír pero yo no so tan burgués sbs,negative,neutral,REVISAR
edurnity no te poder pegar más ese perro parecer uno,positive,neutral,REVISAR
más de setecientos atleta tomar el calle de el capital malagueño en el maratón elmundo ser,positive,negative,REVISAR
uno empresario decir que contratar el hijo de chaves para acceder el junta_de_andalucía,positive,negative,REVISAR
creer que resolver el problema causar en mi cuenta por uno virus lo esperar el menos sentar oda el molestia,neutral,negative,REVISAR
el bueno periodista investigar el grande asunto el malo periodista solo investigar cómo investigar el_mundo,positive,negative,REVISAR
mi amigo de el se frotar el mano con el alineación de mou hablar cuando acabar el partido,negative,positive,REVISAR
el eciclopedia británico dejar de aparecer tras doscientos cuarenta cuatro año que pena se mantener el red,neutral,negative,REVISAR
safreeoficial pfff tambien el gente me caer genial me dar muchisima pena,negative,positive,REVISAR
nuevo testimonio seguir avalar el conclusión de el juez u_z sobre el caso de el chivato,positive,negative,REVISAR
ff mi ángel de el guarda latanace raquelmartos cierto ese de que el ángel no tener sexo ser uno,positive,negative,REVISAR
pero haz promo dónde que hora,positive,negative,REVISAR
narbona asegurar que si ser blanco dimitir,negative,positive,REVISAR
bulldog cáscara de limón fe_ver tree cuatro bola de enebro espero no tener que pedir perdón por estar disfrutar hoy de mi gintonic,neutral,positive,REVISAR
así ser rt mariviromero reñir vivir en uno mundo donde creer que el ser culpable de todo el de nada,negative,positive,REVISAR
el tío sam bendecir rajoy,positive,negative,REVISAR
morir por causa desconocer el imitador más famoso de bush steve ohhh ser increible dep,positive,negative,REVISAR
menos empleo el reforma incentivar despido recortar salario no estar ante el fin de el ideología estamos empezar vez,neutral,negative,REVISAR
maravillosa_noche_buena en san_vicente_de_la_quierooooo,positive,negative,REVISAR
tras uno uno parte autocrítica reflexivo sobre su labor en el gobierno zapatero entrar ahora el contraataque contra_el_pp europa,positive,negative,REVISAR
el rescate bancario necesitar mucho dinero publicar la clave ser en quien deber gestionar lo bueno profesional castigo el anterior,negative,positive,REVISAR
chacón plantear coherencia en si decir primario hacer si decir izquierda hacer izquierda,positive,negative,REVISAR
kharanosgame_que_kinox no me querer si yo coy bueno perzona,negative,neutral,REVISAR
arsenioescolar por que mejor no depender de cada uno no haber libertad para elegir son mejor peor por jurar prometer,negative,neutral,REVISAR
el tres en imagen en exclusiva de el monje denunciar por robo de bebé uno madre recuperar su hijo veintinueve año después,neutral,negative,REVISAR
el de el español le parecer bien reducir nueve millones el presupuesto de el estado,positive,negative,REVISAR
en día como el carga de sobrevivir en fukushima_rtve ser la_carta bia rtve,positive,negative,REVISAR
uno vez indultar montes hacer que buscar el preso más antiguo de españa para indultar lo también aunque también multirreincidente,negative,neutral,REVISAR
canal_sur apostar fuerte en tres de el cuatro opción de su horquilla gobernar el psoe en coalición con iu,positive,neutral,REVISAR
haber quien jura quien prometer quien lo hacer imperativo legal quien lo hacer en catalán quien especificar no,positive,negative,REVISAR
pepegrinan que decir que el llevar su twitter decir le que tanto le gustar el tuits de javierarenas_pp mirar cuando titeo ultimar vez,positive,negative,REVISAR
ahora tapar mi hijo en el foto difundir el imagen como prueba de que paseo por el retiro tras el mani debe de ser intolerable,negative,positive,REVISAR
en el presentación_de_el_iv_plan_de_igualdad_de_oportunidades entre hombres mujeres_de_la_generalitat,positive,negative,REVISAR
qué daño le hacer rajo rubalcaba agradecer le su tono constructivo eso no le hacer ganar punto en el carrera sucesorio z_p,negative,neutral,REVISAR
mas que curioso imagen periodistas pedir rajoy uno mensaje uno palabra de tranquilidad se dar el vuelta salir por orar puerta,positive,negative,REVISAR
el mayoría de el medio de comunicación cargar hoy de pena con el lotería,negative,positive,REVISAR
no me gustar pero lo entender ve lógico el periodista aplaudir contador el periodista haber de tomar partido,negative,neutral,REVISAR
ser uno fake rt_acepto el honor el responsabilidad de el precidencia_de_el_instituto_v s_pescador martajar,positive,negative,REVISAR
no haber mejor manera de conocer el cosa que ver lo in_situ ser mejor ver el cosa con tu propio ojo que te lo contar,positive,neutral,REVISAR
sdelgadoaros por cierto en usa obligar parir uno niño de doce año embarazar cu de uno violación para uno,negative,positive,REVISAR
ganar dinero sin hacer nada ir el cáncer de el último,negative,neutral,REVISAR
el remuneración de el miembro de el consejo de bankia ser uno escándalo como el de el mayor parte de el banca empresa cotizar,neutral,negative,REVISAR
gobernar en asturias estar complicar cae el apoyo cascos subir ligeramente el pp perder uno escaño el psoe aumentar iu entrar upyd,negative,neutral,REVISAR
ayer desde el psoemalaga hacer uno declaración donde se demostrar claramente el estar afirmar temen perder el poder miedo_no,positive,negative,REVISAR
el f_oralidad no servir por sí mismo para que el finanzas público ir bien se necesitar administrar lo correctamente,positive,negative,REVISAR
este de perder uno congreso pasar de querer ser lo todo rechazar puesto para colaborar dar el nivel de chacón quién ser sevilla,negative,neutral,REVISAR
ser que ser muy bonito,positive,neutral,REVISAR
vivanlospipis ser ser muy malo pero bueno te salvo porqué te querer igual,positive,neutral,REVISAR
pilarggranja maykanavarro no querer celo señorito haber mordisco para,positive,negative,REVISAR
rajoy exponer su dos pilar de crecimiento empleo asegurar el plaza que le corresponder españa en el mundo,positive,negative,REVISAR
oír en pasillo congreso nosotros no entrar homenaje asta que se ir el olor fraga,positive,negative,REVISAR
el que representar el ciudadano deber tener claro que en este tiempo solo ser posible ser de cristal lo demás no valer,negative,neutral,REVISAR
raramente retwiteo uno insulto aunque ser mucho más es el demostración de el esmerar educación de el liberal de el extremo centro,neutral,negative,REVISAR
aprobar pp_iu que el psoe deber elegir entre su enmienda el de iu,positive,negative,REVISAR
leer mucho gente de el pp defensor de el educación religioso decir que ahora se acabar el adoctrinamiento en el escuela,positive,negative,REVISAR
ese pestaña postizo de michelle_bachman madre_mía nochevieja eduardosuarez,negative,positive,REVISAR
el gobierno_de_aragón adquirir el inmueble histórico de el antiguo estación de ferrocarril de canfranc de,positive,negative,REVISAR
rajoy ya coincidir en algo con zaparero conciliador con el grande grupo nacionalista agresivo con el grupo pequeño,negative,positive,REVISAR
aguirre tener mas valer uno vez colorar que cien se devolver competencia se declarar el autonomía fiscal total,negative,neutral,REVISAR
today seguro además chiste manifestación contra el reformalaboral se nos ocurrir algo útil para ayudar españa funcionar,positive,neutral,REVISAR
casi ciento cuarenta pilar_alfonsa_juana_victoria_luisa_ignacia todos_los_santos borbón sicilias twitter no ser monárquico,positive,negative,REVISAR
soraya_rodríguez_psoe se estrenar en rueda de prensa tras ratificar el grupo parlamentario su nombramiento como portavoz,positive,negative,REVISAR
thelordofkai por ese decir casi como método sutil de aproximación,neutral,positive,REVISAR
rebajar nota españa francia el significar atender su antecedente evaluatorios el dos país ser fiable,positive,negative,REVISAR
jajaja ese ser que estar estropear uno beso rt_me ir fatal el twitter no ver tu tweets alejandrosanz,neutral,positive,REVISAR
sí lo ser cierra_mi tuit más triste hoy hacer uno,negative,positive,REVISAR
aprovechar hoy el día de el periodista hacer uno lista de cosa no deber permitir profesional de el periodismo,positive,negative,REVISAR
pues si matar kim_el_de_corea_de_el_norte se poder liar uno bueno,negative,positive,REVISAR
uno día uno pana me decir tipo tú nunca ir madurar ahí me decir mi mismo vas por bueno camino,neutral,positive,REVISAR
estar aquí para iniciar uno trabajo muchos se afiliar tras el así ser el socialista,negative,positive,REVISAR
rajoy ceoe la uno reforma que hacer ser el laboral porqué haber crear empleo,positive,negative,REVISAR
también el hermano de alvaro_nadal_de_la_oficina_económica renunciar estar en red_eléctrica ahora en la_ser,negative,positive,REVISAR
todo no ser más uno forma de señalar tipo dotar de cierto cretinez no me afectar el rebuscar de el argumento,positive,negative,REVISAR
gran frase ante alguno tuit soy completamente responsable de el que escribir no de el que entender,positive,negative,REVISAR
ya camino madrid que nervio juego fataaaaaaaallll iker,negative,positive,REVISAR
el lamento de eta ser celebrar como uno logro por tve ser patético,neutral,negative,REVISAR
el_barrio en herreraenlaonda cádiz ser tierra de embajador estar todo de baja enorme_el_barrio,negative,positive,REVISAR
que anasagasti hablar de el defensa nacional ser como que taliban hablar de el respeto el mujer,positive,negative,REVISAR
montoro confirmar el que publicar hoy en abc que el reforma de sanidad educación estar en el próximo semana vamos este mismo mes,positive,negative,REVISAR
ahora aclarar con nuestro corresponsal en alemania el dato de el sueldo barato,positive,negative,REVISAR
0_o griñan prometer otro organismo de crédito empresa mas invercaria que ser gustar el socialista andaluz el crédito,positive,negative,REVISAR
el importancia de el papel de polonia su pro europeísmo contrastar con el contrario en uk le inquieto con polonia en complejo para uk,neutral,positive,REVISAR
enhorabuena colega aprueban uno moción para exigir el junta uno plan contra el vih en homosexual,positive,negative,REVISAR
poder escribir el tuits más triste estar noche pero quedar para salir,negative,neutral,REVISAR
el consejero de sanidad de madrid como pilatos se lavar el mano sobre el condición laboral en el nuevo centro de gestión privar,positive,negative,REVISAR
empezar el para marianorajoy el entrar en el sala lleno total nadie se querer perder el nombramiento,positive,negative,REVISAR
rt_hacer_rt poder salvar vida eso no ser solo uno frase ser uno hecho no lo ignorar seguir nos,neutral,negative,REVISAR
gil gonzález_caldas ahora el_nido el que el fiscal pedir seis año de prisión estar claro que el fútbol español tener banquillo,negative,neutral,REVISAR
el príncipe en somalia orgulloso de que españa liderar el operación atalanta telediariointer,positive,negative,REVISAR
tomic mantener el pabellón pero marcelinho no se le poder dejar entrar en el zona tan fácilmente superará_el_madrid su síndrome,neutral,negative,REVISAR
marianorajoy ya ser presidente de el gobierno,positive,negative,REVISAR
me acabar de dar uno capón urbizu por llamar le urquizu pero como ser grande se lo perdonar le agradecer que no mandar coronado,positive,neutral,REVISAR
carlos_latre_y el caso ser que lo hacer muy bien ser el cinco,positive,neutral,REVISAR
sorprendente el cerrazón de el partido asturiano que no hallar ir capaz de llegar acuerdo con persona tan dialogante como cascos,negative,neutral,REVISAR
unidad de mercado innovación coste de energía materia sobre el el job presentar distn iniciativa en próx semana avanzar rjoy,positive,negative,REVISAR
os dejar el enlace de mi blog vez que alguien le dar problema,negative,positive,REVISAR
el prisión permanente revisable ser uno eufemismo perverso que encubrir el cadena perpetuo el inseguridad jurídico el vigilancia permanente,negative,neutral,REVISAR
el ejecutivo aprobar el viernes uno reforma laboral equilibrar,positive,neutral,REVISAR
el festival flamenco ser uno de el acontecimiento cultural más aplaudir en nueva_york_rtve ser la_carta bia rtve,positive,negative,REVISAR
por que le llamar banco malo es que haber alguno bueno,neutral,negative,REVISAR
el tarjetero compulsivo expulsar ramos ozil así así le empatar el madrid,negative,positive,REVISAR
grannoticia el_gobierno permitir el dación en pago en familia sin ingreso con todo su miembro en paro este ser solidaridad,positive,negative,REVISAR
el gob valenciano negar recurrir ninguno tipo de mecanismo especial para hacer_frente el crédito con el deutche_bank,positive,negative,REVISAR
javivicgt poco pero intenso estar por pirar me uno día sevilla con el mario,neutral,positive,REVISAR
buena_el_tc prohibir el uso de cámara oculto en el investigación periodístico,positive,negative,REVISAR
juankipua es que en el ojeando el año pasar tampoco tener mucho canción ya jajajajaja,neutral,positive,REVISAR
atentos el dato nos llegar de alemania uno de cada cuatro persona tener uno sueldo barato cobrar seis euro ocho millones ciudadano,positive,negative,REVISAR
ronronia mslectora_uf el freudiano vinieron tomar café el miércoles aquí lo tener aun acampar en el pasillo bon dia,neutral,positive,REVISAR
chacón sobre el ni uno solo ayuda se comportar como parásito de el crisis,negative,neutral,REVISAR
en faltaba_un_blues tocar el guitarra hacer uno sólito blusero jeje rt,negative,positive,REVISAR
bueno día chico aunque uno poco disgustar con el amigo ssantiagosegura que para ser gracioso tener que utilizar me menudo lastimar no,negative,positive,REVISAR
alguno pensar que el libertad consistir en no someter se nunca nadie bono parecer que no,positive,negative,REVISAR
mañana_picazo en hora25 contar el que ser de verdad clima extremo no este invierno nuestro,positive,negative,REVISAR
el verdad ser que nosotros bastante jodidillos la pasar el tres seguir con,negative,positive,REVISAR
nuevo escándalo en andalucía invercaria dar crédito con informe falso la picaresca institucionalizar,negative,positive,REVISAR
me parecer increíble que el televisión público estar retransmitir el corrillo off te record de el vicepresidente uno nuevos uso,positive,neutral,REVISAR
en el blog sobre el caso de correa el_ecuador el libertad de expresión,positive,negative,REVISAR
entrar en el avión hasta,positive,negative,REVISAR
sanchez_sonia celosa que estar malo persona cesar_cabo javierpequeno loreventoso beamartinh almualonsocw f_sierra fgarea sgueina,negative,positive,REVISAR
dos millones de,positive,negative,REVISAR
el reforma laboral ser el que necesitar españa para que haber crecimiento económico puesto de trabajo,positive,negative,REVISAR
el sindicato luchar el derecho de el trabajador uno muestra,positive,negative,REVISAR
i_escolar no te preguntar si ir el director de el dgt el que no querer continuar,negative,neutral,REVISAR
nápoles el crisis de dos mil doce,neutral,negative,REVISAR
ayer ser uno día de emoción muy encontrar se acercar septiembre por uno lado por el otro uno persona que siempre me hacer sonreír,neutral,positive,REVISAR
alexdelaiglesia i_escolar que poner el voto no vosotros saber cariño,positive,negative,REVISAR
para el abogado de camps su cliente ser uno poco rácano puede que le absolver pero le estropear el imagen para el resto,negative,neutral,REVISAR
qué horror sólo asta el domingo pedroj_ramirez nadie dar duro cuatro peseta nadie pedro_j orbyt,negative,neutral,REVISAR
me gustar saber que opinar javierarenas_pp sobre el medida de protección para el mujer victimar de violencia de género arenas,negative,neutral,REVISAR
el andaluz ver el corrupción como uno de el grande problema mucho más que el asturiano el encuesta de el cis de hoy,negative,positive,REVISAR
me faltar mujer suanzes de momento solo pastor recibir llamar yo,negative,neutral,REVISAR
leer gaceta perplejo ante el declaración de jvillarejo ese hombre de paz demócrata plural vamos de principio,positive,negative,REVISAR
no estar de acuerdo en cobrar por el asistencia sanitario en farmacia el debate estar abrir pero el no querer,neutral,negative,REVISAR
parecer uno declaración muy contundente el cargar prenda de camps costa que pagar,positive,negative,REVISAR
no saber que pasar hoy que el respuesta tromba de el pronuclear se hacer esperar será que el eléctrico ser dar fin de semana libre,positive,negative,REVISAR
menos bajar con el suspensión de pago el crecimiento económico en andalucía sera de el pero no bajar el,neutral,negative,REVISAR
santiagocervera si pabloparedesc revisar todo el calificativo que me destinar este último día comprender mejor el bloqueo,negative,positive,REVISAR
yo tener mi pero no lo poner para no quedar mal con el resto,positive,neutral,REVISAR
ir soñar con fórmula matemático historia de el mundo el pasiva en inglés explotar el,negative,positive,REVISAR
respuesta don_alfonso_gallardo desde el respeto que el no tener por mí vía gfvara,positive,negative,REVISAR
bañez defender el reforma completa útil efectivo el psoe contestar que ser uno barbaridad económico,neutral,negative,REVISAR
con uno mano agasajar el constituciones con el lo violar cada día la soberanía nacional residir en el fmi,negative,positive,REVISAR
yo creer todo nos tomar uno caña cuando nos apetecer pero haber que ser más cuidadoso con el expresión que se utilizar,positive,negative,REVISAR
ver que cascos también tener hambre de titular menuda melar,negative,positive,REVISAR
mi entender si el experiencia zeta psoe poner invento ch ser que bush poner infiltrar para destrozar le no haber otro,neutral,negative,REVISAR
hoy me traer mi perro seis día sin ver lo estar t_o nervioso más delgado,negative,positive,REVISAR
ellos mas elegante imposible oblader jjbernalortiz carlosmconde jfgesp,positive,negative,REVISAR
no haber lugar para el temor ni para el esperanza sólo caber buscar nuevo arma gilles_deleuze,neutral,negative,REVISAR
iberia presentar hoy su línea bajo coste iberia_express empezar operar el domingo las vuelo desde madrid alicante palma málaga,negative,positive,REVISAR
dgt poner en marcha el fase operación especial de semana_santa hasta el nueve abril se esperar más ocho millones de desplazamiento carretera,positive,negative,REVISAR
uno abrazo todo el compañero de publico en especial jesusmarana nativelpreciado malo noticia,neutral,positive,REVISAR
spanair ser tt nacional en este momento censura en twitter ser el 3ero,negative,positive,REVISAR
aquí os dejar mi uno artículo de dos mil doce en montoro imponer su tesis social el el mensaje de engaño,negative,positive,REVISAR
el pp empezar apoyar el gobierno en su comunicación hoy hablar ignacio_echániz sobre sanidad,positive,negative,REVISAR
uno poco de humor sobre san_valentín ahora que ya pasar el fecha no oda ser así pero uno cantar sí no,positive,neutral,REVISAR
gallardo salir de el lío construir uno túnel que servir de atajo entre el que el pensar su partido querer de el matrimonio homosexual,positive,negative,REVISAR
poner buscar paralelismo el reforma de rajoy se parecer más el estatuto_de_bayona que el pepa cambiar napoleón_por_merkel,positive,negative,REVISAR
en ya poder leer el auto de el puesta en libertad de willy_toledo tremendo lo de el fiscalía,positive,negative,REVISAR
en gato_directo gente razonable defender el uno alcaldesa mujer el historia madrid el progre no estar contento con el hito,neutral,positive,REVISAR
durar de ciu afirmar que ser curioso que el único que no firmar el enmienda presentar por pp psoe san upyd amaiur,positive,negative,REVISAR
federicoquevedo tinicepeda alejandro_vara dham_13tv con federico se abrir liar más cuando sacar con nieves uno serpiente en el plató,negative,positive,REVISAR
javierarenas_pp sistema_de_salud orientar el patología más prevalente enfermedad crónico,negative,positive,REVISAR
discurso_de_el_rey en el apertura_solemne haber de defender el honradez el esfuezo el profesionalidad de el ciudadano,positive,negative,REVISAR
garcia_abadillo lo de la trampa valer pero lo demás,negative,neutral,REVISAR
ser más grande de el que parecer,neutral,positive,REVISAR
rt_rt_no se olvidar de votar por oscar_cruz se saber el tlf,positive,negative,REVISAR
el gobierno se reunir hoy para estudiar informe de montoro aunque el situación ser excepcional otro día,neutral,negative,REVISAR
el caer el se me olvidar pero me acuerdo,negative,neutral,REVISAR
uno tienda de chocolate donde no se pagar con dinero economía de el cariño de el gran rafasoto,positive,negative,REVISAR
quién poder maría recuperar el tiempo perder ya tener mi año de orbyt mi dulce venganza no hacer me ni caso,neutral,negative,REVISAR
que alegría el palestino cosido ser bueno profesional bueno gente se conocer el policía no ser estridente pero ser duro en convicción,positive,negative,REVISAR
haber cumplir el normativa sanidad esperando re sobre el ocurrir en segundo matadero ext desear respuesta especialm,positive,negative,REVISAR
grande recuerdo el loco de el fútbol no olvidar nunca el brasil de el doctor sócrates en el mundial_españa ochenta dos,neutral,negative,REVISAR
se abrir múltiple escenario pero el lógico ahora ser uno pacto en asturias en andalucía el mundo el revés de el sondeo,positive,neutral,REVISAR
diez sugerencia para que el periodista no abandonar espantar twitter_clases_de_periodismo vía cdperiodismo,positive,negative,REVISAR
hahahahahaha ganso he pasar por momento muy difícil elle_macpherson no estar ahí para,positive,negative,REVISAR
sonar el que decir letizia el príncipe el_rey el acabar uno mal,positive,neutral,REVISAR
qué contento tener estar el popular se quedar sin escaño ver el rápido estar correr el lista con tanto nombramiento,positive,neutral,REVISAR
leer escuchar en el radio decir que tener bueno fichaje en el malagacf por ese no se que estar pasar,positive,negative,REVISAR
querer escribir algo en el blog sobre el teniente blueberry pero no sacar tiempo es uno de el cómic que mejor rato me dar,positive,neutral,REVISAR
hoy mas fácil con bce activo sobre el ue intentar pensar mirar largo plazo no ser fácil con el que estar caer,neutral,negative,REVISAR
estar el comprometer el indiferente el oportunista las conquista social laboral ser obra siempre de el uno,positive,negative,REVISAR
terminar el para el propio crítica el ajeno la nefasto herencia recibir el acierto de el rajuste normal,neutral,negative,REVISAR
día_mundial de el en españa ser el único soporte que ganar seguidor el crisis,positive,neutral,REVISAR
zp pedir reflexión dialogar consenso en el re de el ley de el aborto el igual hacer el cuando el aprobar vaya_jeta,positive,negative,REVISAR
cambiar voz actor qué gracioso no,positive,negative,REVISAR
cuando le manda tú profesor algo para corregir te lo reenviar corregir estar todo mal solo me quedar llorar,negative,neutral,REVISAR
dios haber uno grupo de gente que se decantar por cenar lubina querer salir ahora pescar lo miedo,neutral,negative,REVISAR
ya ve jesusencinar que terminar el uno trimestre no haber ley de emprendedor,negative,neutral,REVISAR
bien el referencia el víctima de eta el exigencia el asesino entregar el arma,positive,negative,REVISAR
peparomeroanton telediariointer_apoyo el moción haber que echar le valor gana para aguantar el que,positive,negative,REVISAR
el papel de el sector público en este momento ser el de facilitador de uno entorno favorable para el,positive,negative,REVISAR
rajoy agradecer que no se filtrar nada de su comité ejecutivo,positive,negative,REVISAR
por que seguir haber gente que considerar correctivo el radio público el expresión libre de el oyente no sera ese el valor de radio,positive,negative,REVISAR
yo me cagar en el muerto de oda las bacteria maligno de mi garganta,negative,positive,REVISAR
rt soraya decir ayer estar verde hoy lo dar el boe proveedor que aceptar quita cobrar antes,positive,negative,REVISAR
david_busta vez me caer bien pero solo eso,positive,neutral,REVISAR
tocar debate la duda el amor existir,neutral,positive,REVISAR
polémica en el red por uno foto de el hijo de hugo_chávez,negative,positive,REVISAR
el correo intervenir urdangarín dar sarpullidos el que estar por venir con el vida tan fácil que le tocar vergonzoso,neutral,negative,REVISAR
cuando se saber que gallardón ir justicia escribir que encontrar el manera de destacar pero así violenciaestructural,positive,negative,REVISAR
rajoy analizar cameron cómo crecer crear empleo ue retomar diálogo bilateral sobre gibraltar negociar acuerdo intercambio profesor,positive,negative,REVISAR
nunca ser demasiado pronto para empezar usar lo rt todavía no necesitar crema antiedad pero ya te llegar,negative,positive,REVISAR
buenos dias que con tanto ajetreo se me olvidar,negative,positive,REVISAR
el evasión de dinero paraíso fiscal desde grecia suponer el de su pib,neutral,negative,REVISAR
barco de guerra irán entrar en el mediterráneo expresion de potencia,positive,negative,REVISAR
pa una_vez me poner ver película con uno amigo se quedar dormir,negative,positive,REVISAR
muy bula fiscal para el iglesia en más detalle en,positive,neutral,REVISAR
escanear tú contar de twitter buscar amenaza con bitdefender_safego interesante,neutral,positive,REVISAR
científicos_harvard descubrir mucho paciente con cáncer colorrectal pulmón diagnosticar seguir fumar revista_sociedad_eeuu cáncer,negative,positive,REVISAR
no me gustar el nuevo actualización de twitter para el iphone,negative,positive,REVISAR
bate en dos mil once su récord de venta en ciento siete año de historia ya el crisis ir por barrio,neutral,negative,REVISAR
uno ejercicio de autocrítica mesurar argumentar merecer el pena juanmoscosodelp sobre el situación de el,neutral,negative,REVISAR
monti en paris sarkozy_madrid sarkozy junto roma el armonía entre paris berlin crucial para europa pero no suficiente,positive,negative,REVISAR
ahora tan de moda hacer el paseíllo me acuerdo de césar_girón torero que antes salir el plaza cornás tos,positive,negative,REVISAR
ir arvenlol dar le duro como tú saber,neutral,positive,REVISAR
con el anterior gobierno el reunión más largo entre zapatero rajoy en moncloa durar dos hora medio,neutral,negative,REVISAR
experto el ajuste tener que ser superior el vía expansioncom,positive,negative,REVISAR
luis_pani griñan el joven andaluz nos ofrecer tres por tierra por mar por aire no nos ir,neutral,negative,REVISAR
ahí ir el detalle la calificación me parecer bien los autor de el tarta barcina se enfrentar asta diez año,positive,negative,REVISAR
palomacervilla merceperello palomacervilla el gente querer salir de este que dejar gobernar el que llegar el que ser,positive,negative,REVISAR
hacer mucho falta elcambioandaluz_rt mariviromero si el cambio de uno santo vez,negative,positive,REVISAR
cospedal pedir valentía el político para decir el ciudadano que haber que hacer vía eldigitalcastillalamancha,positive,negative,REVISAR
uno artículo muy twitter el periodista el de el desierto el selva vía fundir_u periodismo,positive,negative,REVISAR
ya me extrañar mi que uno señor como tú hacer estar cosa,negative,positive,REVISAR
el medida hoy tan pozo día de el debate investidura no merecer uno comparecencia de rajoy además máximo responsable económico,positive,neutral,REVISAR
antoniosanz griñan nunca ganar el uno vez heredar el dos perder el elección,negative,neutral,REVISAR
haber vez el tener hacer algo no le gustar querer pero no le quedar remedio hacer ser el necesario sensato el deber hacer,positive,neutral,REVISAR
la jugada de el dos tiempo ya hacer tras oportunidad lo importante ser que ganar estar firme arriba,positive,neutral,REVISAR
como el once ya hacer terminar el athleticclub no encontrar nada mejor que ir el tertulia de 24horas_rne,negative,positive,REVISAR
rt vicentografia con el mayor fallera de valencia,positive,neutral,REVISAR
decir el verdad la confianza que poder dar cualquiera nuevo gobierno no ser suficiente,positive,neutral,REVISAR
fuera comisión jáuregui decir el psoe ser partidario de el org de control de el juez lo elegir el soberanía popular,positive,negative,REVISAR
si se confirmar hoy el adelantar sobre el reforma laboral el empresario estar mas contento su posición relativo se reforzar,positive,negative,REVISAR
mi me parecer haber uno maltrato el generación llevar nuestro país de el autarquía el nulo remuneración ahorro,positive,negative,REVISAR
uno vez hacer el uno criticar el duda alguien con conocimiento me poder explicar cómo se mover el economía con mutilación anunciar,neutral,negative,REVISAR
gran exclusivo de publico su wikileaks el cadáver de bin_laden no ser arrojar el mar bia jesusmarana,positive,negative,REVISAR
hoy encuentro con el vecino para ver sobre el terreno el deficiencia de el barriada sagrada,negative,positive,REVISAR
república_checa se caer junto reino_unido de el pacto fiscal en el ue el veintisiete se quedar en veinticinco,negative,neutral,REVISAR
vendedor de humo gurú burbuja el verdad sobre el veinte b_y oscards,positive,neutral,REVISAR
subir el avión que corear tú nombre,positive,negative,REVISAR
haber quien insultar otro para agradar uno tres menudo más poderoso la grosería también poder ser uno negocio bien calcular,positive,negative,REVISAR
el periodista de españa más influyente en marzo los30tuiteros,positive,negative,REVISAR
sabio que segundo xenófobo liga norte encabezar su manifestación separatista bajo lema roma ladrón os sonar,negative,positive,REVISAR
enough today el ley deber ser como el muerte que no exceptuar nadie montesquieu apoyo_garzón no apoyoalajusticia sí,negative,neutral,REVISAR
ls privilegio se eliminar no se copianrt gispert advertir psc pp por no apoyar concierto económico,neutral,negative,REVISAR
byuste sí te lo confirmar son el condecoración habitual para el miembro de el gobierno que cesar pero no dejar de tener gracia,negative,neutral,REVISAR
baby blasauryn followspree el suerte de el semana pasar este serio demasiado grande para mi,negative,positive,REVISAR
rt_confío en uno gobierno fuerte en asturias allá personalismo comprometidosconasturias,positive,negative,REVISAR
el mundo sostener que el_rey salir fortalecer con caso urdangarin estais de acuerdo nos responder cuca_vinuesa telediariointer,positive,negative,REVISAR
cada vez que enfocar javierarenas_pp el cámara de el debateand justo debajo salir reciomanolo con el mano quieto,positive,neutral,REVISAR
no maría_moretó justicia funcionar con matas ya ingresar en prisión cundir tener que,neutral,negative,REVISAR
el nuevo grecia en españa editorial dos mil treinta copyright nereaalzola,positive,negative,REVISAR
no ser verdad no ser uno pacto fiscal es uno camisa de fuerza contra el empleo digno el derecho social de el europeo,negative,neutral,REVISAR
merkel admitir que el nuevo rescate de grecia no contar con uno de garantía,positive,negative,REVISAR
curiosidad_congreso recuento de voto pte_de_el_congreso mientras rajoy leer en su escaño jesús_posada recibir parabién en el suyo,positive,negative,REVISAR
orar noche asta el cuatro de el mañana despierto aburrir sin sueño lo ver venir,negative,positive,REVISAR
gesta_el_institut_ramón_llull pagar el traducción el neerlandés libro en catalán incerta gloria joan_sales se reír de el pueblo,positive,negative,REVISAR
santiago hacer el milagro los traje ser inocente el portador no ser culpable,positive,neutral,REVISAR
como me aburrir el que leer escuchar en el medio de comunicación,negative,positive,REVISAR
rajoy europa poder salir de el crisis nosotros seguir en él,negative,neutral,REVISAR
terminar el pleno,positive,negative,REVISAR
islandia las mujer se hacer_cargo de el país lo arreglar,positive,negative,REVISAR
europa seguir perder publicidad gana_latam internet rt zenithoptimedia_new global ad forecast advertising growth,negative,positive,REVISAR
buenos dias bon dia good morning como estaaan hoy llover pero no doler los día de lluvia también tener su puntito ya quedar menos,positive,negative,REVISAR
no te perder el entrevista de juanralucas vanesamartin en rne uno de marzo esperándote estar,positive,negative,REVISAR
de,positive,negative,REVISAR
decir ser bueno que haber más candidatura ser posible cuando abarceloh25 le preguntar si se estar postular,positive,neutral,REVISAR
en el titanic se ver menos caro de angustia que en el centro comercial de gente que buscar regalo de reyes joé con el fiesta,negative,positive,REVISAR
el feria de sevilla congreso de el pp en el blog el_patio de el,positive,negative,REVISAR
hayar_96 abandonar mi tierra llegar justo ayer españa estar sensible te odiar,negative,positive,REVISAR
acabar de ver el pelicula documental bully recomer muy fuerte triste donde poder llegar el odio entre el niño,negative,positive,REVISAR
ya saber que ahora ese estar mal ver pero el que necesitar traje ser patxi_lópez,negative,neutral,REVISAR
javierarenas_pp esperar que el supresión de el ayuda el energía renovable temporal elcambioandaluz,negative,positive,REVISAR
rajoy querer hacer el reforma urgente aprovechar estar mayoría el desgaste llegar después sobre todo para el empleo,positive,neutral,REVISAR
aceptar el enmienda el reforma laboral que nos parecer razonable empleo crecimiento económico,positive,negative,REVISAR
el barca llevar siete gol quedar el dos parte y_guardiola decir que el hospitalet ser peligroso lo mejor empatar,positive,neutral,REVISAR
rt_el_patronato_de_recaudación superar en dos mil once el millon gestionar para el municipio vía,positive,negative,REVISAR
semana_de_rita_barberá zapatero merkel protagonista os lo enseñar telediariointer,negative,positive,REVISAR
que mal pensar que el gobierno tomar posesión con el lotería ser puro casualidad lo se de bueno tinta,neutral,negative,REVISAR
ver pepiñoblanco querer rt_el_gobierno paralizar el privatización de el aeropuerto de barajas el_prat,negative,neutral,REVISAR
bueno día puedo entender el fuerza bruto pero ni entender ni compartir el razón bruto decir oscar_wilde,neutral,positive,REVISAR
el presidente de el gobierno seguir atento el resultado electoral desde génova,positive,negative,REVISAR
rajoy el diputado de iu seguro que cuando conocer el reforma laboral le gustar optimismo reforma suave palabras,neutral,negative,REVISAR
que te parar el poli para pedir papel tú amigar le pedir uno no tener precio que majo jaaa,positive,negative,REVISAR
el banco siempre el telediariointer os contar por qué,positive,negative,REVISAR
ser mi mayor que hacer todo por nuestro hijo espero que le gustar uno saludo,neutral,positive,REVISAR
mjrdguez santiagocervera por comentario así hacer falta el cambio en andaluz aire_fresco,negative,neutral,REVISAR
como nos ir el marcha la que se liar en cualquiera momento jajaja,positive,negative,REVISAR
ver uno barca muy flojo previsible vivir de el chispazo de messi uno atlético con uno arbitraje objetivo empatar,negative,positive,REVISAR
vez gente súper atractivo se convertir en oro cuando le dar ampliar el fotillo de el perfil fenomenoscuriosos,positive,negative,REVISAR
salir de el control antidoping derbi intenso como siempre lástima de el empate final,negative,positive,REVISAR
rt el gobierno socialista aprobar alguno medida de el,positive,negative,REVISAR
madrileño atónito nodigomas,negative,positive,REVISAR
muy bueno herreraenlaonda recordar almunia no se le poner el teléfono desde hacer uno año solo tener tiempo para el ser estar,positive,neutral,REVISAR
si decir primario hacer primario si decir cambio hacer cambio golpe doble rubalcaba,negative,positive,REVISAR
ser que soler celebrar que uno orador subir el tribuna sin papel pero montoro quedar mejor leer,positive,neutral,REVISAR
para cambiar rtve hacer falta acuerdo para cerrar el señal mantener el sueldo de el empleado bastar con uno decreto,neutral,negative,REVISAR
rubalcaba prometer salir de el crisis el el ayudar tanto inaudito haber ver para creer que cosa decir este hombre,negative,neutral,REVISAR
por cierto cherines rajoy como otro orador de el pp hacer esfuerzo por acordar de que el haber elección también en asturias,positive,negative,REVISAR
si yo ser delegar de el psoe no estar atrapar por ninguno tipo de interés crear no me caber duda que hoy votar estar lideresa,neutral,negative,REVISAR
rt_disfruten de el vacaciones con responsabilidad otomasomanejas,positive,negative,REVISAR
el tipo de el lado en el avión acabar de liberar uno ventosidad cuesco empieza el viaje,positive,negative,REVISAR
creer que poza vez estado tan enfadar como estar mañana pero bueno entre uncharted cuatro el ejercicio me animar,neutral,positive,REVISAR
rubalcaba ofrecer rajoy lealtad lucha contra el terrorismo el memoria no lo escribir nunca el verdugo,neutral,negative,REVISAR
el web publico superar el cinco millones quinientos mil de usuario batir su récord histórico porquepúblicohacefalta,positive,negative,REVISAR
el competitividad ser como el el haber bueno más el haber malo salario deprimir,negative,neutral,REVISAR
apostar por otro el de el innovación el de el investigación el de el exportación debatertva,positive,negative,REVISAR
me pasar estar idea modo rechazo el amnistía fiscal yo_tambien_quiero_pagar,neutral,negative,REVISAR
el pp coherente con su programa se volcar en el protección de el familia el,positive,negative,REVISAR
mi objetivo ser que el nivel educativo en aragón el de uno comunidad líder,positive,negative,REVISAR
el subida salarial medio pactar en nuevo convenio ser en dos mil once uno ipc acumular,negative,positive,REVISAR
oportuno presidente_rajoy decir que el gobierno decir el verdad no hacer demagogia control parlamentario,positive,negative,REVISAR
que respetar rt_calle_larios el piquete lanzar petardo contra alguno tienda abrir,positive,negative,REVISAR
impresionante el cabeza de nadal tan importante el técnica como el psicología,positive,neutral,REVISAR
saber que en el pge se aumentar uno el presupuesto para luchar contra el violencia de generar gracias marianorajoy juanma_moreno,positive,negative,REVISAR
la_de_el_prado vía,positive,negative,REVISAR
germanyanke sgueina martariveracruz raquelmartos carmechaparro ay por dios que acabar de ver lo menos mal que tener germán,positive,neutral,REVISAR
bueno noche no se perder el luna si el mira fijamente por uno rato desaparecer el,positive,negative,REVISAR
genial_rubén_amon en la su historia de el nariz el fosa anal no tener precio,positive,negative,REVISAR
bueno día final_de_eta no más por alfonso_merlos_larazon ser en vía larazon,positive,negative,REVISAR
que coraje me dar lux prepotentxs,negative,positive,REVISAR
hoy quemar de nuevo el contenedor de mi calle en madrid no lo ver en el prensa de centro,negative,positive,REVISAR
podría ser rubalcaba dar algo chacón para controlar contentar el en dos año proponer como su candidato general patxi_lópez,positive,negative,REVISAR
rajoy pedir abrir el grifo de crédito el banco es viable nos contestar criadosusana telediariointer,positive,negative,REVISAR
espanto detenidos clan de proxeneta que tatuar código de barra mujer,negative,positive,REVISAR
se estar hacendar reforma en profundidad pensar en el parado no en el sindicalista lo importante ser favorecer el contratación cm,neutral,negative,REVISAR
aznar lo tener la primar de riesgo ser consecuencia de el nación pide más reforma teletipo servimedia,neutral,negative,REVISAR
goetha ahora ser abel quien estar resfriado ser el que tener estar junto todo el tiempo jajaja el curro bien,negative,positive,REVISAR
uno grupo de músico uno coro de lujo sé que alguno proceder de alburquerque el resto,positive,negative,REVISAR
el portada de em de mañana disgustar tirio troyano,negative,positive,REVISAR
rubalcaba chacón haber quien lo querer intentar mt luisangelhierro_camino_de_madrid para intentar conseguir aval cfpsoe,positive,neutral,REVISAR
muy cabrear pero hala_madrid rt_mou ser cesar sustituir por uno tecnócrata,negative,neutral,REVISAR
su plaza uno año para el profesor de el uma que pedir sexo uno alumno por aprobar lo,positive,neutral,REVISAR
nadie le gustar reducir su empresa pero vez no haber otro remedio se rogar no hacer leña el revés comprensiónluchar idea adelante,neutral,negative,REVISAR
el horno no estar para bollo haber trabajar presidente cortes proponer pleno decir pp estar con trabajador,positive,negative,REVISAR
rt dbarlovento raquelsastrecom senoritapuri_no vd codicioso dejar alguno para el isla de el demás,positive,negative,REVISAR
el inglesa el duque_después leer epn tener mono de revolución alguno película más danton,positive,negative,REVISAR
sanchez_sonia ir como estar el socialista asta se aliviar por el ministro de rajoy madre,positive,negative,REVISAR
por su ejemplo su labor como el mejor ministro de el interior por su idea el dar el cara en el peor momento,negative,positive,REVISAR
el comaisión_de_verificación decir que no haber extorsión pero reconocer que sí haber recaudación ein telediariointer,negative,neutral,REVISAR
el 30dic prórroga ajuste presupuestario con revalorización de aplauso uno de cal orar de arena único compromiso de gasto,neutral,positive,REVISAR
el pp decir que el prioridad ser crear empleo ni uno solo medida adoptar asta ahora ir para crear lo si para destruir lo,positive,negative,REVISAR
imanbl el único libro con el que me echar foto ir con el de yo antes pero porqué el libro ser especial jajajaja,neutral,positive,REVISAR
jose97angel ayer cuando lo publicar lo ver me entrar uno sentimiento más grande por dentro,neutral,positive,REVISAR
qué poco locuaz estar hoy el líder el entrar el cumbre euco,negative,positive,REVISAR
parecer que el final ir en nuevos detalle sobre el esperar enlace de brad_pitt angelina_jolie,positive,negative,REVISAR
el congreso de el pp ir uno éxito de el política de cospedal tirado en clm,positive,negative,REVISAR
nachodoral trecet con el desaparecer genial john_candy de cameo uffff por que ya no se hacer musicar asi,positive,negative,REVISAR
el vídeo de el lectura de el sentencia ser como de garcía_berlanga atentos el momento esposo de mi patrocinar,positive,negative,REVISAR
gottabebravery yo ya estar arruinar con tanto verano berni,negative,positive,REVISAR
interesante encuesta en el de parado aceptar contrato con despido de veinte día más de el creer el sindicato no ser defender,neutral,negative,REVISAR
el presidente de el femp castigar el ayuntamiento derrochador,negative,positive,REVISAR
garzón ser inocente decir el que decir el alto tribunal que nunca poder caer más bajo,negative,neutral,REVISAR
ir demasiado rápido ser muy rápido,positive,neutral,REVISAR
portavoz_pp asegurar que el libertad condicional de el etarra astarloa se tramitar dos día antes el elección de el veinte,positive,negative,REVISAR
perdon estar tener alguno problemita de conexión en cuanto se arreglar empezar,positive,negative,REVISAR
fgarea que alguno tuiteros de upyd tener muy mal carácter fernando,neutral,negative,REVISAR
ya en hora25 hoy mini trabajo el juicio de el traje de camps costa,negative,neutral,REVISAR
atacar de nuevo el cojo_manteca manda güevos que decir el embajador en londres,negative,positive,REVISAR
el de ciu el ajuste de rajoy tras votar contra su investidura ser uno giro copernicano logrará alguno contrapartida el generalitat,positive,negative,REVISAR
hoy en em arriesgada_reforma el clave de el revolución laboral de rajoy,positive,negative,REVISAR
el único que aspirar ser que poder ser cada vez mas libre marianorajoy investidura,positive,neutral,REVISAR
congreso 17h amaiur solicitar oficialmente tener grupo parlamentario doscientos tres el mesa se reunir para decidir abrir plazo de recurso,positive,negative,REVISAR
en mi videoblog mi columna quincenal en el_mundo_de_la_comunidad_valenciana de ruido nuez,negative,positive,REVISAR
el consejo_de_ministros definir principio de el ley_de_estabilidad_presupuestaria el martes se consensuar con el comunidad,positive,negative,REVISAR
feliz_semana_santa todo pero lo más importante ser que ir con cuidadín en el carretera,positive,neutral,REVISAR
que no te lo contar telediariointer el tres para saber el pasar xq sin aburrir te claro oeoeoe cultrun sirolopez suanzes,positive,neutral,REVISAR
el que mejor cobertura te dar si ser político familiar es de pobre no trabajar en,neutral,negative,REVISAR
faltar plus noelia_lópez sobre cada uno que hacer con su cuerpo lo que querer,negative,neutral,REVISAR
me gustar el cante flamenco como cuando querer decir algo que sentir de verdad te temblar el voz,positive,neutral,REVISAR
bueno día no os pasar que haber día que uno no estar para nada pues ese,negative,positive,REVISAR
gallardo decir que el libertad de el maternidad engrandecer el mujer los progre echar el muela telediariointer,positive,negative,REVISAR
aquí el link con el oferta laboral de merkel os dejar también el de el institut si_acaso,negative,positive,REVISAR
si chacón rubalcaba estar de acuerdo en debatir deber hacer lo independientemente de el que opinar zapatero marcelino_iglesias,positive,negative,REVISAR
su orden deberíais colgar en el web el número de cuenta para colaborar con asociación_de_ayuda víctimas de el,negative,positive,REVISAR
soñar uno cosa muy raro con el personaje de pll luego como que estar en el real life conocer shay lucy,negative,positive,REVISAR
bueno noche españa metáfora de el español que soñar vivir junto uno tiempo mejor compartir hacer huelga no,positive,neutral,REVISAR
estar uno poco enfadar por que el dibujo no le salir bien pero ahora ya estar contento nolapuedoquerermas,negative,neutral,REVISAR
vídeo de el coro de esposas de militar que conmocionar el reino_unido estar navidades afghanistan,negative,positive,REVISAR
hawkersco hawky necesitoelviajeaandalucia bueno si uno tal premio el mongol algo así pero ese ser malo,negative,neutral,REVISAR
bdías ser lógico que urdanga cristina san excluir de el apertura de el cortes pero por que elena el justo paga por el pecador,positive,negative,REVISAR
no ir permitir ni uno paso atrás en el derecho de el mujer muy bien aalvarezalvarez en elgrandebate el ultraderecha,positive,neutral,REVISAR
como miembro de el mesa deber guardar el mayor imparcialidad por ese en adelante no titear comentario de el debate parlamenatrios,positive,negative,REVISAR
el ministro ironizar con que le gustar que díez ser magistrado de el tc,positive,negative,REVISAR
siempre_y_cuando uno estar disponer mandar en su hambre la sumisión ser,positive,negative,REVISAR
el ppc ser el socio perfecto para solo pedir silla cambio apoyo parlamentario no le exigir respetar constitución ley sentencia,positive,negative,REVISAR
ser admirable cómo meryl_streep poder hablar de tatcher solo con uno discurso crítico razonar no radical nouvel,neutral,negative,REVISAR
jugar bien no pero el espíritu de lucha el de remontar hacer el united el año ser increible,positive,neutral,REVISAR
david_busta_gracias siempredavid ser que ser imposible que no te querer gracias pero poner os de,positive,neutral,REVISAR
su nombre ser piqué josep_piqué no_gerard no pregunta de shakira majo,positive,negative,REVISAR
el gobierno suprimir el canon digital se regular el comisión_de_propiedad_intelectual vía europapress,positive,negative,REVISAR
bueno día como poder pp psoe estar acuerdo en el reestructuración bancario en radical confrontación en el resto,negative,positive,REVISAR
así ser más emocionante laura ya tener orbyt pedroj te hacer sufrir asta el último momento cosas de,neutral,positive,REVISAR
portada_el_el_psoe se echar el calle el dos mes de gobernar rajoy rajoy ganar con once millones de voto el general,positive,negative,REVISAR
rt_unicaja falta de dos minuto para el final de el tres cuarto euro_liga,positive,negative,REVISAR
misschaotic ve ese brillo ser uno coso que hacer que se saber k_k,negative,neutral,REVISAR
pabloaiglesias pauladelasheras de acuerdo la de el plan el plan ser perfecto pero no querer intente recuperar pero nada,positive,neutral,REVISAR
ese futuro que mucho no querer ver llegar ahora tocar hacer reforma telediariointer,positive,negative,REVISAR
querer mogollón pero sobretodo por el rápido que contestar el wasaps,positive,neutral,REVISAR
ristomejide hacer el amor con el gafas lo hacer encantar pero no ser encuentro el buje_ro,positive,neutral,REVISAR
en siete semana poner en marcha más reforma que el socialista en siete año,positive,negative,REVISAR
tras el consejo_de_ministros ni uno pista de el futuro nuevo tasa lo único que ya no se negar,neutral,negative,REVISAR
estar ver el laboral qué dos entrada potencia acabar de hacer llull el jugador blanco más carismático,positive,negative,REVISAR
escuchar el comparecencia de rajoy exponer con crudeza el desastre que heredar pero también que tener uno plan para resolver lo,neutral,negative,REVISAR
pandeliria eltuitdrink bien yo no se que tener el mundo contra el tres generación mi fa ser el uno pero merecer el pena,positive,negative,REVISAR
yo estar siempre en el estado de derecho en el ley rajoy esperar arreglar de manera definitivo fin eta contar con pnv decir rajoy,positive,negative,REVISAR
boicoteando el paparazzi belén_esteban fran_álvarez se ir de escapada romántico,positive,negative,REVISAR
mi móvil no me dejar abrir el grupo tener uno seiscientos mensaje así de regalo,negative,positive,REVISAR
rubalcaba convencer que el psoe gobernar asturias andalucía el el resultado marcar también el camino de el recuperación,positive,negative,REVISAR
tener orar información escandaloso de yoldi sobre el poder judicial que revelar que su responsable no vivir en el austeridad,positive,negative,REVISAR
tartadedurazno ser el que tener ser uno cereal,neutral,negative,REVISAR
faemino cansado_mcdonalds bia youtube,negative,positive,REVISAR
el final lo de hablar primero también tener ventaja si_rubalcaba plantear revisar el concordato con el vaticano poder chacón ir más allá,negative,positive,REVISAR
cometer error pero también ir fiel mi compromiso político me dejar el piel,negative,positive,REVISAR
hachazo de millon quinientos mil el política activo de empleo recortesrajoy,positive,negative,REVISAR
también elevar consulta el consejo garantía sobre repajo acceder justicia con tasa judicial duplicar el generalitat,neutral,negative,REVISAR
rt perezhilton paurubio que triste ser este pau jonahmowryreal,negative,positive,REVISAR
el evolución de el fanzinero la_opinión_de_málaga,positive,negative,REVISAR
mi el sentencia me parecer uno desastre pero no por el errata es ese como no me gustar el que decir criticar tú ortografía,negative,neutral,REVISAR
gracias_rt_cuando pensar en birthday_twitter no poder dejar pensar en byuste su lección sobre titear ser visible,positive,negative,REVISAR
ahora_zara ya ser capaz de llorar vergonzantehambruna en chad el trabajo de unicef vía el_pais,neutral,positive,REVISAR
uno compañero de el tele gorka_rodriguez acabar poner en marcha estar web ojalá le ir bien hace faltar trabajo,neutral,positive,REVISAR
pues si el verdad so bien malo rt_creo que este de solicitar uno rt alejandrosanz se volver algo imposible fail,negative,positive,REVISAR
picar diez punto de el madrid encima uno león marino casi se comer su novio hay lunes que mejor no levantar se,positive,negative,REVISAR
de momento no rt_y decir yo lo de prensa de paradores ya estar pillo_o,positive,negative,REVISAR
feliz dos mil trece el de el dos mil doce el tijerajoy ir ser el año que nunca deber existir eh sin venir se abajo que ser peor,positive,negative,REVISAR
me disfrazar de niño en mi avatar para engañar el rey ver si igual me tener que disfrazar de,negative,positive,REVISAR
pes el de junta_de_andalucia anunciar ahora el parque_de_los_cuentos ir crear uno instituto_de_el_patriminio_mundial,positive,negative,REVISAR
en aquí todo el mundo decir que ser necesario uno ley de transparencia pero cuando haber que hablar de el letra pequeño venir el lío,negative,neutral,REVISAR
empezams dos mil doce garzón seguir suelto tres imputación por prevaricación ahí andar el tío en el tribunal_internacional con uno par,negative,positive,REVISAR
estar de acuerdo discrepo con el veto aunque como periodista no me gustar cierto método para obtener,negative,positive,REVISAR
upyd pedir ilegalización de amaiur el minuto de interior se el constitucional decir que ser legal lucha por uno electorado,neutral,negative,REVISAR
ver el telediario de intereconomia qué gran equipo echar en falta manolo,negative,positive,REVISAR
rubalcaba quien querer saber el valer el palabra de rajoy mirar su nómina este mes leer su carta despido,neutral,negative,REVISAR
fraga querer ser suárez pero se lo impedir su mal caracter eran el grande rival de el transición suárez no saber hoy quien ser fraga,negative,neutral,REVISAR
cinco día en andalucía percibo que el gente querer cambio político solo te hablar de el corrupción,neutral,negative,REVISAR
alguno tener duda de intereconomia con el pp en el gob xq acaso le ser mal el ser con el psoe el curro tener recompensa vamos,neutral,negative,REVISAR
durar el justo buenafuente_cuando durar el función de terrat_pack tener entrada para el treinta empezar algo,negative,positive,REVISAR
reducir el estructura directivo poner en marcha el grupo de trabajo_para_la_reforma de el,positive,negative,REVISAR
rt sevillajordi el automocion de el futuro sera verde ejemplo de provincia verde ser soria por si se escapar uno piloto,negative,positive,REVISAR
me gustar uno vídeo de youtube el_pp denunciar el traspaso de fondo entre consejer,neutral,positive,REVISAR
nadie me amar nunca de manera como ser bogart,positive,neutral,REVISAR
berothw_por_supuesto en el mercadona hombre encima que so crush de alguien,neutral,negative,REVISAR
cinco millones doscientos mil costar el broma de el cam de momento nadie asumir ninguno responsabilidad claro espectacular,positive,negative,REVISAR
obama detallar plan de vivienda más amplio univision_feeds bia univisioncom,positive,negative,REVISAR
javierarenas_pp si ser gobierno en andalucia el noventa de el uno cien medida ser para crear empleo elcambioandaluz,positive,negative,REVISAR
me decir que gabino lorenzo ir ser delgado gob en asturias el lucha entre cospedal cascos ir ser barrio barrio partir ahora,neutral,negative,REVISAR
pero mucho de vosotros sí el ver pedroj_ramirez pero no decir usted que nunca ver el,positive,neutral,REVISAR
ser el uno rueda de prensa en el que estar completamente todo el que decir mou señoríosíseñor,negative,positive,REVISAR
volvi ver peli harry_potter donde uno mentor congelar todo su paso asta absorber el ser el persona uno metáfora,negative,positive,REVISAR
muy interesante rt_lo que de verdad decir juan_roig sobre el bazar chino,positive,neutral,REVISAR
querer ahora tomar el palabra no se le dar congreso,positive,negative,REVISAR
difícil pero importante triunfo hoy de mcfc para seguir solo arriba ahora pensar en el porto que sera uno duro rival,positive,neutral,REVISAR
el tono de el debate respetuoso rajoy hacer uno reconocim el anterior gobierno rubalcaba apoyar alguno cosa de el que proponer rajoy,positive,neutral,REVISAR
ahora_chacon soy el so el psoe felipe_gonzalez,positive,negative,REVISAR
agarzon oye el contaminación acústico hacer falta anta agresividad acústico habéis despertar mi hijo que tener cinco año,negative,positive,REVISAR
el gobierno obama ya conocer el recorte ajuste de rajoy cuando tener el pp el bondad de contar nos lo nosotros,neutral,negative,REVISAR
moratox genial pero tener cuidado estar muy vigilar este estar hacer con uno casi de juguete syma casi no entrañar riesgo,neutral,positive,REVISAR
hoy ver el infanta_elena afónica estar encantador con todo el mundo lo estar pasar mal hace falta común,neutral,positive,REVISAR
esperanza en el cem el psoeandalucia deber ir el oposición en andalucia para regenerar modernizar se,positive,negative,REVISAR
uno día que david barack decir que el cosa ir mejor en afganistán el talibán romper negociación realidad_paralela,neutral,negative,REVISAR
duda razonable sobre el efectividad el moralidad de el amnistía fiscal,positive,neutral,REVISAR
rossiepussie luciakawaii1 te llegar entender respetar muy malo tener que ser para obligar te comer algo el fuerza,negative,neutral,REVISAR
el de el trabajador ser de el escuela taller para que así poder tener empleo participar en el mejora de su barrio sevillahoy,positive,negative,REVISAR
pes ya ser nueve mil como decir de quedar alguno dia como no en la_malagueta no caber mil,positive,negative,REVISAR
barril crudo brent para entrega mayo abrir el baja en ice_de_londres cotizar menos cerrar jornada anterior,neutral,positive,REVISAR
en serio tener que ver os lo ya,neutral,positive,REVISAR
en efecto españa no tener margen de error gracias_zp gracia psoe_spain_faces_risks i_n budget_refit vía wsj,positive,negative,REVISAR
uno imprescindible no se lo perder rt_happy birthday samuel_pepys secre diarist the,positive,negative,REVISAR
rajoy se quedar en la_moncloa jueves_de_pasión para el el mercado apretar más el soga,positive,negative,REVISAR
ver el mundo vida en blanco negro poder resultar cómodo pero te impedir ver el realidad verdad estar lleno color matiz,positive,neutral,REVISAR
haber película que se que el ver pero que ni metro acuerdo de que ir,negative,neutral,REVISAR
usurpar el nombre de ana_botella en twitter para escribir chorrada me parecer fatal,negative,positive,REVISAR
el chaval griego querer volver el dracma alemania ser señalar el puerta de salida de el euro todos contento,positive,negative,REVISAR
presentacion de el libro de pabo_triana el número que nos matar el mejor explicación de el crisis que escuchar esade madrid,negative,positive,REVISAR
rt sevillajordi el final de su mandato rajoy pedir reactivar el alianza_de_civilizaciones comosigasi,positive,negative,REVISAR
uno cuando cumplir treinta tres le decir el edad cristo yo decir el edad cristo cuando tener treinta tres antes tener así asta no,positive,negative,REVISAR
elecciones en el pp ganar por uno vez con el escrutar pero el psoe poder gobernar con iu mas información en rtve ser,positive,neutral,REVISAR
el pp no cerrar aun el forma de abordar el estrategia ejecutivo semanal los comité de dirección el famoso maitines aun en el aire,positive,negative,REVISAR
sáenz_de_santamaría se reunir con durán lleida para analizar el reforma abc ser bia abc,positive,negative,REVISAR
águila_roja se llamar ahora águila_azul para evitar el adoctrinamiento wertnodoyuna,positive,negative,REVISAR
pronto_el_mensaje ya saber mi alusión claro reproche por no ejemplaridad igualdad legal decid si el rey lo pasar no,negative,positive,REVISAR
rectificar no ser quién matar roger_rabbit sino quién engañar roger_rabbit no ser por nada pero creer que ir dar mucho juego tonight,neutral,negative,REVISAR
el que temer ahora ser que el prevaricación de el estrellar se llevar por delatar el bueno de el instrucción que abrir para tanto chorizo,negative,neutral,REVISAR
pues mi me pasar uno experiencia paranormal allí de noche no volver pasar mucho miedo,negative,positive,REVISAR
rita_barberá le decir camps descansar aunque tener derecho reivindicar se el agua el río nunca volver atrás,positive,neutral,REVISAR
montoro decir no reducir empleo en el sector público rajoy sobrar el su empresa la_ceoe sobrar ochocientos mil empleo resultado,positive,negative,REVISAR
el cgpj reclamar mayor financiación para el justicia con el fin de evitar el fuga de inversión de multinacional,neutral,negative,REVISAR
orion_pirata abcesos de pus en el espalda pero coger el alto el día ocho,neutral,negative,REVISAR
ese de que el aire de madrid estar limpio no me lo decir usted en el calle soltar me de el solapa hacer el favor,positive,negative,REVISAR
en la_ventana debatir santiago_carrillo rodolfo_martín_villa sobre el psoe carrillo preferir chacón martín_villa rubalcaba,positive,negative,REVISAR
despues de tener el combo perfecto sentir me como uno mierda dormir,negative,positive,REVISAR
en el suplemento de el pasar fin de semana posar dos nieves_alvarez eva_gonzález nombre apellido que el fin se entender,positive,negative,REVISAR
frio pero precioso eso si nos dejar el alma para subir asta el castillo de heidelberg,neutral,negative,REVISAR
empezar recibir el banquero seguir apoyar el tratado de el ajuste alemán excluir iu de el gobierno de el congreso buen comienzo,positive,negative,REVISAR
en periodistas censura nacional derecho universal,negative,positive,REVISAR
nos lo ocultar por qué interesante reportaje en el_pais sobre el opacidad en españa,positive,negative,REVISAR
dos gol legal anular el ajax ser justo pero legal ante el duda no haber que anular se imponer el tecnología en el futbol,neutral,negative,REVISAR
caso de crisis en social medio demostrar el importante que ser el transparencia el rapidez de respuesta el humildad,positive,neutral,REVISAR
el empleo en us crecer menos de el esperar en marzo duda sobre el fortaleza de el crecimiento,neutral,negative,REVISAR
para cambiar el mundo más que en el optimista que dibujar uno utopía confiar en el desesperado que no soportar cómo ser el cosa,positive,negative,REVISAR
así que durán decir que no le dejar ir en turista aunque lo intentar lo que ser ser famoso cuántos ingrato sinsabor,positive,negative,REVISAR
valer más hacer arrepentir se que no hacer arrepentir se maquiavelo,positive,negative,REVISAR
arenasyaestaba defender el interés de andalucia cuando vino chaves prometio en dos mil cuatro uno parque en mangas_verdes nunca se hacer,positive,negative,REVISAR
el pnv registrar cuarenta tres iniciativa destaca_una_pnl en el que se pedir rajoy flexibilidad en el aplicación de el política penitenciario mas,positive,negative,REVISAR
garzón ser inocente el víctima de el franquismo también digan lo que decir el tribunal_de_orden_público el tribunal_supremo memoria,negative,neutral,REVISAR
ser muy fuerte ha morir megaupload quien se reír ahora de el maya,positive,negative,REVISAR
imconnorstruck mi corazón dejar de palpitar como uno papa freír cuando empezar el capítulo pllsummerfinale,neutral,positive,REVISAR
hoy me poner placa de carbón activo sobre el espalda cubrir el vértebra fisurada ir invento doler menos dar calor,positive,negative,REVISAR
el elección de uno mujer de el ámbito económico como director de el instituto_de_el_cine ser uno aviso el se acabar vivir subvención,positive,negative,REVISAR
el sindicalista liberar justificar su manifestación el respeto el porqué el ser puente caraduras,positive,negative,REVISAR
anabelenroy_tve yo que tú lo hacer sin dudar pero recordar que titanic tener uno trama que se ahogar el final,negative,neutral,REVISAR
gallardo anunciar en el congreso uno especie de copago judicial que elevar el cuantía de el tasa para evitar el exceso de litigiosidad,neutral,negative,REVISAR
ff para rutenca anaensuiza para que saber que no estar lejos,positive,neutral,REVISAR
el banco español ganar uno menos asta septiembre,neutral,positive,REVISAR
hoy en hora25 el hablar de el aborto de el dato de el que sentir el mujer de su libertad,positive,negative,REVISAR
si usted querer recortar derecho nos tener en contra decir rbcb rajoy investidura,positive,negative,REVISAR
todo el_mataerratas prontuario de duda ortográfico prosódico sintáctico,negative,positive,REVISAR
el gobierno intentar evitar el desahucio el familia con menos recurso muybien,neutral,negative,REVISAR
no te gustar en donde te esncuentras pues mover te no ser uno arbol,negative,positive,REVISAR
guindos apuntar reforma en el sanidad el educacion español también decir que el mercado te penalizar si te quedar si te paso,negative,neutral,REVISAR
cuando se creer empleo crecer el libertad decir rajoy investidura,positive,negative,REVISAR
código escribir código máquina que poder pasar cuando saber leer escribir dejar de ser imprescindible,negative,positive,REVISAR
estáis nuestro editorial algún exceso teatralización amateurismo via orbyt,negative,positive,REVISAR
bien estar que griñán decir que perseguir trinca estar mejor que no ser consentir trincar antes cantemos eres tú,positive,negative,REVISAR
como frustrante expectativa el el de el relacionar con el,positive,negative,REVISAR
otro hallazgo en el novela de michon sobre el estanquero de el mi deseo se llamar concretamente yvonne vender marlboro,positive,negative,REVISAR
el vicresidenta anunciar cambio legal para que el radio poder entrar en el campo de fútbol congreso,positive,negative,REVISAR
el salir más barato el gasoil de el calefacción de el colegio el combustible de el helicóptero de el policía,positive,negative,REVISAR
rt danilozanomadri jesusmarana dar el orden terminante internacional para que no se volver publicar uno solo tema escribir por mí,positive,negative,REVISAR
mi amigo llegar tarde comienza_cirque soleil en el toma el entrada yo entrar decir no por esperar perder veinte minuto wtf,negative,positive,REVISAR
me acordar de de el pintor el camaradería ser uno efecto quito el botella el vaso desaparecer,positive,negative,REVISAR
ver nombramiento rajoy creer que alguno se lo colar,negative,neutral,REVISAR
bdías urdanga rubal compartir portar uno drogadicto de el dinero uno drogadicto de el poder pero robar ser delito querer mandar no,negative,neutral,REVISAR
rajoy no tener el monopolio de el razón ir escuchar todo nadie sobrar aqui investidurarajoy,positive,negative,REVISAR
el justicia de ecuador condena con treinta milllones de dólar el diario el_universo por uno artículo de opinión,negative,positive,REVISAR
el monarquía perder apoyo rt metro_copia división de opinión entre el joven preferir monarquía república,neutral,positive,REVISAR
wert proponer aumentar el ayuda fiscal productor este pedir el,positive,neutral,REVISAR
el lunes decir erdogan ser el persona time de el año me equivocar ser el persona de el año para el lector de time,negative,positive,REVISAR
desastre en agricultura,negative,positive,REVISAR
nadal dar españa el cinco ensaladera_y,positive,negative,REVISAR
no ganado ni ganar nada de el concurso me lo esperar ser gafe fin_y_al_cabo el suerte no estar nunca de mi parte prayforiaben,negative,neutral,REVISAR
poner algo interesante en el tele me dar pereza encender lo,neutral,positive,REVISAR
el gobierno aprobar uno decreto ley para evitar desahucio contempla dos opción para pagar hipoteca mas fácil antes perder el vivienda,negative,neutral,REVISAR
bueno día uno nuevo recesión en el cuatro año el crisis no empujar nadie promover uno gran pacto estado para aunar fuerza,negative,positive,REVISAR
cesarcalderon lo bueno ser que gasol no volver perder se uno cita con el pero algo se romper dentro mi con el lakers,positive,negative,REVISAR
rajoy el herencia recibir el gobierno sensato razonable,positive,negative,REVISAR
recuerdos que volver forma de el ayer recuperar solo dormir lista despertar disintegration_the_cure,positive,negative,REVISAR
ahora entender el defender caballo troya como prat recortar salud público privatizar se lo si mismo,positive,negative,REVISAR
monti i_l professore ser tentar por su invitado permanecer dos año en mayo dos mil catorce terminar dos mandato ir,negative,positive,REVISAR
repetir el_pp no pretender abaratar el despido sino promover el contrato indefinido el insidia de rajoy,neutral,negative,REVISAR
cuando guindos tener uno ratio poder detallar nos el reforma sanitario educativo que anunciar el frankfurter_allgemeine sin prisa,positive,negative,REVISAR
pmklose le conocer en dos mil once me parecer inteligente respetuoso respetable pero combativo si,positive,negative,REVISAR
mdcospedal frenar el déficit de en cinco punto en solo medio año el_plan_de_garantía de el servio social básico uno éxito,positive,negative,REVISAR
abc roma dejar el carrera olímpico por falta de recurso madrid ganar tenemos que luchar pero estar más cerca,positive,neutral,REVISAR
con uno diferencia tan exiguo todo apuntar estar ir el uno parte uno partido que parecer sera duro muy duro partido dividir,negative,positive,REVISAR
rt sevillajordi contrato parcial ya existir en el legislacion yo hacer contrato medio jornada ocurrir no se potencia,neutral,negative,REVISAR
con el crisis mucho joven dejar el gimnasio de pago copar el área gratuito de aparato de gimnasia para mayor en el parque,negative,neutral,REVISAR
inmenso_ara_malikian el resto de el troupe en el espectáculo divinos,positive,negative,REVISAR
de el el yo_no_pago el cambio actitud de el gobierno las cifra aclarar de pasividad seriedad todo en el_mundo,neutral,negative,REVISAR
no de ventana de oportunidad besos el dos llamar el atención de pedroj ser cuestión de,positive,negative,REVISAR
mario_monti le parecer monótono uno trabajo fijo uno banco otro luego jefe de gobierno ser más,positive,negative,REVISAR
uno psoe furte tener que tener uno liderazgo fuerte mi no me ir quebrar no me ir hacer dar uno solo paso atrás,positive,negative,REVISAR
el que el ser optimista que haber en mi hay_aunque_sea_lo que meo el hecho de no confiar,neutral,negative,REVISAR
aplauso cerrar de el zapatero se dar uno apretón de mano rajoypresidente,positive,negative,REVISAR
ya estar orar vez el fumador pagar el comedor de donut xd mas contrabando,positive,negative,REVISAR
consejo el pensamiento hablar de implante capilar de bono pero no de el arreglo de la_vega ese ser machismo estar claro,positive,negative,REVISAR
el ley de estabilidad presupuestario se aprobar este viernes en el consejo de ministro rajoy decir que serio estar el uno que aprobar,positive,neutral,REVISAR
el secretario gal técnica de interior aprobar el declaración de publicar el fed_de_gays lesbianas_de_españa ir cesar,negative,positive,REVISAR
mdcospedal sanidad el uno gobierno preferir aplicar plan ajuste cobrar por ir el médico vía latribunadealbacete,positive,negative,REVISAR
resumen_semana ocho hora de tres partido de uno torrija uno idea para uno argumento no estar mal,positive,negative,REVISAR
buenafuente no tener ni idea de el que me alegrar de tú vuelta,negative,positive,REVISAR
pacto encuesta de el psoe no le dar el mayoría absoluto el cope vía,neutral,negative,REVISAR
cospedal ir tener que esconder se este ser el que decir el pp de el amnistía fiscal como el que aprobar hoy,positive,neutral,REVISAR
rt_lo más fotografiar en arco no ser uno obra de arte,positive,negative,REVISAR
uno escultura extraño seréyopadre,negative,positive,REVISAR
el parte de el pensión merecer relectura da el impresión de que hacer orar reforma,positive,neutral,REVISAR
plan de medio se dar oda el información detallar de el convenio firmar con entidad finar el icoa,positive,negative,REVISAR
el guapo también scarlett_johansson echar de menos ryan_reynolds,neutral,positive,REVISAR
preguntar el gobierno cómo pensar paralizar el repago en sanidad sobre el economía el infraestructura el equipamiento de asturias,neutral,negative,REVISAR
decir que ana_obregón contar su amor en uno libro digo yo que sera más amplio que el eposidios_nacionales de don_benito,positive,negative,REVISAR
ante el crisis económico en el que se encontrar españa el gobierno estar hacendar el cosa bien,positive,negative,REVISAR
que gente verdad pobre chavalín en pelota el nieve haber ser animal,neutral,negative,REVISAR
extorsionar recaudar no seguir sin condenar asegurar que querer dejar lo ser el que haber,negative,neutral,REVISAR
felicidad por decreto consejos para superar el navidad no morir en el intento vía e_periódico,positive,negative,REVISAR
yo creer el de el barsa ser uno pasar he ver el vtr de puntopelota no me emocionar pero quitar acreditación ese no ser razonable,neutral,negative,REVISAR
si leer em ya ver como sí alguno ventaja tener que tener el desgraciado que no tener ni,positive,negative,REVISAR
ristomejide no te ir comprar tabaco sino evitar el infumable,negative,neutral,REVISAR
para joannavarro0 ser cuatrotuiteros el que nos oponer el leysinde yo so uno de el cuatro,positive,neutral,REVISAR
uno juez ordenar registrar de uno joyería de bcn para descubrir si uno confidente narco se gastar uno cuatrocientos mil euro en regalo policía,positive,negative,REVISAR
el información sobre el curso online de comunidadmadrid para el oposición de el ue estar disponible en,positive,negative,REVISAR
día fantástico patinar suspenso el que no poner carril bici patín con el asfalto adecuar en el manzanares,positive,negative,REVISAR
uno poco fuerte que el portavoz de el pnv josu_erkoreka agradecer rajoy el atención que le prestar el le recomendar extender lo,positive,negative,REVISAR
uno tribunal profesional no abrir absolver camps por josé_antonio_hernández,positive,neutral,REVISAR
mañana en jelo oda el información de el huelgageneral volver el profesor valls de esade responder duda de reformalaboral pregunta,negative,positive,REVISAR
mou enterar querer aarbeloa17 siempre titular se salir en el no capítulo ahora el sentar,positive,negative,REVISAR
el negocio lo hacer el suscriptor está hacer uno negocio con orbyt por que ni amancio_ortega ser uno,positive,negative,REVISAR
otro momento garzón portavoz de iu en economía uno figura de el debate con guindos que venir de el mundo financiero,neutral,negative,REVISAR
que estar decir el portavoz de justicia de el psoe en directo en 24h_tve que respetar el sentencia de el supremo,positive,negative,REVISAR
soria decir guindos nunca improvisar claro el de ayer estar calcular ni el gobierno ni el pp rivalizar con el club de el comedia,positive,neutral,REVISAR
rt_hoy el mil trescientos treinta cinco hablar de impuesto copago pacto fiscal en las_mañanas de cuatro con federicoquevedo elisabeni,neutral,negative,REVISAR
genial confundir grupo de jubilado con uno piquete el comercio cerrar,positive,negative,REVISAR
el prensa esperar ritmo de papel cuando hacer falta aceleración digital fjavier_galan uno nuevo negocio para el prensa,neutral,positive,REVISAR
guasas el margen sospechar que nadie saber que haber que hacer empate,negative,neutral,REVISAR
qué os parecer este logo mi confuso hortera madrid dos mil veinte veinte mil veinte vía elmundoes,negative,positive,REVISAR
últimamente me estar seguir chico con perfil bastante subir de tono en instagram para uno chico decente,negative,positive,REVISAR
pero gustar oír hablar rajoy dominar el término económico sin dudar saber el que decir de verdad ya ser hora de tener nivel,positive,neutral,REVISAR
preveyendo qué decepción,negative,positive,REVISAR
rafam_simancas se ir cumplir seis mes de el robo codecir calixtino feliz_rt mangeliso que lo seguir de cerca,positive,negative,REVISAR
no estar tan mal empezar zp hacer once año en el congreso de el psoe tener razón demostrar que poder estar peor,neutral,negative,REVISAR
ser el pretender rt mariviromero malaga eseo de difamar algo quedar me sonar ufff igual que haber crear tensión,negative,positive,REVISAR
el reto de dos mil quince sida reto para lograr uno generación libre de sida,negative,positive,REVISAR
el gobierno de marianorajoy expresar su absoluto respeto por el imputación de urdangarin teletipo de servimedia,positive,negative,REVISAR
el bbc ser uno modelo seguir incluso en el económico pero no haber valor,positive,neutral,REVISAR
chico jessi ser uno bueno niño pero haber cosa que no peder ser mejor ahora que mas tarde cada uno con su vida dios en el de todo,positive,neutral,REVISAR
si el barca querer el liga nosotros ser tan caballero se lo ceder pero mas atraco no seguir ser seis punto el liga ser blanco,positive,neutral,REVISAR
uno duda el previsión de decrecimiento de el fmi de el banco_de_españa valer igual se llevar_a_cabo uno política económico otro,positive,neutral,REVISAR
en el cumplir de octavio cincuenta dos taco los llevar b_n pero no dejar de ser uno añito felicidad,positive,negative,REVISAR
usar en cada tuit hacer que el cuernodeafrica recorrer el mundo 90mn90d,positive,negative,REVISAR
el twitter oficial de mariano_rajoy acabar de resucitar para reenviar el nota oficial de la_moncloa que ya se mandar el mil setecientos diecisiete hora,negative,positive,REVISAR
rajoy prometer decir siempre el verdad aunque duela investidura,positive,neutral,REVISAR
bueno día el domingo se presentar frío ver que más,negative,positive,REVISAR
rubalcaba recordar rajoy que deber decir el bueno se callar el malo investidura,neutral,negative,REVISAR
el gran engaño el vecino de los_arcos ciudadjardin,negative,positive,REVISAR
arenas todo el pp andaluz hacer uno magnífico labor aunque no se llegar el expectativa de el mayoría absoluto,positive,negative,REVISAR
en plan bonito porqué yo no,neutral,negative,REVISAR
ser worth para coger el bonus pero ser mucho más divertir luchar,neutral,positive,REVISAR
rt_zapatero decir que el indulto sáenz no se deber que tener deuda con botín libertadmontes,positive,negative,REVISAR
sobre españa europa_le_monde no ser bueno,negative,neutral,REVISAR
no me lo poder creer estar treinta cinco seguidor de alcanzar dllanosg concejal de nuevas_tecnologías aytosalamanca,positive,negative,REVISAR
si ve que te deslizar hacia el derecha te dejar llevar como precaución apoyar el costado en el barra de el bar,negative,positive,REVISAR
ser poco rt uno gurú de chacón agitar el enfado por el victoria sucio de rubalcaba,negative,positive,REVISAR
javierarenas_pp no me ir inventar ninguno brote verde pero trabajar cada día para no caer en ninguno brote negro,negative,neutral,REVISAR
seis esta semana el pp demostrar capacidad de respuesta problema nacional el mismo tiempo local provincial hace su trabajo,positive,negative,REVISAR
de nuevo españa ser el país donde se realizar más trasplante de el mundo en dos mil once se realizar cuatro mil doscientos uno más que en dos mil diez,positive,negative,REVISAR
el cnmv levantar el veto que prohibir el especulador aparar contra el caída de lis valor financiero el casino abrir de nuevo,negative,neutral,REVISAR
reciomanolo sin decir nada trabajadores de uno centro especial de empleo llevar cuatro mes,positive,negative,REVISAR
amigos_de_palma yes_we_spain_is_different_ya_está_aquí no os preocupar es_el_nuevo os_espero,positive,negative,REVISAR
ser pasado_mañana el de el sorayas sesión de control el miércoles rajoy_vs_rubalcaba soraya_vs_soraya,positive,negative,REVISAR
entre tanto sindicalista alfombra rojo subvencionar ver el tuits de aupacova me confirmar que el ser humano merecer el pena,positive,neutral,REVISAR
nenadaconte por mojar por el vida en uno mundo que machacar el políticamente,positive,negative,REVISAR
elnalfaro_sí en realidad no pensar ir recortar tanto la querencia ser mutuo,neutral,negative,REVISAR
cariño abrazo hoy para el víctima de el 11m difícil día difícil año durar el vida desde entonces,positive,negative,REVISAR
el clave de el éxito de el anuncio de visionlab publicidad vía elmundoes,positive,negative,REVISAR
sólo uno juez prevaricador ser el adecuar para asesorar uno gobierno como el de cristina_fernandez en argentina,neutral,negative,REVISAR
el presidente de la_rioja coincidir con el objetivo de estabilidad de el gobierno decir que el servicio público ser sagrado,neutral,negative,REVISAR
por que lo necesitar para usa me decir que el batería duro muy poco verdad rt,negative,neutral,REVISAR
cuando ir empate no deje que tu victoria subir el cabeza tu fracaso ir el,negative,neutral,REVISAR
oír no paro de decir lo pero no ser suficiente gracias todo campofrío,positive,negative,REVISAR
el concordato rubalcaba desatar el euforia con su mensaje más laico avisa el pp sobre todo el,positive,negative,REVISAR
pocho_f1 pero mclaren parecer mejora mas rápido que el año pasar en qualy mantener raya el williams en spa,positive,neutral,REVISAR
el campaña de loewe ser ya me gustar no ser de ni de quien lo hacer ahora ser patrimonio_de_la_humanidad,positive,negative,REVISAR
pedroj_ramirez el cinturón sanitario su laminado de el viejo guardia su insensato revanchismo guerra_civilista tu quoque pj vengar,negative,positive,REVISAR
pero que vida mas duro hahahaha bueno quitar le el impuesto ver en que se quedar el de trescientos mil ni te cuento,neutral,negative,REVISAR
camps perder el papel con el fiscal este vídeo el emitir en canal nueve,negative,neutral,REVISAR
yo ver como el disciplina de grupo servir en el psoe para traicionar el programa comprometer con el elector el proyecto político,negative,positive,REVISAR
artur_mas volver conseguir uno catalán no presidir el congreso en el protocolo el tres autoridad de el estado preceder el president,positive,negative,REVISAR
comer pollo que encima ser más el consumo de carne rojo poder elevar el mortalidad cardiovascular el cáncer,neutral,negative,REVISAR
el navidades cambiar el día perder alguien quien querer mucho ya nunca ser igual quizá yo carecer de el capacidad de pasar página,negative,positive,REVISAR
ristomejide la verdad ser que este leandro ser talentoso pero parecer argentino en alguno momento,positive,neutral,REVISAR
luego el amigo ser agradecer contratar ex_presidente exministro cónyuge en el oligopolio privar porque ellos lo valer,negative,positive,REVISAR
bueno día yo como el de el gobernante me creer el hacer verdad no el decir el aprobar no aplicar,positive,neutral,REVISAR
alonso también evitar exceso la prudencia aconsejar que con usted ser especialmente exigente todo muy medir,negative,positive,REVISAR
hoy el huelga ir uno éxito las calle se llenar de dignidad por el derecho laboral para que no matar oda el democracia,neutral,negative,REVISAR
hablar de propuesta nos dedicar construir destruir javierarenas_pp,neutral,positive,REVISAR
nuestro amigo benjagladiador fallecer el día de hoy llevar tiempo luchar contra el cancer buen viaje amigo,negative,positive,REVISAR
rubalcaba recordar alguno de el propuesta de rajoy de justicia central compra ya estar en marcha investidura,positive,neutral,REVISAR
el plano mayor de el pp salir con el instrucción de hacer pedagogía recortar el máximo el gasto colaborar en el reforma de el sector público,neutral,negative,REVISAR
bueno día tras el sentencia absolutorio camps decir todo el mundo el mismo si garzón ser declarar no culpable en su tres proceso,positive,neutral,REVISAR
el ayto_de_madrid pronosticar superávit en el nuevo plan saneamiento acabará en déficit como pasar con el cuatro previo,negative,positive,REVISAR
romper el regla perdonar rápido besar despacio ama sin miedo retar asta duela reconocer tu obsesión amimefunciona,positive,negative,REVISAR
fallecer el uno presidente de el era democrático de checoslovaquia,negative,positive,REVISAR
el pp calificar el presupuesto como el de uno gobierno que decir el verdad que construir que no estar hecho para el foto,negative,neutral,REVISAR
estar con mi carta de mañana creo que sera uno de mi texto con mayor trascendencia político nadie poder reprochar me no hablar claro,positive,neutral,REVISAR
tener que acabar con el paraíso fiscal que ser uno inmoralidad intolerable,negative,neutral,REVISAR
playlist para el astenia primaveral cuál os gustar más cuál falta cuál odiar,negative,positive,REVISAR
el declaración de cada día de el pp de el ceoe no ser que ir peor ser que se ir de el cuerpo social el constitución el democracia,neutral,negative,REVISAR
el esencial de el que pasar asta ahora urdangarin_la_casa_real pedir que se apartar de su negocio,positive,negative,REVISAR
por cierto no olvidar que el athleticbilbao conseguir hoy tres goyas con solo el mitad de el película,positive,neutral,REVISAR
gabicalles pedir el construcción de uno centro de salud en la_elipa poder atender cincuenta mil vecino,positive,negative,REVISAR
odon_elorza prometio imperativo legal como si ser uno batasuno nadie_de_el_psoe le amonestar,neutral,positive,REVISAR
perriestheory no_pongas_cosas_privadas ser que me molestar en serio,negative,neutral,REVISAR
su único mención lo dirigir bono el rival que saber perder el se integrar en su gobierno aplausos mucho más intenso,positive,negative,REVISAR
el mejor homenaje el trabajador asesinar el ser defender en empresa en el calle el memoria de su lucha de su logro,positive,negative,REVISAR
moderar coloquios profesor sagardoy profesor requeijo fiscal_gordillo panorama complicar haber seguir reformar sin descanso,positive,negative,REVISAR
en el día de el no haber mal que por bien no conocemos el reparto de el presupuesto de el pero faltar el patrimonio,neutral,negative,REVISAR
mañana en sesión de control el psoe aun no saber quién hacer el pregunta vicepta sdesantamaría estamos trabajar en ello decir madina,positive,negative,REVISAR
vivir el vida frenesí sexual en el de valencia,positive,negative,REVISAR
el tunecino shamira_amir vi_premio_julio_anguita_parrado uno ejemplo periodismo comprometer sin mordaza ni atadura,positive,negative,REVISAR
el casa_de_el_rey acabar de aclarar me que tomar partido el grupo propio de amaiur escuchar trasladar,negative,positive,REVISAR
nuevo medida fiscal,positive,neutral,REVISAR
hoy querer hacer otro juego de este de pero esque ser todo igual,negative,positive,REVISAR
tw ejemplo lo que el tele no enseñar no estar pasar quizás hacer diez año sí ahora tener,negative,neutral,REVISAR
se acabar fin de el zapaterismo rajoy acabar de jurar como seis presidente desde el reinstauración de el democracia,positive,negative,REVISAR
recuperar desgravación vivienda esquilmar irpf clase medio no grande fortuna recortar sanidad no gravar,positive,negative,REVISAR
tremenda charlar no saber que hacer faltar pasar por el democracia sucio para llegar el libertad epn,positive,neutral,REVISAR
pretender gestionar el cultura en madrid de forma ágil pero actuar vez como uno atajo con zona oscuro,positive,negative,REVISAR
tener nuevo información de el discriminación de el castellano en cataluña telediariointer,positive,negative,REVISAR
alemania elevar castigo fiscal por evadir el mientras rajoy amnistiar delincuente defraudador paraíso fiscal infierno social,negative,neutral,REVISAR
mgilguerrero alonso_dm entiendo perfectamente el que decir,positive,negative,REVISAR
dar moco quien no tener argolla en el,positive,negative,REVISAR
si camps no tener prueba pagar el traje como parecer ver ahora hacer el jurado habrá debate con mrtfernandez,negative,neutral,REVISAR
amaiur proponer el resolución definitivo de el conflicto político empezar por el política penitenciario reconoce oda el víctima,neutral,negative,REVISAR
el capitán de el costa_concordia decir que no huir de el crucero sino se caer en uno bote salvavidas cada vez que hablar subir el pan,neutral,negative,REVISAR
srhador_no estar de acuerd retwitteo cuando creer conveniente pero aportar mi opinión citar divulgar así seguir enekohumor,negative,positive,REVISAR
el único verdad ser que no haber cuenta solo deuda que pagar ahora jamonago,positive,neutral,REVISAR
el gobierno nombrar víctor_garcía_de_la_concha director de el instituto_cervantes confirmar como fiscal general de el estado,positive,negative,REVISAR
javiturpeiro ese decir mucho de él así que nada tomate tú tiempo que cuando estar preparar todo llegar,neutral,positive,REVISAR
oír que no so presidente de el banco_mundial_espero que no tener tomate en el calcetín feliz vuelta,positive,negative,REVISAR
aqui tener el información sobre el iniciativa popular la_iniciativa_ciudadana_europea fondo vía europarl_fr,positive,negative,REVISAR
gracias_rt catalán que pensar el mismo que vosotros no os amedrentar ante insulto amenaza segundo nacionalista,positive,negative,REVISAR
cuando llevar uno tiempo sin correr no haber mejor manera que poner en marcha el máquina inscribir te en uno carrera atope reto,negative,neutral,REVISAR
ser que ver anoche el peli pero el paso de chacón recordar el de thatcher cuando se proponer liderar su partido no lo comparar,positive,neutral,REVISAR
creer que en el seis no deber ni decir lo rt alejandrosanz_en_que_canal,positive,negative,REVISAR
ppandaluz asumir el pacto sagrado de recortar el necesario en sanidad educación servicio social,positive,neutral,REVISAR
no hacer verdadero igualdad mientras el maternidad no se reconocer como uno derecho de el mujer uno bien de oda,negative,neutral,REVISAR
tres ello nos permitir ser más competitivo así poder exportar más así crear más empleo salir antes el crisis nos jugar mucho,positive,negative,REVISAR
bueno día vamos por este frío lunes,negative,positive,REVISAR
día difícil para extremadura el pp nos mandar el ave dos mil veinticuatro nos quedar sin energía renovable sin plazo gracias_rajoy gracias_monago,positive,negative,REVISAR
querer uno país en donde se tirar huevo el gente aunque estar imputar aunque santo culpable aunque no lo ser yo no,neutral,negative,REVISAR
uno federicoquevedo azoteliberal_no militar pero,negative,positive,REVISAR
el mayoría absoluto rajoy avisar el no ir ser fácil haber que cuidar el partido explicar bien el decisión,positive,neutral,REVISAR
ser muy con sentido común sobre garzón el porqué de uno sentencia ridao el_pais,positive,negative,REVISAR
destruir el favor somosatleti ser_atletico sergiomedina80 segundaspartes,negative,positive,REVISAR
erradicar hacer cincuenta año volver las chinche de cama ese insecto diminuto se alimentar de sangre humano estar de nuevo en españa,negative,positive,REVISAR
rt cambio comprar barato spanair uno te hacer perder pero como pagar el populacho nacionalismoescrisis,negative,neutral,REVISAR
me parecer bochornoso hacer rts de comentario ser tan fácil caer en el tentación,neutral,negative,REVISAR
cuántos día trabajar el año para el estado no el calculadora aun no estar,negative,neutral,REVISAR
rt santiagocervera repetir su sí para no haber duda,positive,neutral,REVISAR
bueno noche pesar el resultado no dar nada por perder aun quedar el que prometer ser uno vuelta de copa muy intenso halamadrid,positive,negative,REVISAR
el generalitat cerrar su embajada en argentina para ahorrar podían empezar por ahí todavía quedar mucho por cerrar,positive,negative,REVISAR
el portada de em incluir uno exclusiva sobre el caso campeón uno noticia muy importante sobre el ue uno documento de celtiberia_show,positive,neutral,REVISAR
el zeja apoyar el huelga de el genial uno día sin aguantar su soflama propagandístico,neutral,negative,REVISAR
el crisis hacer la familia ya ser tan importante como el salud para el español,negative,neutral,REVISAR
estar contra el amnistía fiscal primero razón morales dos pagar uno peaje de el estar el espocomotivador,neutral,negative,REVISAR
exclusivo sobre el tema de el eres en andalucía_socios de el exclusivo de,positive,negative,REVISAR
rajoy confirmar que no tocar el edad de jubilación porqué estar en el plan de estabilidad presentar por el gobierno español europa,positive,negative,REVISAR
hahahahahagagahahahahahajaha estherpalomera rtve el derechismo de tve estar ser insoportable casi casi,negative,positive,REVISAR
el enlace correcto de,positive,negative,REVISAR
tu ser tonto te parecer remedios_buscas amigo busca novio,negative,positive,REVISAR
haber organización donde el requisito para ascender ser el lealtad con quien manda se poder ser competente pero no ser requisito,positive,negative,REVISAR
tanto sad tanto sad pues yo también estar muy ad hoy,negative,positive,REVISAR
el cámara marroquí se abalanzar sobre el presidente rajoy benkiran curiosa forma de trabajar,positive,negative,REVISAR
rt nachoprendes ser que el cabra tirar el monte,positive,negative,REVISAR
rt agencia reuters buscar becario remunerar periodismo empleo vía mongejuanjose,negative,positive,REVISAR
ayllón relaciones con el cortes mtinez_castro comunicación el esperar cmin,negative,positive,REVISAR
patio por hoy ya estar en uno ratio el estrépito de el luz que se el ocho medio el hora_de_el_planeta salud,positive,negative,REVISAR
simeone dimisión ya dicho_queda,negative,positive,REVISAR
de el novedad fiscal de mañana solo el deducción de vivienda ser de el aprobar el pero con efecto retroactivo,negative,neutral,REVISAR
por fín se hacer el_gobierno indultar montes para contrarrestar el polémica de saenz vía semanaldigital,neutral,negative,REVISAR
todo el diputado estar en curso universitario patrocinar por cajas empresa debemos inhibir nos en ley que ser afectar,negative,positive,REVISAR
el gobierno deber gestionar sin duda estar obligar ejercer uno liderazgo social político generar ilusión confianza,positive,negative,REVISAR
mas advertir que hacer segundo para conseguir pes su cargo autonómico,negative,positive,REVISAR
tiene_buena_pinta vía marodriguezb,positive,negative,REVISAR
no saber si conocer nuevo imagen jesús_despojado que se incorporar semana_santa_salamanca interés_turístico_internacional,negative,positive,REVISAR
no ver nunca el tele te interesar el decir fgonzalez en salvados opinión te merecer el programa en general,positive,neutral,REVISAR
el jurado también declarar inocente ricardo_costa el no considerar probar que recibir regalo su cargo,positive,negative,REVISAR
el largo camino el aceptación de el mercado emergente,positive,negative,REVISAR
cruzar el dedo lo intentar por todo el medio aunque lo tener,negative,positive,REVISAR
el tres en el amable despedida entre rajoy la_moncloa no tener inquilino veinticuatro hora,positive,negative,REVISAR
estar población mundial dos mil once con retraso merecer el pena leer lo,negative,positive,REVISAR
xq alguno ser molesto lglesia celebrar uno misa de familia xq no poder tolerar el hecho religioso xq haber anta cristiano_fobia,neutral,negative,REVISAR
este estar que arder en veinte minuto empezar merendolatwitera twitcam live de el evento llamar le de alguno modo,positive,negative,REVISAR
con el médico el recién nacer con ese de ser todo fibra elástico lo manejar como marioneta,negative,positive,REVISAR
oír hoy alguno celebrar el pepa me producir el mismo estupor que cuando en mil novecientos noventa tres aznar decir leer admirar azaña,positive,negative,REVISAR
rt fgarea_me extraña forma de entender el liderazgo tan parecer uno monje de,negative,positive,REVISAR
bdías expectación ante el acto de chacon el manifa de bildu estar con el hablar claro pero sin añadir acidez el desconcierto,neutral,negative,REVISAR
piercetheidiot ya lo saber pobre uno te acompañar en el feels,negative,positive,REVISAR
rt_hoy buenafuente estar en otramovida yo no me lo perder,positive,negative,REVISAR
rbcb pedir uno gran debate nacional sobre ingreso_y gasto entre recortar sanidad defensa el psoe apostar segundo,neutral,negative,REVISAR
redefinir cartera de servicio mínimo significar elminar alguno de estar lista vía corallarrosa,negative,neutral,REVISAR
explosivo comienzo de llull pero sada le defender mejor que marcelinho no entender por que no salir navarro ahí estar,neutral,negative,REVISAR
el de el que votar en em ser decir que no secundar el huelga el que sí hagan su qué seguimiento tener,negative,neutral,REVISAR
me dar por ordenar libro el sacar de el estantería montar uno pifostio de cuidado,positive,negative,REVISAR
me contar uno de el firmante de el manifiesto que esperar el debate para que el de rubalcaba no criticar el momento,positive,negative,REVISAR
astroymas lo necesitar se me acabar de romper snifff snifff gran podcast saludo desde coruña,negative,positive,REVISAR
petonets_rt_bona tardar alejandrosanz_petonets de barna,positive,negative,REVISAR
carmenmorodo ahora empezar de el contigo por el que hacer falta aunque me tener abandonar,negative,neutral,REVISAR
el dia reyes estar ser muy difícil para padre con hijo no poder cumplir su sueño xq perder trabajo el regalo ser trabajar,negative,neutral,REVISAR
mucho fuerza para todo ese niño con cáncer que estar luchar en este momento uno recuerdo para el no poder salir,negative,positive,REVISAR
curiosidaddelinsomne hoy se cumplir treinta uno año de el cuántos más deber pasar para que se desclasificar documento grabación,positive,negative,REVISAR
casa_real urdangarin no cobrar nada de casa decilitro rey cristina le pasar parte de el suyo tienen separación de bien,neutral,negative,REVISAR
fgarea_puede que ser uno frase preparar pero ser uno gol,negative,neutral,REVISAR
los aficionado que lo tener en el recuerdo ser el que poder decir quien ganar cada uno de ese carrera gran enfoque,positive,neutral,REVISAR
soraya anunciar transparencia qué ser el que querer telediariointer,positive,negative,REVISAR
le preguntar rubalcaba si hacer acuerdo con el vamos esperar el lunes que rajoy bajar el balón que ya ser hora,positive,negative,REVISAR
el banca ser el institución en el que menos confiar el español el cis el ong segundo en el que más politicos medio andar el par,neutral,negative,REVISAR
en el cadena_de_mujeres de evencon2tacones,positive,negative,REVISAR
bdías estar españa creer que el decisión de renovar el cúpula policial ser uno de el mejor de el nuevo gobierno no,positive,neutral,REVISAR
el dejo de momento que tener trabajar ya el libro menos el no se escribir solo mi editor ser follower,positive,neutral,REVISAR
que pánico este noche en radio_nacional el fgarea qué,negative,positive,REVISAR
si el ciento cuarenta mil se facilitar el banca en aval saneamiento se invertir en el economía real no abrir paro,positive,negative,REVISAR
pues sí aunque anta vez no lo parecer lo decir muy grande enorme potencial federicoquevedo joelareina,positive,neutral,REVISAR
rajoy_organismos regulador se ir cambiar el ley para que santo más independiente ese decir,positive,negative,REVISAR
mi último columna de el año en larazon fisioterapia choque irpf el que se nos venir encima gracia psoe,positive,negative,REVISAR
me estar pelear contigo con anta pasión que no estar para guerra,positive,neutral,REVISAR
bonus hoy el valiente artículo de carlos_elordi sobre el caso urdangarín el monarquía,positive,negative,REVISAR
investidurarajoy desaparecer el nubarrón levantar el cabeza llegar el día olvidar el sacrificio,negative,positive,REVISAR
mi solidaridad con el fotógrafo me reprochar el responsable de actuación de vergüenza,neutral,positive,REVISAR
pp psoe alabar fraga por su actuación democrático,positive,negative,REVISAR
cambio de hábito en el cesta de el compra por el menos pescado fresco más patata el menos en málaga mañana en 20m allí,negative,positive,REVISAR
nacer en sevilla uno bebé que poder salvar su hermano demasiado tarde para griñán en cuarenta día no le dar tiempo salvar le el junta,positive,negative,REVISAR
todo mi trabajo de hoy ir por rafam_simancas juareztoros paco_aguado el maestro joselito es duro estar sin,negative,positive,REVISAR
en el mesa de mrtfernandez para hablar de todo todo con el compañero as también de si todo tener ser,negative,positive,REVISAR
yo creer nadie pagar aunque barato xq preferir el gratis no haber cultura de el valor de el cosa en general megaupload asínosva,negative,neutral,REVISAR
el gobierno anunciar su apoyo madrid para organizar el juegos_olímpicos de dos mil veinte decir que así impulsar el marca españa servimedia,positive,negative,REVISAR
rajoy reforma fiscal modificación iva para que pymes autónomo no pagar asta que cobrar el factura investidura,positive,negative,REVISAR
seguir igual,negative,positive,REVISAR
contar atrás para el fin de el desconexión aunque el gobierno me lo poner difícil,negative,neutral,REVISAR
reforma laboral amplio equilibrar avanzar en flexibilidad movilidad reducir dualidad la concreción el viernes,positive,negative,REVISAR
foster hacer el estación de el ave_de_ourense seguro que salir mucho más barato que calatrava que cobrar diez millones de de camps uno maqueta,positive,negative,REVISAR
muy la batalla de el trolls,positive,negative,REVISAR
si saber el que haber que hacer no te dejar en uno asunto muy grave sencillamente te ir lo otro ser,negative,neutral,REVISAR
te decir que me parecer tú peor peli que sentar que no saber trabajar con uno guión ajeno me encantado,negative,neutral,REVISAR
el editorial acabar de comunicar me que hacer uno edición de elprimernaufragio para reyes el estar agotar se,negative,positive,REVISAR
hoy cerrar el centro_de_especialidades_de_fuencarral_como decir pedro_zerolo el ayuntamiento_de_madrid ser responsable,positive,negative,REVISAR
bueno día me asomo el patio uno momento pero no pensar entregar el hora de sueño que nos robar no sin pelear lo de el cama no salir,positive,negative,REVISAR
el bondad de lis político se demostrar liderar no llorar el medida necesario para salir de el crisis creer yo,positive,negative,REVISAR
si tú pareja te traer zero tú tomar light creer no te querer el suficiente tamara_falcó en vanity_fair,negative,positive,REVISAR
mary ___ says no te ir criticar por subir uno video desagradable pero te invitar que vaya cuba te quedar uno tiempo ver que tal,negative,neutral,REVISAR
tambien llegar el velatorio de botella pascual_sala el ministro de exterior industria,positive,negative,REVISAR
el pp querer renovar ya el órgano el psoe no tener prisa,positive,negative,REVISAR
cosa que dar mal que bankia te mandar uno milisegundo de usted para felicitar le su cumpleaños,negative,positive,REVISAR
me explotar uno vaso en el mano que forma tan bonito de empezar el día,negative,positive,REVISAR
gerald_brenan en madrid el que ver ser uno raza sombrío paticorta que charlar grito asta el dos de el madrudada,negative,positive,REVISAR
ristomejide ver tsqv alguno vez te emocionar sí claro cuando acabar me henchir llorar,negative,neutral,REVISAR
frases para no olvidar mariano yo no so partidario de el copago en sanidad,positive,neutral,REVISAR
último noticia sobre miguelmontes_parece que el libertad_monte se cumplir,positive,negative,REVISAR
no acato ni respeto el utilización de el derecho para negar el justicia somos también de el radical enemigo no nos ir laponia,negative,neutral,REVISAR
juanmoscosodelp proponer que nuestro cargo rendir cuenta periódicamente que uno político uno sueldo,positive,negative,REVISAR
camino_de_las_i_de_la_ayuda democracia actuales_de_la_cooperación_española en caixaforum_os contar,positive,negative,REVISAR
no se perder el vídeo de shakira interpretar su hit je_mourir en el premio nrj_shakirahq,positive,negative,REVISAR
de el tracatrá de el tren el matraca de el herencia recibir hoy marianorajoy ensalzar el de el dos mil cuatro ese crecimiento tóxico que acabar así,positive,negative,REVISAR
hoy ya ser día once en españa hoy me doler españa mas que nunca mi alma llorar por tan doloroso dia noolvidamos,negative,positive,REVISAR
el publi masa marquesina distinguir hombre mujer cambiar el mensaje dentro poco reconocer estado ánimo,negative,positive,REVISAR
rt_por_favor compartir estar petición abuso animal sin_escrúpulos en ucrania_por_la_eurocopa de dos mil doce,negative,positive,REVISAR
nadie tener nada contra el grande superficie pero el árbitro no poder jugar favor madrid tener ya uno gran liberalización,negative,positive,REVISAR
cada vez que no se querer cumplir con el ética el ley se ser ocurrir uno reforma de el código penal legislación populista simbólico,negative,neutral,REVISAR
rosa_díez citar savater sonreír desde el escaño de amaiur,positive,negative,REVISAR
el ministro wert ser el prueba de que ser uno bueno tertuliano no ser garantía de nada ni te hacer más prudente,positive,neutral,REVISAR
jajjaja odio oliver benji con su horizonte infinito su cámara lento asi cualquiera rt,negative,positive,REVISAR
congrats el malofiej de el infografía premiar el análisis electoral de rtve ser,positive,negative,REVISAR
tristezas de estar en el oposición comienza el rueda de prensa de el consejo_de_ministros en sevilla espera ir ver que pasar,negative,positive,REVISAR
curioso que interior no mediar en el nombramiento de el delegado de el gob todo cospedal soraya con el líder regional de el pp,positive,negative,REVISAR
oír luciaskaa te poner hablar con josecs02 como en el viejo tiempo no avisar crisdazgar,negative,neutral,REVISAR
garcia_abadillo no entender xq_montoro insinuar cosa ser el tele plural independiente antonomasia no haber orar igual en el mundo,neutral,negative,REVISAR
cospedal señalar que el pp se reorganizar porqué ahora ser uno partido de gobierno el que haber que dar_apoyo político,positive,negative,REVISAR
rajoy informar el cúpula de el pp de su plan económico pero nadie comparecer porqué ser asunto interno nuevos tiempo,positive,neutral,REVISAR
sólo ver nuestro tropa en el exterior en misión de paz interposición con aceptación de ambos parte no como en iraq afganistán,negative,positive,REVISAR
de verdad no haber nadie en españa capaz de pintar bono menos de hacer foto marín menos vamosamorirtodos,negative,neutral,REVISAR
se me acabar de caer uno tranquilo el fan de sergio_ramos os soler pasar,neutral,positive,REVISAR
rafam_simancas ahh ser que justo estar ver el modelo no entender,positive,negative,REVISAR
así sera con este asta esclarecer lo todo grande atentado se investigar mucho,negative,positive,REVISAR
chacón responder el dardo con el táctica nunca ir yo decir de rubalcaba restar credibilidad su oferta de integración,neutral,negative,REVISAR
insistir creer que ser el uno vez que uno texto tan largo se leer de forma tan enérgico convincente investidura,positive,negative,REVISAR
teogarciaegea paconadal de nuevo encantar mi tampoco me gustar ese titular tendencioso pero tampoco el oponer saludos,neutral,positive,REVISAR
bdías ser alentador comprobar como uno juez íntegro comprometer con el víctima prosperar costa de uno oportunista,positive,negative,REVISAR
ser el uno que estar contra el despilfarro el privilegio pero me negar que nuestro diputado tener que escribir boli bic,neutral,negative,REVISAR
el de urdangarin poder ser el gran chorizada ese haber tirar le huevo no creer bueno mezclar churro con merino,negative,positive,REVISAR
no el sabio gracias rt sevillajordi esa ser uno frase que se encontrar el poeta jorge_enrique_adoum en uno pared de quito,positive,negative,REVISAR
haber que expulsar el vándalo de el espacio público para que el ciudadano ejercer su derecho legítimo en libertad convivencia,positive,negative,REVISAR
solo así gobernar se le acercar para tienes que ver te con pujol te lo,positive,neutral,REVISAR
que bueno noticia rt_primer concierto en que no poder sacar mi cámara porqué no,positive,negative,REVISAR
ver si nos entender yo defender candidatura alfredo que creer ser el mejor para el psoe pero rechazo criticar el orar candidatura,neutral,positive,REVISAR
reformalaboral estar ser el reforma para el empleo estable el contrato indefinido se modificar para hacer lo mas atractivo,positive,negative,REVISAR
rajoy presentar el corrección de bruselas como uno respaldo su reforma cree racional asequible el duro recorte que nos imponer,neutral,negative,REVISAR
